{"type": "FeatureCollection", "features": [{"type": "Feature", "properties": {"fid": 10.0, "DN": 3, "area_m2": 164.83, "dep_m2": 0.820000000065193, "categorie": "Vigueur moyenne", "cause_pro": "aucun stress", "recomm": "Appliquer dose normale d'entretien", "legende": "Vigueur moyenne : appliquer la dose normale d'entretien", "superf_ha": 0.0165}, "geometry": {"type": "MultiPolygon", "coordinates": [[[[2.3295736, 6.3971386], [2.3295799, 6.3971444], [2.3295672, 6.397144], [2.3295713, 6.3971485], [2.3295894, 6.3971449], [2.3296007, 6.397135], [2.3295984, 6.3971444], [2.3296052, 6.3971399], [2.3296029, 6.3971345], [2.329612, 6.3971386], [2.3296165, 6.3971268], [2.329612, 6.3971182], [2.3296066, 6.3971218], [2.3296129, 6.3971273], [2.3296084, 6.3971291], [2.3296002, 6.397125], [2.3296048, 6.39712], [2.3295984, 6.3971223], [2.3296021, 6.3971169], [2.3296002, 6.3971167], [2.3295998, 6.3971096], [2.3296012, 6.397116], [2.3296107, 6.3971128], [2.3296057, 6.3971033], [2.3295962, 6.3971083], [2.329603, 6.3970956], [2.3295953, 6.3971051], [2.3295908, 6.397101], [2.3295862, 6.3971105], [2.3295863, 6.3970951], [2.3295908, 6.3970938], [2.3295899, 6.3970988], [2.3295949, 6.3970933], [2.3295881, 6.3970924], [2.3295881, 6.3970847], [2.329575, 6.3970906], [2.3295727, 6.3970838], [2.3295664, 6.397087], [2.3295673, 6.3970951], [2.3295727, 6.3970897], [2.3295632, 6.3971032], [2.3295736, 6.3970969], [2.3295799, 6.3971064], [2.3295709, 6.3971087], [2.3295691, 6.3971028], [2.3295677, 6.3971091], [2.3295573, 6.39711], [2.3295627, 6.3971109], [2.3295578, 6.3971177], [2.3295623, 6.3971159], [2.3295627, 6.3971222], [2.329565, 6.3971182], [2.3295668, 6.3971254], [2.3295772, 6.3971205], [2.3295785, 6.3971245], [2.3295645, 6.3971299], [2.3295636, 6.3971385], [2.3295695, 6.397129], [2.3295699, 6.3971408], [2.3295736, 6.3971386]], [[2.3296, 6.3971166], [2.3295899, 6.3971155], [2.3295935, 6.397111], [2.3296, 6.3971166]]], [[[2.3295797, 6.3968989], [2.3295847, 6.3968975], [2.3295802, 6.3969016], [2.3295833, 6.3969057], [2.3295883, 6.3969007], [2.3295856, 6.3968948], [2.3295797, 6.3968989]]], [[[2.3295795, 6.3969112], [2.3295842, 6.3969129], [2.3295838, 6.3969061], [2.3295795, 6.3969108], [2.3295797, 6.3969084], [2.3295752, 6.3969106], [2.3295793, 6.3969138], [2.3295795, 6.3969112]]], [[[2.3295433, 6.3970856], [2.329551, 6.3970901], [2.3295488, 6.3970928], [2.3295614, 6.3970928], [2.3295607, 6.3970811], [2.3295623, 6.3970784], [2.3295632, 6.3970847], [2.3295705, 6.3970843], [2.3295682, 6.3970752], [2.3295641, 6.3970766], [2.3295727, 6.3970698], [2.3295659, 6.3970734], [2.3295623, 6.3970653], [2.3295697, 6.3970587], [2.3295705, 6.3970626], [2.3295805, 6.3970445], [2.3295768, 6.3970431], [2.3295818, 6.3970436], [2.3295823, 6.3970336], [2.3295687, 6.3970458], [2.3295642, 6.3970377], [2.3295578, 6.3970562], [2.3295642, 6.3970535], [2.3295645, 6.3970586], [2.3295565, 6.3970598], [2.3295506, 6.397068], [2.3295488, 6.3970603], [2.3295474, 6.3970684], [2.3295519, 6.3970702], [2.329546, 6.3970765], [2.3295542, 6.3970716], [2.3295433, 6.3970856]], [[2.329567, 6.3970582], [2.3295693, 6.3970566], [2.3295695, 6.3970578], [2.329567, 6.3970582]]], [[[2.329457, 6.3970936], [2.3294642, 6.397085], [2.3294583, 6.3970936], [2.3294687, 6.397095], [2.3294651, 6.3971049], [2.3294714, 6.3971], [2.3294827, 6.3971059], [2.329485, 6.3970982], [2.3294769, 6.3970964], [2.3294787, 6.3970878], [2.3294705, 6.3970882], [2.3294791, 6.3970864], [2.3294742, 6.3970841], [2.3294769, 6.3970728], [2.3294683, 6.3970778], [2.3294751, 6.3970651], [2.3294719, 6.3970679], [2.3294692, 6.3970615], [2.329471, 6.3970683], [2.3294547, 6.3970724], [2.3294575, 6.3970656], [2.3294683, 6.3970638], [2.3294688, 6.3970552], [2.3294507, 6.397057], [2.3294557, 6.3970475], [2.3294493, 6.3970461], [2.329457, 6.3970394], [2.329457, 6.3970448], [2.3294665, 6.3970412], [2.3294711, 6.3970348], [2.3294684, 6.3970249], [2.3294765, 6.3970172], [2.3294846, 6.3970199], [2.3294837, 6.3970258], [2.3294887, 6.3970231], [2.3294873, 6.3970358], [2.3294914, 6.3970376], [2.3294964, 6.3970254], [2.3294995, 6.3970317], [2.3295095, 6.3970308], [2.3295004, 6.3970417], [2.3294923, 6.3970417], [2.32949, 6.3970484], [2.3295018, 6.3970457], [2.3294932, 6.3970484], [2.3294995, 6.3970489], [2.3294986, 6.3970561], [2.3295049, 6.3970466], [2.3295126, 6.3970566], [2.3295149, 6.3970516], [2.3295208, 6.3970553], [2.3295248, 6.3970403], [2.3295298, 6.397044], [2.3295257, 6.3970507], [2.329533, 6.3970435], [2.329528, 6.3970354], [2.329519, 6.3970349], [2.3295249, 6.3970272], [2.3295411, 6.3970263], [2.3295344, 6.3970236], [2.3295375, 6.397015], [2.329533, 6.3970092], [2.3295371, 6.3970119], [2.3295498, 6.3970019], [2.3295498, 6.3969866], [2.3295543, 6.3969807], [2.3295611, 6.3969834], [2.3295561, 6.3969771], [2.3295607, 6.3969739], [2.3295584, 6.3969789], [2.3295629, 6.3969748], [2.3295638, 6.3969798], [2.3295711, 6.3969644], [2.3295539, 6.3969739], [2.3295444, 6.3969694], [2.3295485, 6.3969649], [2.3295394, 6.3969653], [2.3295575, 6.3969576], [2.3295543, 6.3969531], [2.3295589, 6.3969531], [2.3295625, 6.3969396], [2.3295571, 6.3969332], [2.3295621, 6.3969314], [2.329563, 6.3969386], [2.3295721, 6.3969213], [2.3295679, 6.3969251], [2.3295589, 6.3969233], [2.3295612, 6.3969147], [2.3295462, 6.3969246], [2.3295463, 6.3969192], [2.329539, 6.3969214], [2.3295408, 6.3969305], [2.3295359, 6.3969205], [2.3295277, 6.3969287], [2.3295191, 6.3969277], [2.3295205, 6.3969336], [2.3295132, 6.3969345], [2.3295033, 6.396953], [2.3294942, 6.3969571], [2.3294512, 6.3970099], [2.3294584, 6.3970172], [2.3294534, 6.3970194], [2.3294516, 6.3970122], [2.3294498, 6.3970262], [2.3294435, 6.3970312], [2.3294516, 6.3970262], [2.3294561, 6.3970299], [2.3294403, 6.3970402], [2.3294453, 6.397047], [2.3294502, 6.3970421], [2.329448, 6.3970502], [2.3294421, 6.3970511], [2.3294493, 6.3970543], [2.3294412, 6.3970552], [2.3294462, 6.3970619], [2.3294371, 6.3970696], [2.3294407, 6.3970705], [2.3294294, 6.3970891], [2.3294398, 6.3970841], [2.3294402, 6.3970922], [2.329457, 6.3970936]], [[2.3295335, 6.3970015], [2.3295493, 6.3969947], [2.3295366, 6.3970083], [2.329538, 6.3970019], [2.3295335, 6.3970015]], [[2.3295001, 6.3969851], [2.3295105, 6.396982], [2.3295254, 6.3969861], [2.3295308, 6.3969798], [2.3295191, 6.3969793], [2.3295299, 6.3969653], [2.3295259, 6.396958], [2.3295453, 6.3969517], [2.3295367, 6.3969581], [2.3295412, 6.3969635], [2.3295281, 6.3969716], [2.329543, 6.3969694], [2.3295349, 6.396973], [2.329538, 6.3969764], [2.3295349, 6.3969793], [2.3295389, 6.3969798], [2.3295353, 6.3969924], [2.3295317, 6.396982], [2.3295294, 6.3969883], [2.3295227, 6.3969879], [2.3295222, 6.3969956], [2.32951, 6.3969942], [2.329505, 6.3970001], [2.329496, 6.3969942], [2.3295001, 6.3969851]], [[2.3295167, 6.3970326], [2.3295109, 6.3970236], [2.3295027, 6.3970277], [2.3295081, 6.3970231], [2.3295036, 6.3970168], [2.3295072, 6.39702], [2.3295054, 6.397015], [2.3295095, 6.3970182], [2.3295145, 6.3970136], [2.3295181, 6.3970191], [2.3295249, 6.3970128], [2.3295231, 6.397029], [2.3295167, 6.3970326]], [[2.3295104, 6.3970417], [2.329514, 6.3970458], [2.3295086, 6.3970503], [2.3295104, 6.3970417]], [[2.329509, 6.3970358], [2.3295131, 6.3970295], [2.3295135, 6.3970372], [2.329509, 6.3970358]], [[2.3294511, 6.3970864], [2.3294606, 6.3970832], [2.3294543, 6.3970913], [2.3294511, 6.3970864]]], [[[2.3295729, 6.3969205], [2.3295725, 6.396926], [2.3295779, 6.3969265], [2.3295802, 6.3969138], [2.3295729, 6.3969205]]], [[[2.329572, 6.3969097], [2.3295693, 6.3969029], [2.3295752, 6.396902], [2.3295738, 6.3969003], [2.3295788, 6.3968984], [2.3295716, 6.3968966], [2.3295722, 6.3968983], [2.3295711, 6.3968971], [2.3295698, 6.396902], [2.3295639, 6.3968998], [2.329572, 6.3969097]]], [[[2.329563, 6.3969165], [2.3295648, 6.3969224], [2.3295684, 6.3969147], [2.329563, 6.3969165]]], [[[2.3295525, 6.3971041], [2.3295578, 6.3970983], [2.329556, 6.397106], [2.3295614, 6.3971032], [2.3295623, 6.3970901], [2.3295614, 6.3970996], [2.3295533, 6.3970937], [2.3295483, 6.3970974], [2.3295525, 6.3971041]]], [[[2.3295492, 6.3970598], [2.3295547, 6.3970576], [2.329556, 6.3970455], [2.3295597, 6.3970467], [2.3295592, 6.3970408], [2.3295542, 6.3970449], [2.3295556, 6.3970454], [2.3295452, 6.3970557], [2.3295524, 6.3970535], [2.3295492, 6.3970598]]], [[[2.3295596, 6.3971195], [2.3295519, 6.3971227], [2.3295559, 6.3971186], [2.3295528, 6.3971132], [2.3295482, 6.3971236], [2.3295541, 6.3971281], [2.3295523, 6.3971236], [2.3295596, 6.3971195]]], [[[2.3295448, 6.3970365], [2.3295434, 6.3970354], [2.3295429, 6.3970422], [2.3295479, 6.397039], [2.3295455, 6.3970371], [2.3295583, 6.3970359], [2.3295502, 6.3970359], [2.3295556, 6.39702], [2.3295497, 6.3970264], [2.3295502, 6.39702], [2.3295443, 6.3970218], [2.3295398, 6.3970295], [2.3295452, 6.3970304], [2.3295448, 6.3970365]]], [[[2.3295384, 6.3970241], [2.329547, 6.3970169], [2.3295357, 6.3970205], [2.3295384, 6.3970241]]], [[[2.329542, 6.3970648], [2.3295438, 6.3970693], [2.3295456, 6.3970625], [2.3295375, 6.3970589], [2.3295379, 6.3970716], [2.329542, 6.3970648]]], [[[2.3295447, 6.3970535], [2.3295402, 6.3970485], [2.3295366, 6.397058], [2.3295447, 6.3970535]]], [[[2.3295429, 6.397086], [2.3295397, 6.3970756], [2.3295379, 6.3970815], [2.329532, 6.3970765], [2.3295329, 6.3970838], [2.3295429, 6.397086]]], [[[2.3295307, 6.3970847], [2.3295302, 6.3970892], [2.329537, 6.3970874], [2.3295307, 6.3970847]]], [[[2.3295321, 6.3970336], [2.3295312, 6.3970277], [2.3295262, 6.3970299], [2.3295321, 6.3970336]]], [[[2.3294774, 6.3970507], [2.3294801, 6.3970444], [2.3294706, 6.3970471], [2.3294697, 6.3970421], [2.3294774, 6.3970385], [2.3294792, 6.3970434], [2.3294801, 6.3970419], [2.3294887, 6.3970484], [2.32949, 6.3970371], [2.3294864, 6.3970439], [2.329486, 6.3970394], [2.3294806, 6.3970408], [2.3294842, 6.3970344], [2.3294724, 6.3970371], [2.3294738, 6.3970294], [2.3294674, 6.397043], [2.3294728, 6.3970629], [2.3294814, 6.397052], [2.3294774, 6.3970507]]], [[[2.3294895, 6.3971059], [2.3294877, 6.3971004], [2.329485, 6.3971059], [2.3294895, 6.3971059]]], [[[2.3294814, 6.3970796], [2.3294841, 6.39709], [2.3294877, 6.397081], [2.3294814, 6.3970796]]], [[[2.3294399, 6.3970208], [2.329434, 6.3970375], [2.3294439, 6.3970348], [2.3294408, 6.3970271], [2.3294448, 6.3970253], [2.3294394, 6.397023], [2.3294494, 6.3970208], [2.3294399, 6.3970208]]], [[[2.3294385, 6.3970411], [2.3294322, 6.3970411], [2.3294322, 6.3970484], [2.3294385, 6.3970411]]], [[[2.3294294, 6.397071], [2.3294204, 6.3970863], [2.3294281, 6.3970768], [2.3294312, 6.3970823], [2.3294294, 6.397071]]], [[[2.3294127, 6.3970773], [2.3294204, 6.3970746], [2.3294195, 6.3970809], [2.3294213, 6.3970741], [2.3294262, 6.3970755], [2.3294249, 6.3970588], [2.3294204, 6.3970674], [2.3294249, 6.3970655], [2.3294127, 6.3970773]]], [[[2.3294141, 6.397071], [2.3294086, 6.3970737], [2.3294145, 6.397075], [2.3294141, 6.397071]]], [[[2.3294086, 6.3970651], [2.3294086, 6.3970732], [2.3294113, 6.3970664], [2.3294186, 6.3970655], [2.3294086, 6.3970651]]]]}}, {"type": "Feature", "properties": {"fid": 11.0, "DN": 3, "area_m2": 1039.9, "dep_m2": 3.797500000171567, "categorie": "Vigueur moyenne", "cause_pro": "aucun stress", "recomm": "Appliquer dose normale d'entretien", "legende": "Vigueur moyenne : appliquer la dose normale d'entretien", "superf_ha": 0.104}, "geometry": {"type": "MultiPolygon", "coordinates": [[[[2.3302028, 6.3971932], [2.3302028, 6.3972004], [2.3301987, 6.3971995], [2.3302041, 6.3972036], [2.3302046, 6.3971832], [2.3301942, 6.3971823], [2.3302001, 6.3971868], [2.3301978, 6.3971954], [2.3302028, 6.3971932]]], [[[2.3301306, 6.3970665], [2.3301311, 6.3970615], [2.330141, 6.3970692], [2.3301338, 6.3970773], [2.3301275, 6.397071], [2.3301324, 6.3970805], [2.3301275, 6.3970787], [2.330122, 6.3970891], [2.3301324, 6.3971004], [2.3301383, 6.3970886], [2.3301414, 6.3970932], [2.3301423, 6.3971013], [2.3301378, 6.3971026], [2.3301365, 6.3970972], [2.3301355, 6.3971117], [2.3301315, 6.3971099], [2.330141, 6.3971189], [2.3301419, 6.3971126], [2.3301473, 6.3971158], [2.3301527, 6.3971072], [2.3301532, 6.3971257], [2.3301586, 6.3971307], [2.3301613, 6.3971257], [2.3301654, 6.3971361], [2.3301577, 6.3971339], [2.3301586, 6.3971443], [2.3301618, 6.3971422], [2.3301586, 6.3971511], [2.3301653, 6.3971565], [2.3301567, 6.397161], [2.3301545, 6.3971728], [2.3301671, 6.3971755], [2.3301644, 6.3971682], [2.3301698, 6.3971673], [2.3301716, 6.3971741], [2.330182, 6.3971787], [2.3301802, 6.3971705], [2.3301838, 6.3971737], [2.3301943, 6.3971638], [2.3301902, 6.3971502], [2.3302001, 6.3971488], [2.3302011, 6.3971371], [2.3301966, 6.3971317], [2.3301875, 6.397142], [2.3301798, 6.3971407], [2.3301717, 6.3971316], [2.3301753, 6.3971285], [2.3301703, 6.3971208], [2.3301744, 6.3971194], [2.3301672, 6.3971158], [2.330169, 6.3971077], [2.3301541, 6.3970999], [2.3301541, 6.3970755], [2.330146, 6.3970755], [2.3301483, 6.3970683], [2.330155, 6.3970706], [2.3301546, 6.3970593], [2.3301664, 6.3970638], [2.3301668, 6.3970584], [2.3301641, 6.3970493], [2.3301582, 6.3970534], [2.3301478, 6.3970497], [2.3301537, 6.3970461], [2.3301492, 6.3970421], [2.3301506, 6.3970303], [2.330156, 6.397029], [2.3301488, 6.3970217], [2.3301529, 6.3970104], [2.330159, 6.3970129], [2.3301556, 6.3970095], [2.3301646, 6.3970055], [2.3301592, 6.3969978], [2.3301633, 6.3970014], [2.3301651, 6.3969969], [2.3301488, 6.3969873], [2.3301402, 6.3969724], [2.3301362, 6.3969751], [2.3301389, 6.39699], [2.3301411, 6.3969869], [2.3301443, 6.3969928], [2.3301362, 6.3969937], [2.3301307, 6.3969846], [2.3301316, 6.3969918], [2.3301249, 6.3969936], [2.3301294, 6.3969959], [2.3301248, 6.3970059], [2.3301289, 6.3970181], [2.3301325, 6.397005], [2.3301361, 6.3970068], [2.3301334, 6.3970226], [2.3301239, 6.3970181], [2.3301284, 6.397028], [2.3301189, 6.3970298], [2.3301167, 6.3970248], [2.3301221, 6.3970217], [2.3301176, 6.3970144], [2.3301085, 6.3970217], [2.330114, 6.3970262], [2.3301076, 6.3970248], [2.3301076, 6.3970293], [2.3301022, 6.3970244], [2.330109, 6.3970325], [2.330099, 6.3970397], [2.3301126, 6.3970447], [2.3301103, 6.3970542], [2.3301306, 6.3970665]], [[2.3301624, 6.3971418], [2.3301676, 6.3971384], [2.330173, 6.3971461], [2.330168, 6.3971569], [2.3301624, 6.3971418]], [[2.3301866, 6.3971574], [2.3301843, 6.3971434], [2.3301911, 6.3971421], [2.3301866, 6.3971574]], [[2.3301429, 6.3969937], [2.3301533, 6.3970041], [2.3301474, 6.3970077], [2.3301483, 6.3970181], [2.330142, 6.3970154], [2.3301429, 6.3969937]], [[2.3301442, 6.3970552], [2.3301456, 6.3970597], [2.3301379, 6.3970556], [2.3301442, 6.3970552]]], [[[2.3301622, 6.3970162], [2.3301601, 6.3970226], [2.3301655, 6.3970195], [2.3301622, 6.3970162]]], [[[2.3301938, 6.3971665], [2.3301933, 6.3971755], [2.3301884, 6.397176], [2.3301951, 6.3971819], [2.3301992, 6.3971665], [2.3301938, 6.3971665]]], [[[2.3301852, 6.3972076], [2.3301983, 6.3972031], [2.3301924, 6.3971977], [2.3301992, 6.3971981], [2.3301942, 6.3971909], [2.3301852, 6.3972076]]], [[[2.3301326, 6.3973188], [2.3301312, 6.3973256], [2.3301285, 6.3973192], [2.3301235, 6.3973296], [2.3301289, 6.3973251], [2.3301321, 6.3973287], [2.3301326, 6.3973188]]], [[[2.3297912, 6.3973206], [2.3297871, 6.3973287], [2.3297944, 6.3973206], [2.329794, 6.3973162], [2.3297994, 6.3973184], [2.3297903, 6.3973283], [2.3298016, 6.3973288], [2.3298057, 6.3973238], [2.3298039, 6.3973319], [2.330072, 6.3973323], [2.3300589, 6.3973205], [2.3300638, 6.3973201], [2.3300602, 6.3973092], [2.3300529, 6.3973108], [2.3300521, 6.3973029], [2.3300589, 6.3973042], [2.3300499, 6.3972956], [2.3300562, 6.3972875], [2.3300458, 6.3972861], [2.3300526, 6.3972757], [2.3300598, 6.3972812], [2.3300648, 6.3972771], [2.330063, 6.3972671], [2.330068, 6.3972672], [2.3300675, 6.3972726], [2.3300743, 6.3972685], [2.3300716, 6.3972798], [2.3300779, 6.397283], [2.3300779, 6.3972934], [2.3300847, 6.3972893], [2.3300842, 6.3973006], [2.3300987, 6.3972884], [2.3301032, 6.3973011], [2.3301073, 6.3972934], [2.3301077, 6.3972998], [2.3301095, 6.3972934], [2.3301136, 6.3972952], [2.3301123, 6.3972844], [2.3301037, 6.3972835], [2.3301046, 6.3972762], [2.3301236, 6.3972555], [2.3301096, 6.397255], [2.33011, 6.3972654], [2.3300956, 6.3972618], [2.3300892, 6.3972749], [2.3300928, 6.3972735], [2.3300915, 6.3972807], [2.3300974, 6.3972789], [2.3300969, 6.3972839], [2.3301023, 6.3972817], [2.3300955, 6.3972857], [2.3300919, 6.3972812], [2.3300874, 6.3972893], [2.3300847, 6.3972835], [2.330091, 6.3972803], [2.3300806, 6.3972767], [2.3300919, 6.3972681], [2.3300897, 6.3972477], [2.3300829, 6.3972541], [2.330073, 6.3972531], [2.3300739, 6.3972581], [2.330063, 6.3972536], [2.3300617, 6.3972608], [2.3300558, 6.3972513], [2.3300576, 6.3972549], [2.3300495, 6.3972567], [2.3300499, 6.3972685], [2.3300422, 6.3972644], [2.3300377, 6.3972685], [2.3300327, 6.3972581], [2.3300336, 6.3972522], [2.3300391, 6.3972576], [2.3300373, 6.3972499], [2.3300431, 6.3972508], [2.3300445, 6.3972459], [2.3300463, 6.3972487], [2.3300459, 6.3972409], [2.330059, 6.3972391], [2.3300617, 6.3972486], [2.3300621, 6.3972423], [2.3300667, 6.3972441], [2.3300626, 6.3972378], [2.3300698, 6.3972382], [2.3300676, 6.3972283], [2.3300599, 6.3972346], [2.3300617, 6.3972246], [2.3300698, 6.3972237], [2.330068, 6.3972292], [2.3300726, 6.3972301], [2.3300753, 6.397221], [2.330064, 6.3972197], [2.3300681, 6.3972138], [2.3300559, 6.3972043], [2.3300694, 6.3972097], [2.3300767, 6.3972057], [2.3300717, 6.3972102], [2.3300748, 6.3972161], [2.3300694, 6.397217], [2.3300753, 6.3972192], [2.3300766, 6.3972079], [2.3300875, 6.397212], [2.3300852, 6.3972206], [2.3300943, 6.397226], [2.3300888, 6.3972324], [2.3300924, 6.3972396], [2.3300947, 6.3972269], [2.3301069, 6.3972247], [2.3301074, 6.3972166], [2.3301142, 6.397217], [2.33012, 6.397208], [2.3301146, 6.3971971], [2.3301083, 6.397198], [2.3301115, 6.3971894], [2.3301006, 6.3972016], [2.3300947, 6.3972012], [2.3300975, 6.3971948], [2.3300902, 6.3971944], [2.330092, 6.397188], [2.3300884, 6.3971998], [2.3300857, 6.3971885], [2.3300762, 6.3971853], [2.3300708, 6.3971722], [2.3300645, 6.3971749], [2.3300695, 6.3971794], [2.3300609, 6.3971767], [2.3300636, 6.3971717], [2.3300595, 6.3971717], [2.3300663, 6.3971695], [2.3300645, 6.3971604], [2.3300577, 6.3971582], [2.3300604, 6.3971546], [2.3300618, 6.3971541], [2.3300614, 6.3971469], [2.3300654, 6.3971536], [2.3300636, 6.3971464], [2.330069, 6.3971437], [2.3300605, 6.3971432], [2.33006, 6.3971365], [2.3300573, 6.3971401], [2.3300569, 6.3971283], [2.3300668, 6.3971229], [2.3300596, 6.3971184], [2.33007, 6.3971075], [2.3300768, 6.3971107], [2.3300732, 6.3970931], [2.330089, 6.3970926], [2.3300877, 6.3970822], [2.3300848, 6.3970814], [2.330089, 6.3970754], [2.3300818, 6.3970795], [2.3300768, 6.3970686], [2.3300827, 6.397075], [2.3300814, 6.3970632], [2.3300913, 6.3970614], [2.33009, 6.3970528], [2.3300954, 6.3970628], [2.3300949, 6.3970556], [2.330099, 6.3970587], [2.3301099, 6.3970501], [2.3300968, 6.3970393], [2.3300986, 6.3970492], [2.3300922, 6.3970474], [2.3300922, 6.3970379], [2.3300818, 6.397046], [2.3300784, 6.3970387], [2.3300805, 6.3970356], [2.3300732, 6.3970402], [2.3300714, 6.3970338], [2.3300741, 6.3970446], [2.3300714, 6.3970492], [2.3300642, 6.3970429], [2.3300656, 6.3970496], [2.3300542, 6.3970496], [2.3300529, 6.3970555], [2.3300524, 6.3970456], [2.3300448, 6.3970324], [2.3300412, 6.3970365], [2.3300394, 6.397027], [2.3300222, 6.397041], [2.3300267, 6.3970356], [2.3300213, 6.397036], [2.3300163, 6.3970274], [2.3300122, 6.3970301], [2.3300168, 6.3970193], [2.3300113, 6.3970107], [2.3300154, 6.397008], [2.3300177, 6.3970157], [2.3300222, 6.3970044], [2.3300371, 6.3970021], [2.3300218, 6.3970089], [2.3300362, 6.3970247], [2.330034, 6.3970125], [2.330038, 6.3970053], [2.3300376, 6.3970103], [2.330043, 6.3970089], [2.3300435, 6.3969976], [2.3300457, 6.3970216], [2.3300475, 6.3970148], [2.3300534, 6.3970157], [2.3300529, 6.3970089], [2.330067, 6.3970139], [2.3300697, 6.3970053], [2.3300783, 6.3970166], [2.330081, 6.3970085], [2.3300859, 6.3970153], [2.3300918, 6.3970058], [2.3300873, 6.3970008], [2.3300936, 6.3970026], [2.3300909, 6.3969945], [2.3301, 6.3969895], [2.3300991, 6.396985], [2.3301045, 6.3969905], [2.3301009, 6.3969923], [2.3301104, 6.3969945], [2.3301113, 6.3969828], [2.3300901, 6.3969809], [2.3300937, 6.3969773], [2.3300874, 6.3969714], [2.3300973, 6.3969715], [2.3300978, 6.3969656], [2.3301149, 6.3969733], [2.3301172, 6.3969665], [2.3301217, 6.3969724], [2.3301244, 6.3969656], [2.3301168, 6.3969624], [2.3301222, 6.3969579], [2.3301271, 6.3969643], [2.3301267, 6.3969575], [2.3301159, 6.3969556], [2.3301136, 6.3969638], [2.3301122, 6.3969561], [2.3301018, 6.3969556], [2.3301046, 6.3969516], [2.3300969, 6.3969484], [2.3301, 6.3969434], [2.3300933, 6.3969353], [2.3300833, 6.3969312], [2.3300856, 6.3969244], [2.3300955, 6.3969326], [2.3300928, 6.3969185], [2.3300969, 6.3969271], [2.3301014, 6.3969167], [2.3300947, 6.3969104], [2.3301091, 6.3969059], [2.3301078, 6.3968864], [2.3301037, 6.3968855], [2.3301028, 6.3968977], [2.3301024, 6.3968873], [2.3300983, 6.396886], [2.3300965, 6.3968937], [2.3300906, 6.3968805], [2.3300861, 6.3968882], [2.3300911, 6.3968905], [2.3300861, 6.3968914], [2.3300929, 6.3969081], [2.3300852, 6.3969063], [2.3300888, 6.3968995], [2.3300807, 6.3969036], [2.3300752, 6.3968986], [2.3300716, 6.3969054], [2.3300621, 6.39689], [2.3300653, 6.3969031], [2.3300557, 6.3969078], [2.3300599, 6.3969094], [2.3300571, 6.3969131], [2.330063, 6.3969122], [2.330058, 6.3969244], [2.3300535, 6.3969203], [2.3300553, 6.396908], [2.3300449, 6.396913], [2.3300327, 6.3969022], [2.3300029, 6.396903], [2.3300097, 6.3969071], [2.3300024, 6.3969153], [2.3300038, 6.396922], [2.3299956, 6.3969279], [2.3299929, 6.3969225], [2.3299834, 6.3969261], [2.3299798, 6.3969329], [2.3299839, 6.3969371], [2.3299793, 6.3969401], [2.3299875, 6.3969419], [2.3299863, 6.3969396], [2.3299943, 6.3969478], [2.3299829, 6.396955], [2.3299811, 6.3969681], [2.3299929, 6.3969564], [2.3299974, 6.3969591], [2.3300001, 6.396951], [2.3300074, 6.3969569], [2.3299825, 6.3969776], [2.3299852, 6.3969844], [2.3299784, 6.3969871], [2.3299847, 6.3969903], [2.329982, 6.3969975], [2.3299743, 6.3969944], [2.3299743, 6.3969871], [2.3299666, 6.3969889], [2.3299635, 6.3969844], [2.3299558, 6.3969903], [2.3299589, 6.3969781], [2.3299522, 6.3969821], [2.3299517, 6.396974], [2.3299449, 6.3969717], [2.3299436, 6.3969762], [2.3299395, 6.3969649], [2.3299345, 6.3969694], [2.3299332, 6.3969645], [2.3299278, 6.3969658], [2.329925, 6.396973], [2.3299223, 6.3969631], [2.3299083, 6.3969784], [2.3298988, 6.3969762], [2.3298848, 6.3969852], [2.329883, 6.3969802], [2.3298749, 6.3969834], [2.3298676, 6.3969766], [2.3298604, 6.3969883], [2.3298554, 6.3969874], [2.3298635, 6.3969987], [2.3298726, 6.3969901], [2.3298622, 6.3970087], [2.3298694, 6.3970119], [2.3298703, 6.3970073], [2.329873, 6.3970214], [2.3298721, 6.3970128], [2.3298807, 6.3970105], [2.3298811, 6.3970185], [2.3298838, 6.3970177], [2.3298816, 6.3970286], [2.3298837, 6.3970313], [2.3298852, 6.3970259], [2.3298888, 6.3970291], [2.3298838, 6.3970164], [2.3298906, 6.3970209], [2.3298924, 6.3970155], [2.329892, 6.3970218], [2.3298956, 6.3970191], [2.3298965, 6.3970291], [2.3299028, 6.3970295], [2.3299064, 6.3970232], [2.3299119, 6.3970354], [2.3299024, 6.3970368], [2.3299032, 6.3970481], [2.3298983, 6.3970395], [2.329885, 6.397033], [2.3298865, 6.3970349], [2.3298816, 6.3970408], [2.329882, 6.3970322], [2.329878, 6.3970322], [2.3298752, 6.3970426], [2.3298666, 6.3970408], [2.3298707, 6.3970521], [2.3298644, 6.3970575], [2.3298675, 6.397048], [2.3298607, 6.3970507], [2.3298662, 6.3970648], [2.3298585, 6.3970711], [2.3298539, 6.3970656], [2.3298544, 6.3970797], [2.3298503, 6.3970751], [2.3298535, 6.3970679], [2.3298426, 6.3970738], [2.3298417, 6.3970792], [2.329848, 6.3970806], [2.3298462, 6.3970928], [2.3298548, 6.3970892], [2.3298584, 6.3970969], [2.3298571, 6.3970901], [2.3298693, 6.3970828], [2.3298747, 6.3970914], [2.3298734, 6.3970923], [2.3298716, 6.3970874], [2.3298715, 6.3970933], [2.3298684, 6.3970878], [2.3298611, 6.3970896], [2.3298742, 6.3971046], [2.3298697, 6.3971077], [2.3298738, 6.3971059], [2.3298788, 6.3971132], [2.3298729, 6.3970991], [2.3298788, 6.3970887], [2.3298747, 6.3970914], [2.3298833, 6.397077], [2.3298851, 6.3970919], [2.3298869, 6.3970765], [2.3298919, 6.397086], [2.3298915, 6.3970806], [2.3299014, 6.3970802], [2.3298951, 6.3970734], [2.3299046, 6.3970671], [2.3298973, 6.397068], [2.3298978, 6.3970603], [2.3299163, 6.3970621], [2.3299118, 6.397063], [2.3299127, 6.3970675], [2.32992, 6.3970671], [2.3299127, 6.3970689], [2.3299177, 6.3970734], [2.3299159, 6.3970838], [2.3299254, 6.3970847], [2.3299168, 6.3970951], [2.3299262, 6.397101], [2.3299231, 6.3971078], [2.329933, 6.3971101], [2.3299208, 6.3971159], [2.3299232, 6.3971214], [2.3299131, 6.3971222], [2.3299095, 6.3971335], [2.3299081, 6.3971254], [2.3299, 6.3971304], [2.3299045, 6.3971426], [2.3298995, 6.3971385], [2.3298932, 6.3971426], [2.3298936, 6.3971534], [2.329899, 6.3971602], [2.3299058, 6.3971557], [2.3299094, 6.3971638], [2.3299108, 6.3971575], [2.329918, 6.3971634], [2.329913, 6.3971675], [2.3299189, 6.3971711], [2.3299171, 6.3971865], [2.3299234, 6.397191], [2.3299211, 6.3971951], [2.329927, 6.3971924], [2.3299216, 6.3971964], [2.3299234, 6.3972023], [2.3299167, 6.3972044], [2.3299175, 6.3972036], [2.3299094, 6.3971946], [2.3299022, 6.397195], [2.3299098, 6.3972018], [2.3299035, 6.3972072], [2.3299125, 6.3972136], [2.3299048, 6.3972145], [2.3299048, 6.3972231], [2.3299112, 6.3972249], [2.3299098, 6.3972204], [2.3299193, 6.397215], [2.3299121, 6.3972086], [2.3299164, 6.3972047], [2.3299225, 6.3972073], [2.329918, 6.3972068], [2.3299184, 6.3972127], [2.3299225, 6.3972104], [2.3299211, 6.397215], [2.3299292, 6.3972181], [2.3299229, 6.3972195], [2.3299279, 6.3972245], [2.3299238, 6.3972299], [2.3299356, 6.3972181], [2.3299392, 6.3972231], [2.3299433, 6.3972195], [2.3299459, 6.3972399], [2.32995, 6.3972249], [2.3299536, 6.3972308], [2.3299586, 6.3972286], [2.3299604, 6.3972349], [2.3299536, 6.3972426], [2.3299599, 6.3972548], [2.3299685, 6.3972544], [2.3299704, 6.3972471], [2.3299776, 6.3972603], [2.3299816, 6.3972625], [2.3299839, 6.3972571], [2.3299884, 6.3972634], [2.3299857, 6.397267], [2.3299839, 6.3972625], [2.3299807, 6.3972716], [2.3299749, 6.3972643], [2.3299789, 6.3972725], [2.3299649, 6.3972761], [2.3299613, 6.3972679], [2.3299631, 6.3972752], [2.3299604, 6.3972697], [2.3299567, 6.3972855], [2.3299504, 6.3972819], [2.3299477, 6.3972964], [2.3299441, 6.3972774], [2.3299387, 6.3972783], [2.3299391, 6.3972846], [2.3299369, 6.3972769], [2.329926, 6.3972787], [2.3299305, 6.397267], [2.3299138, 6.3972792], [2.3299152, 6.3972651], [2.3299111, 6.3972642], [2.3299143, 6.3972706], [2.3299075, 6.3972746], [2.3299129, 6.3972561], [2.329903, 6.3972615], [2.3299012, 6.397257], [2.3299138, 6.397248], [2.3299116, 6.397229], [2.329903, 6.3972344], [2.3299129, 6.3972416], [2.3299057, 6.3972394], [2.3298953, 6.3972543], [2.3298926, 6.3972511], [2.3298894, 6.3972647], [2.3298935, 6.3972633], [2.3298939, 6.397271], [2.3298903, 6.3972674], [2.3298794, 6.3972809], [2.3298677, 6.3972791], [2.3298672, 6.3972705], [2.3298636, 6.3972719], [2.3298691, 6.3972669], [2.3298713, 6.3972764], [2.3298749, 6.397261], [2.3298808, 6.3972592], [2.3298709, 6.3972597], [2.3298691, 6.3972511], [2.3298605, 6.3972511], [2.3298668, 6.3972447], [2.3298623, 6.3972384], [2.32986, 6.3972474], [2.3298496, 6.3972406], [2.3298487, 6.3972501], [2.3298442, 6.3972393], [2.329837, 6.3972542], [2.329846, 6.3972537], [2.3298392, 6.3972569], [2.3298437, 6.3972592], [2.3298329, 6.3972578], [2.3298365, 6.3972528], [2.3298311, 6.397246], [2.3298071, 6.3972704], [2.329813, 6.3972759], [2.329818, 6.39727], [2.3298234, 6.3972741], [2.3298234, 6.397281], [2.3298302, 6.3972827], [2.3298275, 6.3972759], [2.329832, 6.3972736], [2.3298301, 6.3973026], [2.329822, 6.3973044], [2.3298319, 6.3973143], [2.3298224, 6.3973121], [2.3298179, 6.3973179], [2.3298057, 6.3973129], [2.3297998, 6.3973179], [2.3297998, 6.3973126], [2.3297985, 6.3973156], [2.329794, 6.3973156], [2.3297935, 6.3973098], [2.329779, 6.3973233], [2.3297858, 6.397307], [2.3297808, 6.3973034], [2.3297817, 6.3973152], [2.3297768, 6.3973179], [2.3297759, 6.3973011], [2.3297731, 6.3973147], [2.3297686, 6.3973133], [2.3297695, 6.3973201], [2.3297605, 6.3973292], [2.3297704, 6.397331], [2.329775, 6.3973147], [2.3297736, 6.3973274], [2.3297912, 6.3973206]], [[2.3300747, 6.3970439], [2.3300783, 6.3970388], [2.3300787, 6.3970465], [2.3300747, 6.3970439]], [[2.3300834, 6.397081], [2.3300755, 6.3970786], [2.3300727, 6.3970849], [2.3300759, 6.3970754], [2.3300834, 6.397081]], [[2.3300801, 6.3969787], [2.3300815, 6.3969696], [2.3300819, 6.3969769], [2.3300851, 6.3969728], [2.3300878, 6.3969769], [2.3300801, 6.3969787]], [[2.3300798, 6.3971971], [2.3300871, 6.3971953], [2.3300821, 6.3972011], [2.3300798, 6.3971971]], [[2.3300834, 6.3971926], [2.3300758, 6.3971962], [2.3300744, 6.3971885], [2.3300834, 6.3971926]], [[2.3300706, 6.3969728], [2.3300747, 6.3969778], [2.3300724, 6.3969746], [2.3300792, 6.3969732], [2.3300792, 6.3969836], [2.3300742, 6.39698], [2.3300742, 6.3969845], [2.3300665, 6.3969841], [2.330062, 6.3969949], [2.3300584, 6.3969872], [2.3300634, 6.3969913], [2.3300616, 6.3969841], [2.3300706, 6.3969728]], [[2.3300732, 6.3970682], [2.3300696, 6.3970818], [2.3300678, 6.3970723], [2.3300732, 6.3970682]], [[2.3299898, 6.3972313], [2.3299776, 6.3972521], [2.3299767, 6.3972376], [2.3299708, 6.3972367], [2.3299753, 6.3972336], [2.3299803, 6.3972435], [2.3299749, 6.39723], [2.3299781, 6.3972349], [2.3299898, 6.3972313]], [[2.3299825, 6.3972756], [2.3299789, 6.3972788], [2.3299776, 6.3972729], [2.3299825, 6.3972756]], [[2.3299604, 6.3972462], [2.3299636, 6.397239], [2.3299563, 6.3972403], [2.3299713, 6.3972345], [2.3299604, 6.3972462]], [[2.3299311, 6.3972086], [2.3299338, 6.3972126], [2.3299306, 6.3972145], [2.3299311, 6.3972086]], [[2.3298939, 6.3972728], [2.3298971, 6.3972773], [2.3298903, 6.3972832], [2.3298939, 6.3972728]], [[2.3298252, 6.3972664], [2.3298229, 6.3972727], [2.3298157, 6.3972673], [2.329818, 6.3972623], [2.3298252, 6.3972664]]], [[[2.3298234, 6.3972853], [2.3298179, 6.3972863], [2.3298188, 6.3972953], [2.3298229, 6.3972908], [2.3298256, 6.3972944], [2.3298279, 6.3972845], [2.3298234, 6.3972853], [2.3298234, 6.3972854], [2.3298234, 6.3972853]]], [[[2.3298008, 6.3973104], [2.3298062, 6.3973111], [2.3298021, 6.3973075], [2.3298008, 6.3973104]]], [[[2.3300467, 6.3972495], [2.3300481, 6.3972518], [2.330054, 6.397249], [2.3300467, 6.3972495]]], [[[2.3301259, 6.3971994], [2.3301219, 6.3971998], [2.3301255, 6.3972053], [2.3301259, 6.3971994]]], [[[2.3301249, 6.3973242], [2.3301195, 6.3973165], [2.3301158, 6.3973224], [2.3301213, 6.3973269], [2.3301145, 6.3973269], [2.3301185, 6.3973296], [2.3301249, 6.3973242]]], [[[2.3300988, 6.3971745], [2.3300957, 6.3971813], [2.3301006, 6.3971853], [2.3300929, 6.3971926], [2.3301052, 6.3971894], [2.3300993, 6.3971799], [2.3301047, 6.3971668], [2.3301133, 6.3971677], [2.3301124, 6.39716], [2.3301179, 6.3971591], [2.330112, 6.3971533], [2.330112, 6.3971578], [2.3301043, 6.3971541], [2.3300966, 6.3971713], [2.3300988, 6.3971745]]], [[[2.3301113, 6.3972948], [2.3301104, 6.3972998], [2.3301172, 6.3972962], [2.3301113, 6.3972948]]], [[[2.3301118, 6.3969805], [2.3301167, 6.3969751], [2.3301127, 6.3969724], [2.3301118, 6.3969805]]], [[[2.3301014, 6.3973224], [2.3301041, 6.3973169], [2.3301104, 6.3973188], [2.330105, 6.397316], [2.3301086, 6.3973093], [2.3300955, 6.3973165], [2.3301014, 6.3973224]]], [[[2.3301014, 6.3973224], [2.3301045, 6.3973255], [2.3300959, 6.3973296], [2.3301063, 6.3973301], [2.3301149, 6.3973228], [2.3301122, 6.3973179], [2.3301059, 6.3973255], [2.3301014, 6.3973224]]], [[[2.3300963, 6.3970746], [2.330089, 6.3970673], [2.3301008, 6.3970872], [2.3301067, 6.3970741], [2.3300963, 6.3970746]]], [[[2.3300953, 6.3970872], [2.3300953, 6.3970818], [2.3300895, 6.3970849], [2.3300953, 6.3970872]]], [[[2.330081, 6.3973137], [2.3300824, 6.3973187], [2.3300706, 6.3973187], [2.3300733, 6.39733], [2.3300946, 6.3973314], [2.3300882, 6.3973264], [2.3300914, 6.3973205], [2.330086, 6.3973228], [2.330081, 6.3973137]]], [[[2.3300893, 6.3971876], [2.3300808, 6.3971794], [2.3300807, 6.3971867], [2.3300893, 6.3971876]]], [[[2.3300885, 6.3970953], [2.3300836, 6.3970953], [2.3300845, 6.3971035], [2.3300885, 6.3970953]]], [[[2.330087, 6.3972437], [2.3300884, 6.3972337], [2.3300766, 6.3972351], [2.330087, 6.3972437]]], [[[2.3300775, 6.3972152], [2.3300802, 6.3972319], [2.3300807, 6.3972219], [2.3300857, 6.3972215], [2.3300775, 6.3972152]]], [[[2.3300786, 6.3971179], [2.330084, 6.3971035], [2.3300759, 6.397117], [2.3300727, 6.3971089], [2.3300677, 6.3971111], [2.3300704, 6.3971179], [2.330065, 6.3971211], [2.3300786, 6.3971179]]], [[[2.3300749, 6.3971455], [2.3300776, 6.3971401], [2.3300722, 6.3971378], [2.3300749, 6.3971455]]], [[[2.3300621, 6.3968891], [2.3300734, 6.3968905], [2.3300603, 6.3968828], [2.3300621, 6.3968891]]], [[[2.3300685, 6.3972405], [2.3300653, 6.3972522], [2.3300712, 6.3972486], [2.3300685, 6.3972405]]], [[[2.330057, 6.3970112], [2.3300647, 6.3970257], [2.3300697, 6.3970175], [2.330057, 6.3970112]]], [[[2.3300632, 6.3971405], [2.3300673, 6.3971338], [2.3300632, 6.397131], [2.3300632, 6.3971405]]], [[[2.3300656, 6.3970325], [2.3300642, 6.397027], [2.3300597, 6.3970288], [2.3300656, 6.3970325]]], [[[2.3300511, 6.3970189], [2.3300541, 6.3970259], [2.3300507, 6.3970238], [2.3300448, 6.3970302], [2.3300506, 6.3970374], [2.3300525, 6.3970284], [2.3300561, 6.3970401], [2.3300574, 6.3970279], [2.3300551, 6.3970265], [2.3300575, 6.3970211], [2.3300597, 6.3970261], [2.3300575, 6.3970189], [2.3300511, 6.3970189]]], [[[2.3300526, 6.3972418], [2.3300576, 6.3972463], [2.330059, 6.3972423], [2.3300526, 6.3972418]]], [[[2.3300308, 6.3970216], [2.3300263, 6.3970184], [2.3300208, 6.3970324], [2.3300308, 6.3970216]]], [[[2.3300177, 6.3970197], [2.3300222, 6.3970166], [2.330019, 6.3970143], [2.3300177, 6.3970197]]], [[[2.3299608, 6.3969753], [2.3299617, 6.3969817], [2.3299666, 6.3969772], [2.3299739, 6.3969867], [2.329982, 6.3969785], [2.3299779, 6.396974], [2.329982, 6.3969695], [2.3299757, 6.396965], [2.3299608, 6.3969753]]], [[[2.3299654, 6.3972657], [2.3299658, 6.397272], [2.3299663, 6.397267], [2.3299762, 6.3972679], [2.3299654, 6.3972657]]], [[[2.3299581, 6.3972706], [2.3299513, 6.3972697], [2.3299536, 6.3972747], [2.3299581, 6.3972706]]], [[[2.3299423, 6.3972679], [2.329936, 6.3972647], [2.3299351, 6.3972738], [2.3299451, 6.3972696], [2.3299477, 6.3972769], [2.3299509, 6.3972733], [2.3299454, 6.3972695], [2.329955, 6.3972656], [2.32995, 6.3972629], [2.3299523, 6.3972571], [2.3299423, 6.3972679]]], [[[2.3299306, 6.397257], [2.3299378, 6.3972629], [2.3299355, 6.3972493], [2.3299306, 6.397257]]], [[[2.3299238, 6.3972688], [2.3299346, 6.3972647], [2.3299287, 6.3972606], [2.3299269, 6.3972643], [2.3299274, 6.3972597], [2.3299238, 6.3972688]]], [[[2.3299174, 6.3972529], [2.3299129, 6.3972611], [2.3299183, 6.3972651], [2.3299229, 6.397252], [2.329917, 6.3972471], [2.3299174, 6.3972529]]], [[[2.3299032, 6.3970743], [2.3299064, 6.397077], [2.3299086, 6.3970693], [2.3299032, 6.3970743]]], [[[2.3298951, 6.3970214], [2.3298893, 6.3970245], [2.3298911, 6.3970304], [2.3298951, 6.3970214]]], [[[2.3298876, 6.397261], [2.3298853, 6.3972665], [2.3298899, 6.397266], [2.3298876, 6.397261]]], [[[2.3298377, 6.397196], [2.3298461, 6.3972085], [2.3298538, 6.3971986], [2.3298619, 6.3972108], [2.3298538, 6.3972149], [2.329861, 6.3972176], [2.329866, 6.3972167], [2.3298651, 6.3972122], [2.3298705, 6.3972149], [2.32987, 6.3972077], [2.3298647, 6.3972105], [2.3298637, 6.3972054], [2.3298714, 6.3972054], [2.3298719, 6.3971932], [2.3298773, 6.3971964], [2.3298872, 6.3971828], [2.3298787, 6.3971787], [2.3298655, 6.3971868], [2.3298651, 6.3971805], [2.3298705, 6.3971814], [2.3298628, 6.3971742], [2.3298665, 6.397167], [2.3298601, 6.3971746], [2.3298511, 6.3971719], [2.3298443, 6.3971837], [2.3298542, 6.3971823], [2.3298479, 6.3971864], [2.3298515, 6.3971855], [2.3298511, 6.3972004], [2.3298475, 6.3971927], [2.3298389, 6.3971954], [2.3298461, 6.3971877], [2.3298425, 6.3971814], [2.3298377, 6.397196]], [[2.3298592, 6.3971855], [2.3298565, 6.39719], [2.329861, 6.39719], [2.329852, 6.3971981], [2.3298524, 6.39719], [2.3298592, 6.3971855]]], [[[2.3298842, 6.3970973], [2.3298774, 6.3971005], [2.3298778, 6.3971109], [2.3298833, 6.3971118], [2.3298819, 6.3971041], [2.3298855, 6.3971068], [2.3298842, 6.3970973]]], [[[2.3298741, 6.3972], [2.3298759, 6.3972059], [2.3298809, 6.3971986], [2.3298741, 6.3972]]], [[[2.3298547, 6.3971543], [2.3298555, 6.3971482], [2.3298525, 6.3971507], [2.3298606, 6.3971651], [2.3298642, 6.3971534], [2.3298692, 6.3971529], [2.3298692, 6.3971587], [2.3298701, 6.3971561], [2.3298782, 6.3971575], [2.329871, 6.3971502], [2.329871, 6.3971453], [2.3298769, 6.3971484], [2.3298742, 6.3971335], [2.3298645, 6.3971412], [2.3298701, 6.3971294], [2.3298634, 6.3971339], [2.3298642, 6.3971414], [2.3298561, 6.3971478], [2.3298593, 6.3971498], [2.3298547, 6.3971543]]], [[[2.3298692, 6.3971588], [2.329866, 6.3971547], [2.3298606, 6.3971674], [2.3298665, 6.3971665], [2.3298692, 6.3971588]]], [[[2.3298701, 6.3971217], [2.3298751, 6.3971258], [2.3298778, 6.3971222], [2.329867, 6.3971181], [2.3298674, 6.3971285], [2.3298701, 6.3971217]]], [[[2.3298632, 6.3972325], [2.3298664, 6.397228], [2.3298605, 6.3972284], [2.3298632, 6.3972325]]], [[[2.3298639, 6.3970449], [2.3298626, 6.3970326], [2.3298576, 6.3970467], [2.3298639, 6.3970449]]], [[[2.3298527, 6.3969951], [2.3298567, 6.3969974], [2.3298572, 6.3969906], [2.3298527, 6.3969951]]], [[[2.3298456, 6.3972081], [2.3298339, 6.3972108], [2.3298284, 6.3972189], [2.3298456, 6.3972081]]], [[[2.3298435, 6.3970824], [2.329839, 6.3970864], [2.3298435, 6.3970941], [2.3298435, 6.3970824]]], [[[2.3298411, 6.397213], [2.3298375, 6.3972252], [2.3298433, 6.3972244], [2.3298411, 6.397213]]], [[[2.3298293, 6.3972103], [2.3298348, 6.3972094], [2.3298357, 6.3972008], [2.3298293, 6.3972103]]], [[[2.3298145, 6.3972534], [2.3298189, 6.3972501], [2.3298121, 6.3972519], [2.3298145, 6.3972534]]], [[[2.3297902, 6.3972658], [2.3297877, 6.397265], [2.3298031, 6.3972596], [2.3298053, 6.3972532], [2.3297922, 6.3972605], [2.32979, 6.3972568], [2.3297881, 6.3972623], [2.3297841, 6.3972586], [2.3297822, 6.3972699], [2.3297755, 6.3972708], [2.3297836, 6.3972749], [2.3297741, 6.397283], [2.3297818, 6.3972772], [2.3297836, 6.3972808], [2.3297745, 6.3972935], [2.3297772, 6.397298], [2.3297809, 6.3972876], [2.3297886, 6.3972853], [2.3297868, 6.3972808], [2.3297931, 6.3972813], [2.3297836, 6.3972926], [2.3297885, 6.3973084], [2.329789, 6.3973021], [2.3298016, 6.3972998], [2.3298012, 6.3972948], [2.3297958, 6.3972989], [2.3297917, 6.3972953], [2.3298053, 6.3972854], [2.3297971, 6.397289], [2.3297981, 6.3972813], [2.3298075, 6.3972831], [2.3298094, 6.3972745], [2.3298017, 6.3972754], [2.3298017, 6.3972695], [2.3297907, 6.397266], [2.3297827, 6.3972704], [2.329785, 6.397265], [2.3297902, 6.3972658]]], [[[2.3298004, 6.3972514], [2.3297977, 6.397246], [2.3297913, 6.3972577], [2.3298004, 6.3972514]]]]}}, {"type": "Feature", "properties": {"fid": 22.0, "DN": 3, "area_m2": 603.31, "dep_m2": 3.110000000253422, "categorie": "Vigueur moyenne", "cause_pro": "aucun stress", "recomm": "Appliquer dose normale d'entretien", "legende": "Vigueur moyenne : appliquer la dose normale d'entretien", "superf_ha": 0.0603}, "geometry": {"type": "MultiPolygon", "coordinates": [[[[2.3295916, 6.3968243], [2.3295929, 6.3968293], [2.3295988, 6.3968225], [2.3295916, 6.3968243]]], [[[2.3292696, 6.39687], [2.3292705, 6.3968872], [2.3292782, 6.3968804], [2.3292755, 6.396889], [2.3292832, 6.3968876], [2.3292818, 6.396884], [2.3292927, 6.3968881], [2.3292936, 6.3968809], [2.3293013, 6.3968831], [2.3293094, 6.3968759], [2.3293135, 6.3968877], [2.3293171, 6.3968773], [2.3293117, 6.3968791], [2.3293144, 6.3968732], [2.3293198, 6.3968764], [2.3293198, 6.3968615], [2.3293044, 6.3968705], [2.3293063, 6.3968651], [2.3292986, 6.3968569], [2.3292968, 6.3968641], [2.3292874, 6.3968615], [2.3292882, 6.396861], [2.3292968, 6.3968388], [2.3292837, 6.3968442], [2.3292859, 6.3968383], [2.3292828, 6.3968352], [2.3292945, 6.3968379], [2.329295, 6.3968302], [2.3293117, 6.3968266], [2.3293142, 6.3968206], [2.3293221, 6.3968176], [2.3293199, 6.3968235], [2.3293285, 6.3968262], [2.3293312, 6.3968416], [2.3293379, 6.3968407], [2.3293343, 6.3968321], [2.3293411, 6.3968344], [2.3293425, 6.3968289], [2.3293434, 6.3968384], [2.3293483, 6.3968307], [2.3293452, 6.3968375], [2.3293501, 6.3968448], [2.3293443, 6.3968393], [2.3293393, 6.3968438], [2.3293452, 6.3968565], [2.3293614, 6.3968425], [2.3293614, 6.3968547], [2.3293542, 6.3968592], [2.3293641, 6.396857], [2.329365, 6.3968615], [2.3293528, 6.3968656], [2.3293542, 6.3968814], [2.3293469, 6.3968755], [2.3293501, 6.3968823], [2.3293356, 6.3968886], [2.329332, 6.3968999], [2.3293352, 6.3968818], [2.3293234, 6.396885], [2.3293171, 6.3968809], [2.3293202, 6.3968872], [2.3293315, 6.3968891], [2.3293306, 6.3968958], [2.3293229, 6.3969026], [2.3293266, 6.396889], [2.3293067, 6.396899], [2.3293153, 6.3969039], [2.3293166, 6.3968967], [2.3293175, 6.3969031], [2.3293238, 6.396904], [2.3293216, 6.3969089], [2.3293148, 6.3969071], [2.3293152, 6.3969047], [2.3293044, 6.396908], [2.3293121, 6.3969166], [2.3293161, 6.3969125], [2.3293125, 6.3969229], [2.3293283, 6.3969216], [2.3293206, 6.3969347], [2.3293297, 6.3969198], [2.3293396, 6.396928], [2.3293374, 6.3969411], [2.3293442, 6.3969252], [2.3293428, 6.396942], [2.3293505, 6.3969406], [2.3293505, 6.3969352], [2.3293586, 6.3969492], [2.3293658, 6.396937], [2.3293577, 6.396956], [2.3293613, 6.3969624], [2.3293595, 6.3969551], [2.3293654, 6.3969538], [2.3293644, 6.3969651], [2.3293798, 6.3969497], [2.3293703, 6.3969492], [2.3293681, 6.3969569], [2.3293654, 6.3969474], [2.3293726, 6.396947], [2.3293704, 6.3969379], [2.3293762, 6.3969488], [2.329383, 6.3969456], [2.3293771, 6.396947], [2.3293771, 6.3969429], [2.3293839, 6.3969443], [2.3293925, 6.3969348], [2.3294197, 6.3969014], [2.3294174, 6.3968973], [2.3294283, 6.3968969], [2.329436, 6.3968883], [2.3294242, 6.3968946], [2.3294428, 6.3968734], [2.3294346, 6.3968743], [2.3294473, 6.3968684], [2.3294464, 6.3968598], [2.3294532, 6.396858], [2.3294518, 6.3968639], [2.3294595, 6.3968603], [2.32946, 6.3968675], [2.3294649, 6.3968662], [2.3294514, 6.3968747], [2.329416, 6.3969231], [2.3294142, 6.396919], [2.3294093, 6.3969249], [2.3294142, 6.3969267], [2.3294074, 6.3969271], [2.3293812, 6.3969588], [2.329388, 6.3969583], [2.3293839, 6.396961], [2.3293871, 6.3969683], [2.329373, 6.3969682], [2.3293667, 6.3969791], [2.3293662, 6.3969773], [2.3293645, 6.39699], [2.329359, 6.3969845], [2.3293554, 6.3969926], [2.329359, 6.3969963], [2.3293643, 6.3969909], [2.329364, 6.3969936], [2.3293724, 6.3969838], [2.3293816, 6.3969886], [2.3293775, 6.3969954], [2.3293816, 6.3969895], [2.3293924, 6.3969931], [2.3294019, 6.3969882], [2.3293988, 6.3969832], [2.3294038, 6.3969778], [2.3294074, 6.396981], [2.3294554, 6.3969249], [2.3294536, 6.3969173], [2.3294572, 6.3969227], [2.3294681, 6.3969091], [2.3294653, 6.3969055], [2.3294694, 6.3969073], [2.3294776, 6.3968978], [2.3294766, 6.3969051], [2.3294287, 6.3969575], [2.329435, 6.3969579], [2.3294191, 6.3969688], [2.3294255, 6.3969728], [2.3294232, 6.3969783], [2.3294314, 6.3969728], [2.3294264, 6.396971], [2.3294296, 6.3969656], [2.329439, 6.3969706], [2.3294345, 6.3969733], [2.3294336, 6.3969692], [2.3294304, 6.3969774], [2.3294418, 6.3969706], [2.3294472, 6.3969756], [2.3294571, 6.3969729], [2.3294521, 6.3969792], [2.3294576, 6.3969806], [2.3294527, 6.3969834], [2.3294594, 6.3969896], [2.329491, 6.3969571], [2.3294915, 6.3969408], [2.3295015, 6.3969404], [2.3295377, 6.3968975], [2.3295354, 6.3968916], [2.32954, 6.3968943], [2.3295495, 6.3968835], [2.3295436, 6.3968839], [2.3295454, 6.3968803], [2.3295517, 6.3968808], [2.3295644, 6.3968658], [2.3295685, 6.3968315], [2.3295708, 6.3968378], [2.3295744, 6.3968333], [2.3295762, 6.3968374], [2.3295785, 6.3968297], [2.3295785, 6.3968306], [2.3295834, 6.3968279], [2.3295789, 6.3968202], [2.3295786, 6.3968271], [2.3295767, 6.3968193], [2.329564, 6.3968274], [2.3295599, 6.3968265], [2.3295627, 6.3968166], [2.3295459, 6.3968183], [2.329545, 6.3968238], [2.3295513, 6.396826], [2.3295481, 6.3968327], [2.3295432, 6.396822], [2.32954, 6.3968319], [2.3295437, 6.3968364], [2.329548, 6.396833], [2.3295436, 6.3968419], [2.3295384, 6.3968408], [2.3295409, 6.3968342], [2.3295342, 6.3968323], [2.3295379, 6.3968407], [2.3295301, 6.3968391], [2.3295337, 6.396845], [2.3295242, 6.3968441], [2.3295256, 6.3968486], [2.3295102, 6.3968603], [2.3295142, 6.3968522], [2.329512, 6.3968486], [2.3295084, 6.3968536], [2.329507, 6.3968427], [2.3295124, 6.3968409], [2.3295034, 6.3968332], [2.3295098, 6.3968246], [2.3295025, 6.3968282], [2.3294969, 6.3968248], [2.3294971, 6.396821], [2.3294917, 6.3968201], [2.3295007, 6.3968147], [2.3294872, 6.3968146], [2.3294962, 6.3968088], [2.3294994, 6.3968133], [2.3295057, 6.3968056], [2.3294971, 6.3968092], [2.3295026, 6.3968029], [2.3294976, 6.3967925], [2.3294994, 6.396788], [2.3295066, 6.3967921], [2.3295017, 6.3967826], [2.3295062, 6.3967789], [2.3294922, 6.3967825], [2.3294904, 6.3967767], [2.3294963, 6.3967753], [2.3294954, 6.3967699], [2.3295003, 6.3967758], [2.3295021, 6.3967685], [2.3294976, 6.3967685], [2.3295043, 6.3967593], [2.3294981, 6.3967491], [2.3295212, 6.3967405], [2.3295176, 6.3967374], [2.3295187, 6.3967347], [2.3295131, 6.3967265], [2.3295117, 6.3967342], [2.3295031, 6.3967247], [2.3295126, 6.3967224], [2.3295104, 6.3967093], [2.3295208, 6.3967084], [2.3295104, 6.3967075], [2.3295085, 6.3967129], [2.3295058, 6.3967043], [2.3295004, 6.3967084], [2.3295054, 6.3967098], [2.329504, 6.3967197], [2.3294896, 6.3967151], [2.3294982, 6.3967107], [2.3294918, 6.3967084], [2.3294932, 6.3967067], [2.3294972, 6.3967093], [2.3295018, 6.3967034], [2.3294942, 6.3967056], [2.3294964, 6.396703], [2.3294928, 6.3966907], [2.3294837, 6.3966925], [2.3294832, 6.3967048], [2.3294905, 6.3966998], [2.3294864, 6.3967079], [2.3294941, 6.3967111], [2.3294891, 6.396715], [2.3294855, 6.3967138], [2.3294868, 6.3967197], [2.3294832, 6.3967143], [2.329481, 6.3967215], [2.3294819, 6.396712], [2.3294756, 6.3967075], [2.3294724, 6.3967102], [2.3294787, 6.3967183], [2.3294669, 6.396721], [2.3294679, 6.3967156], [2.3294593, 6.3967201], [2.3294629, 6.3967138], [2.3294561, 6.3967074], [2.3294656, 6.3967142], [2.3294679, 6.3967047], [2.329467, 6.3966989], [2.3294602, 6.3966979], [2.3294475, 6.3967061], [2.3294475, 6.3967115], [2.3294385, 6.3967115], [2.3294407, 6.3967201], [2.3294466, 6.3967169], [2.3294457, 6.3967232], [2.3294366, 6.3967228], [2.3294407, 6.3967278], [2.3294294, 6.3967296], [2.3294267, 6.3967386], [2.3294222, 6.3967304], [2.3294222, 6.3967363], [2.3294118, 6.3967327], [2.3294023, 6.3967386], [2.3293964, 6.3967358], [2.3293964, 6.3967413], [2.3293851, 6.3967272], [2.3293819, 6.3967336], [2.3293751, 6.3967336], [2.3293792, 6.396729], [2.3293738, 6.3967263], [2.3293643, 6.3967326], [2.3293639, 6.3967195], [2.3293675, 6.3967277], [2.3293723, 6.3967228], [2.329372, 6.3967245], [2.3293801, 6.3967209], [2.3293729, 6.3967195], [2.3293723, 6.3967227], [2.329367, 6.3967227], [2.3293702, 6.3967191], [2.329363, 6.3967118], [2.3293619, 6.3967147], [2.3293553, 6.3967114], [2.3293462, 6.3967159], [2.3293494, 6.39672], [2.3293571, 6.3967127], [2.3293619, 6.3967147], [2.3293598, 6.3967204], [2.329348, 6.3967222], [2.3293494, 6.3967313], [2.3293399, 6.3967299], [2.329339, 6.3967245], [2.329329, 6.3967362], [2.3293263, 6.3967502], [2.3293245, 6.3967421], [2.3293209, 6.3967461], [2.3293195, 6.3967543], [2.3293254, 6.3967543], [2.3293127, 6.396757], [2.3292973, 6.3967737], [2.3293019, 6.3967778], [2.3293077, 6.3967724], [2.3293181, 6.3967755], [2.3293109, 6.3967719], [2.3293181, 6.3967633], [2.3293227, 6.396766], [2.3293204, 6.3967728], [2.3293181, 6.3967697], [2.3293222, 6.3967778], [2.3293276, 6.3967697], [2.3293294, 6.3967755], [2.3293303, 6.3967706], [2.3293398, 6.3967688], [2.3293321, 6.3967778], [2.3293339, 6.3967891], [2.329329, 6.3967864], [2.3293285, 6.3967927], [2.3293339, 6.3967945], [2.3293253, 6.3967968], [2.3293262, 6.3968049], [2.3293308, 6.3968045], [2.3293235, 6.3968104], [2.3293262, 6.3968149], [2.3293176, 6.396809], [2.3293149, 6.3968135], [2.3293113, 6.3968058], [2.3293063, 6.3968194], [2.3293113, 6.3968189], [2.3292995, 6.3968243], [2.3293077, 6.3968058], [2.3293027, 6.3968121], [2.3293063, 6.3967995], [2.3293, 6.3967999], [2.3292968, 6.3968076], [2.3293005, 6.3967977], [2.3292932, 6.396804], [2.3292887, 6.3967999], [2.3292969, 6.396795], [2.3292924, 6.3967809], [2.3292679, 6.3968089], [2.3292733, 6.3968148], [2.329271, 6.3968302], [2.3292747, 6.3968288], [2.3292683, 6.3968383], [2.3292747, 6.3968311], [2.3292733, 6.3968397], [2.3292792, 6.3968374], [2.3292833, 6.3968239], [2.3292828, 6.3968352], [2.329281, 6.3968334], [2.3292832, 6.3968424], [2.3292789, 6.3968468], [2.3292728, 6.3968438], [2.329275, 6.3968508], [2.3292687, 6.3968573], [2.329271, 6.3968623], [2.3292665, 6.3968627], [2.3292805, 6.3968659], [2.3292821, 6.3968649], [2.3292723, 6.3968763], [2.3292696, 6.39687]], [[2.3293722, 6.3969837], [2.329368, 6.3969845], [2.3293667, 6.3969791], [2.3293762, 6.3969782], [2.3293703, 6.3969827], [2.3293722, 6.3969837]], [[2.329436, 6.3968612], [2.3294401, 6.3968675], [2.329446, 6.3968625], [2.3294396, 6.3968679], [2.329436, 6.3968612]], [[2.3294251, 6.3968792], [2.3294315, 6.3968675], [2.3294238, 6.396867], [2.3294306, 6.3968625], [2.329436, 6.3968729], [2.3294251, 6.3968792]], [[2.3293916, 6.3969823], [2.3293952, 6.3969687], [2.3294012, 6.3969694], [2.3293916, 6.3969823]], [[2.3294017, 6.3969694], [2.329408, 6.3969701], [2.3294065, 6.3969764], [2.3294002, 6.3969755], [2.3294017, 6.3969694]], [[2.3293997, 6.3969448], [2.3294083, 6.3969416], [2.3294092, 6.3969457], [2.3294052, 6.3969516], [2.3294083, 6.3969615], [2.3294002, 6.3969669], [2.3294038, 6.3969556], [2.3293988, 6.3969592], [2.3293938, 6.3969547], [2.3294056, 6.3969497], [2.3293997, 6.3969448]], [[2.3293961, 6.3969606], [2.3293893, 6.3969642], [2.3293893, 6.3969552], [2.3293902, 6.3969628], [2.3293961, 6.3969606]], [[2.3293249, 6.3967552], [2.3293204, 6.3967638], [2.3293168, 6.396762], [2.3293249, 6.3967552]]], [[[2.3295126, 6.3967224], [2.3295149, 6.3967265], [2.3295217, 6.3967129], [2.3295126, 6.3967224]]], [[[2.3294526, 6.3969835], [2.3294467, 6.3969869], [2.3294526, 6.396991], [2.3294526, 6.3969835]]], [[[2.3295708, 6.3968437], [2.329573, 6.3968496], [2.3295812, 6.3968401], [2.3295708, 6.3968437]]], [[[2.3295712, 6.3968555], [2.3295667, 6.3968536], [2.329568, 6.3968595], [2.3295712, 6.3968555]]], [[[2.3295676, 6.3968098], [2.3295658, 6.3968175], [2.3295708, 6.3968125], [2.3295676, 6.3968098]]], [[[2.3295536, 6.3968098], [2.3295595, 6.3968089], [2.3295572, 6.3968147], [2.3295663, 6.3968034], [2.329564, 6.3967994], [2.3295536, 6.3968098]]], [[[2.3295057, 6.3968106], [2.3294971, 6.3968183], [2.3295021, 6.3968255], [2.3295138, 6.3968224], [2.3295118, 6.3968195], [2.3295197, 6.3968183], [2.3295138, 6.3968165], [2.3295147, 6.3968111], [2.3295112, 6.3968185], [2.3295057, 6.3968106]]], [[[2.3295147, 6.3968522], [2.3295188, 6.3968491], [2.3295156, 6.3968373], [2.3295147, 6.3968522]]], [[[2.329501, 6.3966944], [2.3294955, 6.3966948], [2.3294968, 6.3967021], [2.3295095, 6.3966989], [2.3295054, 6.3966885], [2.329501, 6.3966944]]], [[[2.3294394, 6.3970036], [2.3294426, 6.3969964], [2.3294422, 6.3970018], [2.3294489, 6.3970018], [2.3294481, 6.3969891], [2.3294435, 6.3969959], [2.3294399, 6.3969918], [2.3294394, 6.3970036]]], [[[2.3294345, 6.3967148], [2.3294371, 6.3967165], [2.3294376, 6.396711], [2.329435, 6.396713], [2.3294367, 6.396706], [2.3294435, 6.3967079], [2.3294439, 6.3967015], [2.3294385, 6.3967042], [2.329438, 6.3966925], [2.3294335, 6.396697], [2.3294258, 6.3966938], [2.3294331, 6.3967092], [2.3294195, 6.3967092], [2.3294091, 6.3967164], [2.3294095, 6.3967273], [2.329415, 6.3967205], [2.3294186, 6.3967241], [2.3294181, 6.3967133], [2.3294263, 6.3967128], [2.3294272, 6.3967187], [2.3294317, 6.3967142], [2.3294335, 6.3967192], [2.3294345, 6.3967148]]], [[[2.32942, 6.3969932], [2.3294191, 6.3969977], [2.3294245, 6.3969968], [2.3294281, 6.3970054], [2.3294295, 6.3969973], [2.3294358, 6.3970004], [2.3294395, 6.3969955], [2.3294381, 6.3969914], [2.3294354, 6.3969977], [2.3294336, 6.3969896], [2.32942, 6.3969932]]], [[[2.3294254, 6.3970176], [2.3294354, 6.397009], [2.3294358, 6.3970009], [2.3294254, 6.3970176]]], [[[2.3293212, 6.3968795], [2.3293261, 6.3968818], [2.3293284, 6.396871], [2.3293361, 6.3968719], [2.3293365, 6.3968665], [2.3293239, 6.3968637], [2.3293271, 6.3968588], [2.3293221, 6.3968511], [2.3293207, 6.3968732], [2.3293275, 6.3968737], [2.3293212, 6.3968795]]], [[[2.3293352, 6.3968805], [2.329332, 6.3968737], [2.3293297, 6.3968809], [2.3293352, 6.3968805]]], [[[2.3293328, 6.3969298], [2.3293306, 6.3969424], [2.3293346, 6.3969442], [2.3293328, 6.3969298]]], [[[2.3293235, 6.3968348], [2.3293266, 6.3968429], [2.3293298, 6.396838], [2.3293235, 6.3968348]]]]}}, {"type": "Feature", "properties": {"fid": 35.0, "DN": 2, "area_m2": 116.88, "dep_m2": 1.999999999885404, "categorie": "Stress modéré", "cause_pro": "excès d'eau probable", "recomm": "Surveiller drainage, limiter les apports", "legende": "Stress modéré · excès d'eau probable : surveiller drainage, limiter les apports", "superf_ha": 0.0117}, "geometry": {"type": "MultiPolygon", "coordinates": [[[[2.3297791, 6.3965514], [2.3297841, 6.3965568], [2.3297759, 6.3965717], [2.329789, 6.3965681], [2.3297854, 6.3965754], [2.329789, 6.3965727], [2.3297877, 6.3965772], [2.3297958, 6.396579], [2.3297859, 6.3965776], [2.329784, 6.3965849], [2.3297931, 6.3965817], [2.3297908, 6.3965957], [2.3297659, 6.3966233], [2.3297627, 6.396631], [2.3297691, 6.3966337], [2.3297632, 6.3966355], [2.32976, 6.3966472], [2.3297668, 6.39665], [2.3297659, 6.396645], [2.3297817, 6.3966423], [2.3297754, 6.3966513], [2.3297799, 6.3966518], [2.3297668, 6.3966626], [2.329774, 6.3966577], [2.3297731, 6.3966649], [2.3297799, 6.3966653], [2.3297866, 6.3966803], [2.3298038, 6.3966726], [2.3298065, 6.3966762], [2.329797, 6.3966798], [2.3298038, 6.3966853], [2.3298106, 6.396679], [2.3298029, 6.3966685], [2.3298174, 6.3966663], [2.3298341, 6.3966478], [2.3298445, 6.3966473], [2.3298355, 6.3966473], [2.3298382, 6.3966433], [2.3298513, 6.3966415], [2.3298409, 6.3966351], [2.3298328, 6.3966387], [2.3298364, 6.3966424], [2.3298319, 6.396646], [2.329831, 6.3966374], [2.3298179, 6.3966491], [2.329817, 6.396645], [2.3298129, 6.3966491], [2.3298138, 6.3966423], [2.3298088, 6.3966482], [2.3298088, 6.3966432], [2.329803, 6.3966437], [2.3298079, 6.3966297], [2.329812, 6.3966337], [2.3298188, 6.3966301], [2.3298138, 6.3966283], [2.3298188, 6.3966215], [2.3298138, 6.396622], [2.3298193, 6.3966075], [2.3298265, 6.3966179], [2.3298238, 6.3966238], [2.3298288, 6.3966247], [2.3298252, 6.3966102], [2.3298338, 6.3966008], [2.3298188, 6.3965958], [2.3298338, 6.3965863], [2.3298329, 6.3965804], [2.3298247, 6.3965881], [2.3298166, 6.3965854], [2.3298234, 6.3965786], [2.3298125, 6.3965822], [2.3298193, 6.3965754], [2.3298252, 6.3965741], [2.3298252, 6.3965795], [2.3298311, 6.3965754], [2.329832, 6.3965591], [2.3298456, 6.3965687], [2.3298623, 6.3965705], [2.3298623, 6.3965624], [2.3298524, 6.3965556], [2.3298573, 6.3965501], [2.3298609, 6.3965547], [2.3298555, 6.3965316], [2.3298655, 6.3965366], [2.3298646, 6.3965316], [2.329875, 6.3965303], [2.3298691, 6.396528], [2.3298745, 6.396523], [2.3298651, 6.3965226], [2.3298696, 6.3965167], [2.329866, 6.3965189], [2.3298655, 6.3965135], [2.3298719, 6.3965056], [2.329856, 6.3965248], [2.3298492, 6.3965266], [2.3298515, 6.3965221], [2.3298452, 6.3965212], [2.3298402, 6.3965316], [2.3298284, 6.3965297], [2.329828, 6.396542], [2.3298167, 6.3965324], [2.3298226, 6.3965234], [2.329814, 6.3965198], [2.3298108, 6.3965238], [2.3298167, 6.3964976], [2.3298099, 6.3965053], [2.3298063, 6.3964967], [2.3298049, 6.396503], [2.3298004, 6.3965017], [2.3298063, 6.3965085], [2.3297963, 6.3965143], [2.3298018, 6.3965143], [2.3298013, 6.3965193], [2.3297936, 6.3965179], [2.3297895, 6.3965265], [2.3297814, 6.3965261], [2.3297855, 6.3965197], [2.329776, 6.3965089], [2.3297796, 6.3965044], [2.3297737, 6.3965062], [2.3297801, 6.3965247], [2.3297656, 6.3965116], [2.3297746, 6.3965315], [2.3297656, 6.3965297], [2.3297579, 6.3965373], [2.3297665, 6.3965346], [2.3297597, 6.3965464], [2.3297665, 6.3965473], [2.3297601, 6.3965527], [2.3297741, 6.3965469], [2.3297687, 6.3965559], [2.3297827, 6.3965469], [2.3297791, 6.3965514]], [[2.3297799, 6.3966631], [2.3297858, 6.3966595], [2.3297826, 6.3966672], [2.3297799, 6.3966631]]], [[[2.3298728, 6.3965045], [2.3298755, 6.3965072], [2.3298877, 6.3964864], [2.3298728, 6.3965045]]], [[[2.3298682, 6.396547], [2.3298596, 6.3965474], [2.3298632, 6.3965583], [2.3298682, 6.396547]]], [[[2.3298311, 6.396657], [2.3298237, 6.3966613], [2.3298341, 6.3966632], [2.3298311, 6.396657]]], [[[2.329816, 6.396674], [2.3298111, 6.396669], [2.3298092, 6.3966758], [2.329816, 6.396674]]], [[[2.329792, 6.3966902], [2.3298034, 6.3966866], [2.3297975, 6.3966821], [2.329792, 6.3966902]]], [[[2.3297749, 6.3966477], [2.3297672, 6.396654], [2.3297717, 6.3966567], [2.3297749, 6.3966477]]], [[[2.329771, 6.3965663], [2.3297655, 6.3965749], [2.3297691, 6.3965726], [2.3297691, 6.3965767], [2.329771, 6.3965663]]], [[[2.3297447, 6.3965839], [2.3297528, 6.3965862], [2.3297556, 6.3965789], [2.3297646, 6.3965776], [2.3297651, 6.3965717], [2.3297578, 6.396569], [2.3297678, 6.3965554], [2.3297588, 6.3965654], [2.329752, 6.396564], [2.3297533, 6.3965699], [2.3297461, 6.3965676], [2.3297511, 6.3965609], [2.3297384, 6.3965586], [2.3297461, 6.3965631], [2.329742, 6.3965758], [2.3297479, 6.3965771], [2.3297239, 6.3966069], [2.3297447, 6.3965839]], [[2.3297479, 6.3965807], [2.3297542, 6.3965762], [2.3297488, 6.3965812], [2.3297524, 6.3965839], [2.3297479, 6.3965807]]]]}}, {"type": "Feature", "properties": {"fid": 110.0, "DN": 2, "area_m2": 7745.21, "dep_m2": 49.87000000077387, "categorie": "Stress modéré", "cause_pro": "excès d'eau probable", "recomm": "Surveiller drainage, limiter les apports", "legende": "Stress modéré · excès d'eau probable : surveiller drainage, limiter les apports", "superf_ha": 0.7745}, "geometry": {"type": "MultiPolygon", "coordinates": [[[[2.330053, 6.3973115], [2.3300602, 6.3973092], [2.3300638, 6.3973201], [2.3300589, 6.3973205], [2.3300697, 6.3973314], [2.3300729, 6.3973164], [2.3300824, 6.3973187], [2.3300828, 6.3973137], [2.330086, 6.3973228], [2.3300987, 6.397321], [2.3300955, 6.3973165], [2.3301023, 6.3973093], [2.3301086, 6.3973093], [2.330105, 6.397316], [2.3301104, 6.3973174], [2.3301036, 6.3973174], [2.330105, 6.3973255], [2.3301195, 6.3973165], [2.3301249, 6.3973242], [2.3301298, 6.3973238], [2.3301285, 6.3973192], [2.3301312, 6.3973256], [2.3301326, 6.3973188], [2.3301371, 6.3973215], [2.3301321, 6.3973287], [2.3301285, 6.3973251], [2.3301235, 6.3973296], [2.3301231, 6.3973251], [2.3301194, 6.3973301], [2.3301461, 6.3973324], [2.3303179, 6.3973326], [2.3303202, 6.3973204], [2.3303261, 6.397319], [2.3303356, 6.3973254], [2.330346, 6.3973118], [2.3303451, 6.397305], [2.3303238, 6.3972874], [2.3303152, 6.3972978], [2.3303225, 6.39731], [2.3303089, 6.3973064], [2.330289, 6.3973145], [2.3302709, 6.397309], [2.3302592, 6.3972841], [2.3302109, 6.3972325], [2.3302227, 6.3972113], [2.330215, 6.3971805], [2.3302051, 6.3971674], [2.3302033, 6.3971344], [2.3301993, 6.397133], [2.3302001, 6.3971488], [2.3301902, 6.3971502], [2.3301915, 6.3971656], [2.3301992, 6.3971665], [2.3301965, 6.3971809], [2.3301884, 6.397176], [2.3301933, 6.3971755], [2.3301893, 6.3971651], [2.3301906, 6.3971705], [2.3301802, 6.3971705], [2.330182, 6.3971818], [2.3301698, 6.3971673], [2.3301671, 6.3971755], [2.3301545, 6.3971728], [2.3301567, 6.397161], [2.3301635, 6.3971569], [2.3301586, 6.3971511], [2.3301622, 6.3971411], [2.3301712, 6.3971416], [2.3301635, 6.3971389], [2.3301586, 6.3971443], [2.3301577, 6.3971339], [2.3301654, 6.3971361], [2.3301613, 6.3971257], [2.330159, 6.3971307], [2.3301532, 6.3971257], [2.3301527, 6.3971072], [2.3301473, 6.3971158], [2.3301419, 6.3971126], [2.330141, 6.3971189], [2.3301401, 6.3971135], [2.3301333, 6.3971185], [2.3301279, 6.3971148], [2.3301297, 6.3971067], [2.3301355, 6.3971117], [2.3301365, 6.3970972], [2.3301378, 6.3971026], [2.3301428, 6.397099], [2.3301383, 6.3970886], [2.3301324, 6.3971004], [2.330122, 6.3970891], [2.3301275, 6.3970787], [2.3301324, 6.3970805], [2.3301284, 6.3970701], [2.3301338, 6.3970773], [2.330141, 6.3970692], [2.3301311, 6.3970615], [2.3301306, 6.3970665], [2.3301202, 6.3970678], [2.3301211, 6.3970606], [2.3301107, 6.3970601], [2.3301085, 6.3970411], [2.3301017, 6.3970447], [2.330109, 6.3970456], [2.3301076, 6.3970551], [2.3301035, 6.397051], [2.3301035, 6.397056], [2.3300981, 6.3970601], [2.3301031, 6.3970569], [2.3301003, 6.3970673], [2.3300981, 6.3970601], [2.3300945, 6.3970628], [2.33009, 6.3970528], [2.3300913, 6.3970614], [2.3300814, 6.3970641], [2.3300913, 6.3970727], [2.3300899, 6.3970673], [2.3300949, 6.3970773], [2.3300972, 6.3970714], [2.3301067, 6.3970741], [2.3301008, 6.3970795], [2.3301035, 6.397085], [2.3300999, 6.3970908], [2.3300981, 6.3970827], [2.330094, 6.3970899], [2.3300868, 6.3970872], [2.3300953, 6.3970922], [2.3300839, 6.3971033], [2.3300781, 6.3970967], [2.3300836, 6.3970985], [2.3300831, 6.3970904], [2.33008, 6.3970962], [2.3300727, 6.3970935], [2.3300781, 6.3971021], [2.3300754, 6.397117], [2.3300804, 6.3971091], [2.3300836, 6.3971143], [2.3300682, 6.3971224], [2.3300655, 6.3971148], [2.3300596, 6.3971184], [2.3300668, 6.3971229], [2.3300569, 6.3971283], [2.3300573, 6.3971401], [2.33006, 6.3971365], [2.3300605, 6.3971432], [2.3300704, 6.3971469], [2.3300654, 6.3971536], [2.3300631, 6.3971513], [2.3300555, 6.3971563], [2.3300645, 6.3971586], [2.3300627, 6.397169], [2.3300681, 6.3971681], [2.3300789, 6.3971835], [2.3300799, 6.397179], [2.3300862, 6.3971817], [2.330083, 6.3971862], [2.3300893, 6.3971876], [2.3300839, 6.3971898], [2.3300893, 6.3971998], [2.3300898, 6.3971908], [2.3301006, 6.3971853], [2.3300921, 6.3971781], [2.3301, 6.3971753], [2.3300961, 6.397174], [2.3301025, 6.3971546], [2.3301084, 6.3971523], [2.3301061, 6.397156], [2.330112, 6.3971578], [2.330112, 6.3971533], [2.3301133, 6.3971596], [2.3301197, 6.3971555], [2.3301188, 6.3971605], [2.3301124, 6.39716], [2.3301133, 6.3971677], [2.3301047, 6.3971668], [2.3301065, 6.3971736], [2.3300993, 6.3971808], [2.3301052, 6.3971894], [2.3300934, 6.3971953], [2.3300975, 6.3971948], [2.3300947, 6.3972012], [2.3301011, 6.3971953], [2.3301015, 6.3972016], [2.3301115, 6.3971894], [2.3301083, 6.397198], [2.3301146, 6.3971971], [2.33012, 6.397208], [2.3301142, 6.397217], [2.3301074, 6.3972166], [2.3301069, 6.3972247], [2.3300947, 6.3972269], [2.3300997, 6.3972315], [2.330087, 6.3972437], [2.3300766, 6.3972351], [2.3300902, 6.3972369], [2.3300933, 6.397231], [2.3300929, 6.397222], [2.3300852, 6.3972206], [2.330087, 6.3972152], [2.3300793, 6.3972342], [2.3300758, 6.3972312], [2.3300803, 6.3972165], [2.3300694, 6.3972174], [2.3300703, 6.3972133], [2.3300748, 6.3972161], [2.3300749, 6.3972152], [2.3300879, 6.3972134], [2.3300785, 6.3972075], [2.3300749, 6.397215], [2.3300753, 6.3972088], [2.3300559, 6.3972043], [2.3300681, 6.3972138], [2.330064, 6.3972197], [2.3300762, 6.3972206], [2.3300711, 6.3972274], [2.330064, 6.3972215], [2.3300594, 6.3972332], [2.3300676, 6.3972283], [2.3300707, 6.3972391], [2.3300662, 6.3972382], [2.3300644, 6.397245], [2.3300734, 6.3972405], [2.3300707, 6.3972495], [2.3300653, 6.3972522], [2.3300635, 6.3972427], [2.3300599, 6.3972486], [2.330059, 6.3972391], [2.3300545, 6.3972414], [2.3300576, 6.3972463], [2.3300504, 6.3972391], [2.3300463, 6.3972495], [2.330054, 6.397249], [2.3300463, 6.3972536], [2.3300445, 6.3972459], [2.3300431, 6.3972508], [2.3300373, 6.3972499], [2.3300391, 6.3972576], [2.3300336, 6.3972522], [2.3300327, 6.3972581], [2.3300377, 6.3972685], [2.3300418, 6.3972644], [2.3300499, 6.3972685], [2.3300495, 6.3972567], [2.3300575, 6.397255], [2.3300594, 6.397259], [2.3300612, 6.3972509], [2.3300739, 6.3972581], [2.3300698, 6.3972504], [2.3300761, 6.3972559], [2.3300897, 6.3972477], [2.3300919, 6.3972681], [2.3300806, 6.3972767], [2.330091, 6.3972803], [2.3300856, 6.3972816], [2.330086, 6.3972893], [2.3300946, 6.3972821], [2.3300928, 6.3972735], [2.3300892, 6.3972749], [2.3300969, 6.3972654], [2.3300947, 6.3972609], [2.33011, 6.3972654], [2.3301137, 6.3972523], [2.3301245, 6.3972582], [2.3301155, 6.3972591], [2.3301087, 6.3972767], [2.3301046, 6.3972762], [2.3301037, 6.3972835], [2.3301123, 6.3972844], [2.3301135, 6.3972945], [2.3301154, 6.3972943], [2.3301131, 6.3972993], [2.3301104, 6.3972948], [2.3301122, 6.3972946], [2.3301095, 6.3972934], [2.3301077, 6.3972998], [2.3301073, 6.3972934], [2.3301037, 6.3973011], [2.3300991, 6.3972884], [2.3300869, 6.3973006], [2.3300847, 6.3972893], [2.3300774, 6.3972929], [2.3300779, 6.397283], [2.3300716, 6.3972798], [2.3300752, 6.3972685], [2.3300689, 6.397273], [2.3300662, 6.3972672], [2.3300598, 6.3972812], [2.3300526, 6.3972757], [2.3300458, 6.3972879], [2.3300562, 6.3972893], [2.3300499, 6.3972956], [2.3300544, 6.3973001], [2.3300588, 6.3972994], [2.3300575, 6.3973051], [2.3300521, 6.3973029], [2.330053, 6.3973115]], [[2.3301946, 6.3972063], [2.3301852, 6.3972076], [2.3301942, 6.3971909], [2.330198, 6.3971947], [2.3302001, 6.3971868], [2.3301942, 6.3971828], [2.3302046, 6.3971832], [2.3302064, 6.3971968], [2.330201, 6.3972031], [2.3302028, 6.3971932], [2.3301985, 6.3971951], [2.3301992, 6.3971959], [2.3301929, 6.3971968], [2.3301946, 6.3972063]], [[2.3300776, 6.3971401], [2.3300749, 6.3971455], [2.3300686, 6.3971396], [2.3300776, 6.3971401]], [[2.3300673, 6.3971338], [2.3300632, 6.3971405], [2.3300596, 6.3971342], [2.3300673, 6.3971338]]], [[[2.3301002, 6.3971753], [2.3301025, 6.3971745], [2.3301016, 6.3971673], [2.3301002, 6.3971753]]], [[[2.3301736, 6.3971191], [2.3301695, 6.3971077], [2.3301676, 6.3971167], [2.3301736, 6.3971191]]], [[[2.3301738, 6.3971196], [2.3301703, 6.3971208], [2.3301753, 6.3971285], [2.3301717, 6.3971316], [2.3301798, 6.3971407], [2.3301875, 6.397142], [2.3301979, 6.3971312], [2.3301794, 6.3971353], [2.3301738, 6.3971196]]], [[[2.3301902, 6.3971425], [2.3301843, 6.3971434], [2.3301866, 6.3971574], [2.3301902, 6.3971425]]], [[[2.3301685, 6.3971569], [2.330173, 6.3971461], [2.3301662, 6.3971425], [2.3301685, 6.3971569]]], [[[2.3289529, 6.3967452], [2.3289609, 6.3968031], [2.3289789, 6.3969221], [2.329005, 6.3969673], [2.3290831, 6.3970429], [2.3294444, 6.3973315], [2.3296958, 6.3973318], [2.329718, 6.3973277], [2.3297636, 6.3973319], [2.3297569, 6.3973287], [2.3297645, 6.3973278], [2.3297686, 6.3973133], [2.3297731, 6.3973147], [2.3297718, 6.3972944], [2.3297763, 6.3972993], [2.3297791, 6.3972944], [2.3297745, 6.3972935], [2.3297836, 6.3972813], [2.3297818, 6.3972772], [2.3297741, 6.397283], [2.329775, 6.3972776], [2.3297836, 6.3972754], [2.3297755, 6.3972708], [2.3297822, 6.3972699], [2.3297841, 6.3972586], [2.3297881, 6.3972623], [2.32979, 6.3972568], [2.3297922, 6.3972605], [2.3298049, 6.3972532], [2.3297931, 6.3972677], [2.3298017, 6.3972686], [2.3298017, 6.3972754], [2.3298094, 6.3972745], [2.3298089, 6.3972813], [2.3297917, 6.3972953], [2.3297958, 6.3972989], [2.3298057, 6.3972935], [2.3297989, 6.3973016], [2.3297922, 6.3972989], [2.3297885, 6.3973084], [2.3297854, 6.3973057], [2.329779, 6.3973233], [2.3297876, 6.3973116], [2.3297935, 6.3973098], [2.3297908, 6.3973156], [2.3297985, 6.3973156], [2.3297998, 6.3973128], [2.3297998, 6.3973179], [2.3298057, 6.3973129], [2.3298179, 6.3973179], [2.3298224, 6.3973121], [2.329831, 6.3973157], [2.329822, 6.3973044], [2.3298301, 6.3973026], [2.329832, 6.3972736], [2.3298275, 6.3972759], [2.3298302, 6.3972827], [2.3298249, 6.3972848], [2.3298283, 6.397284], [2.3298256, 6.3972944], [2.3298229, 6.3972908], [2.3298188, 6.3972953], [2.3298179, 6.3972863], [2.3298234, 6.3972851], [2.3298234, 6.3972741], [2.3298125, 6.3972768], [2.3298071, 6.3972704], [2.3298311, 6.397246], [2.3298347, 6.3972533], [2.3298376, 6.3972475], [2.329841, 6.3972501], [2.3298442, 6.3972393], [2.3298487, 6.3972501], [2.3298465, 6.3972438], [2.3298528, 6.3972348], [2.3298555, 6.3972402], [2.3298596, 6.3972298], [2.3298591, 6.3972397], [2.32987, 6.3972307], [2.3298677, 6.3972393], [2.3298736, 6.3972357], [2.3298704, 6.3972443], [2.3298655, 6.3972393], [2.3298605, 6.3972511], [2.3298691, 6.3972511], [2.3298709, 6.3972597], [2.3298808, 6.3972592], [2.3298749, 6.397261], [2.3298713, 6.3972764], [2.3298677, 6.3972741], [2.3298718, 6.3972696], [2.329865, 6.3972691], [2.3298677, 6.3972791], [2.3298794, 6.3972809], [2.3298903, 6.3972674], [2.3298939, 6.397271], [2.3298935, 6.3972633], [2.3298894, 6.3972647], [2.3298926, 6.3972511], [2.3298953, 6.3972543], [2.3299007, 6.3972479], [2.3298998, 6.3972412], [2.3299129, 6.3972416], [2.329903, 6.3972344], [2.3299093, 6.3972281], [2.3299161, 6.3972403], [2.3299016, 6.3972602], [2.3299165, 6.3972557], [2.3299161, 6.3972471], [2.3299233, 6.3972525], [2.3299224, 6.3972606], [2.3299138, 6.3972642], [2.3299135, 6.3972694], [2.3299107, 6.3972651], [2.3299147, 6.3972606], [2.3299102, 6.3972606], [2.3299075, 6.3972746], [2.3299134, 6.3972711], [2.3299129, 6.3972787], [2.3299201, 6.3972783], [2.3299301, 6.397267], [2.3299256, 6.397276], [2.3299314, 6.3972783], [2.3299333, 6.3972697], [2.3299387, 6.3972711], [2.329936, 6.3972647], [2.3299423, 6.3972679], [2.3299477, 6.3972575], [2.329955, 6.3972584], [2.32995, 6.3972634], [2.3299572, 6.397272], [2.3299608, 6.3972697], [2.3299599, 6.3972761], [2.3299613, 6.3972679], [2.3299644, 6.3972761], [2.3299726, 6.3972725], [2.3299672, 6.3972675], [2.3299658, 6.397272], [2.3299654, 6.3972647], [2.3299685, 6.3972675], [2.3299753, 6.3972607], [2.3299776, 6.3972666], [2.3299834, 6.3972689], [2.3299848, 6.3972625], [2.3299866, 6.3972666], [2.3299839, 6.3972571], [2.3299816, 6.3972625], [2.3299699, 6.3972471], [2.3299708, 6.3972535], [2.3299627, 6.3972539], [2.3299536, 6.3972426], [2.3299604, 6.3972349], [2.3299582, 6.3972281], [2.3299487, 6.3972263], [2.3299523, 6.3972304], [2.3299459, 6.3972399], [2.3299419, 6.397234], [2.329946, 6.397224], [2.3299374, 6.3972177], [2.3299238, 6.3972299], [2.3299279, 6.3972245], [2.3299229, 6.3972195], [2.3299292, 6.3972181], [2.3299211, 6.397215], [2.3299225, 6.3972104], [2.3299098, 6.3972204], [2.3299112, 6.3972249], [2.3299039, 6.3972217], [2.3299021, 6.3972136], [2.3299125, 6.3972136], [2.3299035, 6.3972072], [2.3299098, 6.3972018], [2.3299022, 6.397195], [2.3299094, 6.3971946], [2.3299189, 6.3972041], [2.3299266, 6.3971915], [2.3299211, 6.3971951], [2.3299234, 6.397191], [2.3299171, 6.3971865], [2.3299189, 6.3971711], [2.329913, 6.3971675], [2.329918, 6.3971634], [2.3299112, 6.3971575], [2.3299099, 6.3971638], [2.329909, 6.397158], [2.329899, 6.3971602], [2.3298932, 6.3971426], [2.3298995, 6.3971385], [2.3299045, 6.3971426], [2.3298995, 6.3971322], [2.3299036, 6.3971263], [2.329909, 6.3971259], [2.329909, 6.3971335], [2.3299131, 6.3971222], [2.3299232, 6.3971214], [2.3299208, 6.3971159], [2.329933, 6.3971101], [2.3299231, 6.3971078], [2.3299262, 6.397101], [2.3299168, 6.3970951], [2.3299254, 6.3970847], [2.3299159, 6.3970838], [2.3299177, 6.3970734], [2.3299095, 6.3970698], [2.3299163, 6.3970621], [2.3298978, 6.3970603], [2.3298973, 6.397068], [2.3299046, 6.397068], [2.3298973, 6.3970693], [2.329896, 6.3970766], [2.3299014, 6.3970802], [2.3298915, 6.3970806], [2.3298942, 6.397086], [2.3298896, 6.3970878], [2.3298901, 6.3970765], [2.3298847, 6.3970788], [2.3298851, 6.3970919], [2.3298808, 6.3970876], [2.3298833, 6.397077], [2.3298743, 6.3970887], [2.32988, 6.3970905], [2.3298788, 6.3970964], [2.3298729, 6.3970964], [2.3298756, 6.3971059], [2.3298833, 6.3970973], [2.3298874, 6.3971014], [2.3298751, 6.3971222], [2.3298751, 6.3971077], [2.3298697, 6.3971077], [2.3298742, 6.3971037], [2.3298602, 6.3970955], [2.3298634, 6.3970883], [2.3298571, 6.3970901], [2.3298584, 6.3970969], [2.3298548, 6.3970892], [2.3298512, 6.3970932], [2.3298444, 6.3970891], [2.3298444, 6.3970955], [2.329839, 6.3970851], [2.3298458, 6.3970715], [2.3298476, 6.3970747], [2.3298535, 6.3970679], [2.3298544, 6.3970742], [2.3298539, 6.3970656], [2.329858, 6.3970711], [2.3298657, 6.3970661], [2.3298653, 6.3970589], [2.3298594, 6.3970566], [2.3298657, 6.3970476], [2.3298662, 6.3970562], [2.3298707, 6.3970521], [2.3298666, 6.3970408], [2.3298752, 6.3970426], [2.3298716, 6.3970385], [2.329878, 6.3970322], [2.329882, 6.3970322], [2.3298816, 6.3970408], [2.3298865, 6.3970349], [2.3298862, 6.3970336], [2.3298983, 6.3970395], [2.3299051, 6.3970476], [2.3299019, 6.3970345], [2.3299119, 6.3970354], [2.3299064, 6.3970232], [2.3298965, 6.3970336], [2.329896, 6.3970255], [2.3299001, 6.3970264], [2.3298956, 6.3970191], [2.329892, 6.39703], [2.3298858, 6.3970321], [2.3298829, 6.3970209], [2.3298757, 6.39702], [2.329882, 6.3970137], [2.3298717, 6.3970145], [2.3298703, 6.3970073], [2.329868, 6.3970118], [2.3298622, 6.3970087], [2.3298644, 6.3969951], [2.3298581, 6.3969906], [2.3298567, 6.3969974], [2.3298527, 6.3969951], [2.3298572, 6.3969852], [2.3298676, 6.3969766], [2.3298749, 6.3969834], [2.3298875, 6.3969784], [2.329892, 6.3969838], [2.3298988, 6.3969762], [2.3299083, 6.3969784], [2.3299223, 6.3969631], [2.329925, 6.396973], [2.3299282, 6.3969644], [2.3299341, 6.3969694], [2.3299395, 6.3969649], [2.3299436, 6.3969762], [2.3299468, 6.3969703], [2.3299517, 6.396974], [2.3299522, 6.3969821], [2.3299589, 6.3969781], [2.3299558, 6.3969903], [2.3299635, 6.3969844], [2.3299666, 6.3969889], [2.3299743, 6.3969871], [2.3299743, 6.3969944], [2.329982, 6.3969975], [2.3299847, 6.3969903], [2.3299784, 6.3969871], [2.3299852, 6.3969844], [2.3299825, 6.3969776], [2.3300074, 6.3969569], [2.3300001, 6.396951], [2.3299974, 6.3969591], [2.3299929, 6.3969564], [2.3299811, 6.3969681], [2.3299829, 6.396955], [2.3299943, 6.3969478], [2.3299873, 6.3969406], [2.3299816, 6.3969428], [2.3299793, 6.3969378], [2.3299871, 6.3969404], [2.3299798, 6.3969329], [2.329988, 6.3969238], [2.329997, 6.3969238], [2.3299956, 6.3969279], [2.3300038, 6.396922], [2.3300011, 6.3969139], [2.3300097, 6.3969071], [2.3300029, 6.396903], [2.3300327, 6.3969022], [2.3300449, 6.396913], [2.3300546, 6.3969083], [2.3300544, 6.3969081], [2.3300547, 6.3969083], [2.3300653, 6.3969031], [2.3300585, 6.3968918], [2.3300621, 6.39689], [2.3300716, 6.3969054], [2.3300752, 6.3968986], [2.3300811, 6.3969036], [2.3300875, 6.3968977], [2.3300852, 6.3969063], [2.3300929, 6.3969081], [2.3300875, 6.3968805], [2.3300965, 6.3968937], [2.3300983, 6.396886], [2.3301024, 6.3968873], [2.3300992, 6.3968901], [2.3301055, 6.3968978], [2.3301037, 6.3968855], [2.3301083, 6.3968869], [2.3301091, 6.3969059], [2.3300947, 6.3969104], [2.3301014, 6.3969167], [2.3301005, 6.3969262], [2.3300951, 6.3969267], [2.3300928, 6.3969185], [2.3300955, 6.3969326], [2.3300856, 6.3969244], [2.3300833, 6.3969312], [2.3301, 6.3969434], [2.3300969, 6.3969484], [2.3301032, 6.3969493], [2.3301027, 6.3969565], [2.3301068, 6.3969538], [2.3301159, 6.3969606], [2.3301159, 6.3969547], [2.3301213, 6.3969552], [2.3301276, 6.3969638], [2.3301168, 6.3969624], [2.3301244, 6.3969665], [2.3301217, 6.3969724], [2.3301149, 6.3969679], [2.3301099, 6.396995], [2.3300928, 6.3969909], [2.33009, 6.396999], [2.3300941, 6.3970022], [2.3300873, 6.3970008], [2.3300918, 6.3970058], [2.3300848, 6.3970129], [2.3300828, 6.3970085], [2.3300792, 6.3970166], [2.3300719, 6.3970089], [2.3300746, 6.3970166], [2.3300692, 6.3970148], [2.3300639, 6.3970246], [2.330057, 6.3970112], [2.3300647, 6.3970107], [2.3300529, 6.3970089], [2.3300466, 6.3970261], [2.3300428, 6.3970244], [2.3300457, 6.397022], [2.330038, 6.3970053], [2.330034, 6.397013], [2.3300385, 6.3970243], [2.3300263, 6.3970243], [2.3300239, 6.3970341], [2.3300195, 6.3970292], [2.3300235, 6.3970252], [2.330015, 6.3970229], [2.3300127, 6.3970306], [2.3300158, 6.397027], [2.3300238, 6.3970341], [2.3300222, 6.397041], [2.3300416, 6.3970254], [2.3300412, 6.3970365], [2.3300543, 6.3970225], [2.3300511, 6.3970189], [2.3300637, 6.397025], [2.3300629, 6.3970266], [2.3300656, 6.3970325], [2.3300565, 6.3970225], [2.3300529, 6.3970252], [2.3300574, 6.3970383], [2.3300511, 6.3970356], [2.330052, 6.3970284], [2.3300466, 6.3970419], [2.3300533, 6.3970497], [2.3300497, 6.3970501], [2.3300533, 6.3970555], [2.3300541, 6.3970507], [2.3300552, 6.3970519], [2.3300552, 6.3970465], [2.3300597, 6.3970505], [2.3300633, 6.397046], [2.3300646, 6.3970505], [2.3300642, 6.3970429], [2.3300737, 6.397046], [2.3300714, 6.3970338], [2.3300732, 6.3970402], [2.3300769, 6.3970338], [2.3300823, 6.3970356], [2.3300818, 6.397046], [2.3300918, 6.3970375], [2.33009, 6.3970438], [2.3300977, 6.3970488], [2.330094, 6.3970397], [2.3301008, 6.3970447], [2.3301008, 6.3970348], [2.330109, 6.3970334], [2.3301022, 6.3970244], [2.3301076, 6.3970293], [2.3301076, 6.3970248], [2.330114, 6.3970262], [2.3301085, 6.3970217], [2.3301176, 6.3970144], [2.3301221, 6.3970208], [2.3301167, 6.3970248], [2.3301189, 6.3970298], [2.3301284, 6.397028], [2.3301235, 6.397023], [2.330128, 6.3970154], [2.3301249, 6.3969936], [2.3301316, 6.3969918], [2.3301316, 6.3969846], [2.3301393, 6.396995], [2.3301389, 6.3969715], [2.3301488, 6.3969873], [2.3301623, 6.3969952], [2.3301479, 6.3969797], [2.3301484, 6.3969756], [2.3301592, 6.3969765], [2.3301588, 6.3969539], [2.3301529, 6.3969503], [2.3301439, 6.3969561], [2.3301119, 6.3968978], [2.330111, 6.3968842], [2.3301187, 6.3968756], [2.3301146, 6.3968602], [2.3301228, 6.3968435], [2.3301102, 6.3968245], [2.3301125, 6.3967879], [2.3301283, 6.3967499], [2.3301125, 6.3967259], [2.3300999, 6.3967264], [2.3301026, 6.3967015], [2.3300922, 6.3966902], [2.3300932, 6.3966712], [2.3300832, 6.3966635], [2.3300887, 6.3966201], [2.330082, 6.3965726], [2.3300847, 6.3965568], [2.3300762, 6.3965405], [2.3300789, 6.3965269], [2.3300689, 6.3965409], [2.3300807, 6.3965545], [2.3300725, 6.3965608], [2.3300558, 6.3965531], [2.3300495, 6.396563], [2.3300463, 6.3965608], [2.3300513, 6.3965572], [2.3300454, 6.3965576], [2.3300549, 6.3965472], [2.3300504, 6.3965504], [2.3300513, 6.3965427], [2.3300454, 6.39654], [2.3300522, 6.3965404], [2.3300563, 6.3965341], [2.3300527, 6.3965291], [2.3300508, 6.3965377], [2.3300459, 6.3965355], [2.3300468, 6.3965255], [2.3300531, 6.396526], [2.3300482, 6.3965242], [2.33005, 6.3965196], [2.3300463, 6.396526], [2.33004, 6.3965232], [2.3300278, 6.3965291], [2.3300287, 6.3965377], [2.3300192, 6.3965418], [2.3300246, 6.3965345], [2.3300178, 6.3965332], [2.3300197, 6.3965228], [2.3300138, 6.396525], [2.3300161, 6.3965155], [2.3300016, 6.3965105], [2.3300052, 6.3965164], [2.3299984, 6.3965182], [2.3299953, 6.396506], [2.3299998, 6.3965001], [2.3300075, 6.3965019], [2.3300106, 6.3965096], [2.3300215, 6.396502], [2.330012, 6.3965119], [2.3300228, 6.3965142], [2.3300229, 6.3965074], [2.330026, 6.3965128], [2.3300283, 6.3965047], [2.330036, 6.3965061], [2.3300414, 6.3964975], [2.3300328, 6.3964943], [2.3300378, 6.3964902], [2.3300324, 6.3964902], [2.3300319, 6.3964848], [2.330026, 6.3964866], [2.3300324, 6.3964825], [2.3300288, 6.3964739], [2.3300383, 6.3964672], [2.3300378, 6.3964522], [2.3300464, 6.3964518], [2.3300419, 6.3964455], [2.3300465, 6.3964324], [2.3300514, 6.3964319], [2.3300514, 6.396426], [2.3300379, 6.3964247], [2.3300465, 6.3964197], [2.3300424, 6.3964097], [2.3300352, 6.3964093], [2.3300325, 6.3964237], [2.3300261, 6.3964206], [2.3300302, 6.3964251], [2.3300243, 6.3964219], [2.3300243, 6.3964292], [2.3300154, 6.3964184], [2.3300162, 6.3964174], [2.3300071, 6.3964187], [2.3300094, 6.3964255], [2.3300153, 6.3964185], [2.3300144, 6.3964323], [2.3300022, 6.3964309], [2.3300117, 6.3964282], [2.3300044, 6.3964201], [2.3300017, 6.39643], [2.3299949, 6.3964296], [2.3299999, 6.3964251], [2.3299949, 6.3964128], [2.3299859, 6.3964174], [2.3299751, 6.3964085], [2.3299846, 6.3964047], [2.3299828, 6.3963884], [2.3299814, 6.3963993], [2.3299764, 6.3963956], [2.3299629, 6.3964001], [2.3299692, 6.3964047], [2.3299678, 6.3964115], [2.3299733, 6.3964092], [2.3299719, 6.396416], [2.3299624, 6.3964105], [2.3299479, 6.3964209], [2.3299506, 6.3964268], [2.3299402, 6.3964268], [2.3299398, 6.3964327], [2.3299452, 6.3964336], [2.3299257, 6.3964426], [2.3299266, 6.3964485], [2.3299321, 6.3964449], [2.3299284, 6.3964507], [2.3299361, 6.3964494], [2.3299334, 6.3964566], [2.3299461, 6.396463], [2.3299442, 6.396467], [2.3299569, 6.396468], [2.3299492, 6.396468], [2.3299596, 6.3964788], [2.3299519, 6.3964883], [2.32996, 6.396491], [2.3299578, 6.3965046], [2.3299514, 6.3965087], [2.3299582, 6.396506], [2.3299618, 6.396515], [2.3299646, 6.3964938], [2.3299668, 6.3965019], [2.3299673, 6.3964969], [2.3299709, 6.3965005], [2.3299777, 6.3964956], [2.3299804, 6.3965046], [2.3299835, 6.396501], [2.3299772, 6.3965105], [2.3299831, 6.3965119], [2.3299803, 6.3965268], [2.3299699, 6.3965186], [2.3299632, 6.3965231], [2.3299564, 6.3965159], [2.329951, 6.3965182], [2.3299591, 6.3965218], [2.3299537, 6.3965277], [2.3299559, 6.3965335], [2.3299604, 6.3965335], [2.3299591, 6.3965258], [2.329965, 6.3965259], [2.329964, 6.3965376], [2.3299668, 6.3965308], [2.3299781, 6.3965308], [2.3299744, 6.396539], [2.3299799, 6.3965381], [2.3299844, 6.3965268], [2.3299848, 6.3965394], [2.329979, 6.3965394], [2.329983, 6.3965462], [2.3299767, 6.3965485], [2.3299817, 6.3965503], [2.329974, 6.3965521], [2.3299731, 6.3965602], [2.3299785, 6.3965621], [2.3299803, 6.3965544], [2.3299857, 6.396558], [2.3299817, 6.3965476], [2.3299875, 6.3965435], [2.3299916, 6.396558], [2.3299966, 6.3965566], [2.3299884, 6.3965616], [2.3299902, 6.3965707], [2.3299816, 6.3965774], [2.3299898, 6.3965788], [2.3299911, 6.3965725], [2.3299943, 6.396577], [2.3300011, 6.3965707], [2.3300015, 6.3965788], [2.3300087, 6.3965833], [2.3300051, 6.3965743], [2.3300097, 6.396572], [2.3300173, 6.396573], [2.3300205, 6.3965811], [2.3300282, 6.3965802], [2.3300232, 6.3965865], [2.3300304, 6.3965865], [2.3300214, 6.396587], [2.3300241, 6.3965938], [2.3300213, 6.3965946], [2.3300245, 6.3966033], [2.33003, 6.3966028], [2.3300295, 6.3966137], [2.3300318, 6.3966055], [2.3300381, 6.3966083], [2.3300358, 6.3966146], [2.3300412, 6.3966187], [2.3300372, 6.3966205], [2.3300449, 6.3966232], [2.330034, 6.3966327], [2.3300408, 6.3966381], [2.3300295, 6.3966349], [2.3300263, 6.396644], [2.3300263, 6.3966381], [2.3300227, 6.3966421], [2.3300177, 6.396639], [2.3300218, 6.3966535], [2.3300132, 6.396662], [2.3300254, 6.3966706], [2.3300208, 6.3966743], [2.3300208, 6.3966688], [2.330015, 6.3966684], [2.3300199, 6.3966752], [2.3300158, 6.3966806], [2.3300163, 6.3966765], [2.3300104, 6.3966788], [2.3300095, 6.3966883], [2.3300176, 6.396691], [2.3300063, 6.396695], [2.3300077, 6.3966963], [2.3300036, 6.3967023], [2.330009, 6.3967009], [2.3300088, 6.3966972], [2.3300099, 6.3966982], [2.3300154, 6.3966919], [2.3300185, 6.3967018], [2.3300149, 6.3966982], [2.3300068, 6.3967109], [2.3299864, 6.3967185], [2.3299846, 6.3967298], [2.3299733, 6.3967262], [2.3299792, 6.3967325], [2.3299724, 6.3967398], [2.3299773, 6.3967425], [2.3299814, 6.3967303], [2.3299855, 6.3967407], [2.3299809, 6.3967475], [2.3299715, 6.3967465], [2.3299692, 6.3967556], [2.3299678, 6.3967456], [2.3299561, 6.3967452], [2.3299566, 6.3967325], [2.329952, 6.3967456], [2.3299516, 6.3967388], [2.3299461, 6.3967452], [2.3299398, 6.3967442], [2.3299376, 6.396737], [2.3299294, 6.3967383], [2.3299294, 6.3967519], [2.3299167, 6.3967646], [2.3299217, 6.3967655], [2.3299303, 6.3967515], [2.3299321, 6.3967578], [2.3299339, 6.3967456], [2.3299357, 6.3967659], [2.3299289, 6.396765], [2.3299271, 6.3967705], [2.3299335, 6.3967696], [2.3299343, 6.3967741], [2.3299208, 6.3967799], [2.3299226, 6.3967732], [2.3299018, 6.3967953], [2.3298959, 6.3967899], [2.3299045, 6.396789], [2.3298977, 6.3967862], [2.3298991, 6.3967795], [2.3298941, 6.3967876], [2.3298896, 6.3967835], [2.3298932, 6.3967785], [2.3298873, 6.3967808], [2.3298909, 6.3967758], [2.3298796, 6.3967713], [2.3298864, 6.3967627], [2.3298887, 6.3967677], [2.3299054, 6.3967632], [2.3299072, 6.3967587], [2.3298982, 6.3967591], [2.329905, 6.3967541], [2.3299005, 6.3967514], [2.3299055, 6.3967406], [2.3298987, 6.3967428], [2.3298987, 6.3967573], [2.329896, 6.3967483], [2.3298783, 6.3967437], [2.329877, 6.3967487], [2.3298815, 6.3967487], [2.3298688, 6.3967536], [2.3298761, 6.3967559], [2.3298706, 6.3967618], [2.3298788, 6.3967645], [2.3298787, 6.3967749], [2.329872, 6.3967754], [2.3298679, 6.3967862], [2.3298733, 6.3967898], [2.3298683, 6.3967943], [2.3298638, 6.3967857], [2.3298661, 6.3967912], [2.3298597, 6.3967934], [2.3298634, 6.3967839], [2.3298593, 6.3967821], [2.329857, 6.3967907], [2.329853, 6.396783], [2.3298556, 6.3968007], [2.3298484, 6.3968083], [2.329857, 6.3968065], [2.3298529, 6.3968129], [2.329857, 6.3968201], [2.3298461, 6.3968205], [2.3298447, 6.3968395], [2.3298402, 6.3968391], [2.3298515, 6.3968409], [2.3298628, 6.3968301], [2.3298646, 6.3968436], [2.3298497, 6.3968472], [2.329852, 6.3968581], [2.3298443, 6.3968531], [2.3298474, 6.3968581], [2.3298397, 6.3968585], [2.3298409, 6.3968531], [2.3298348, 6.3968531], [2.3298307, 6.3968603], [2.3298248, 6.3968571], [2.3298217, 6.3968653], [2.3298275, 6.3968657], [2.3298185, 6.3968666], [2.3298144, 6.3968815], [2.329809, 6.3968766], [2.3298153, 6.3968693], [2.3298018, 6.3968752], [2.3298036, 6.3968689], [2.3297905, 6.3968684], [2.3298018, 6.3968612], [2.3297792, 6.3968666], [2.329776, 6.3968589], [2.3297688, 6.3968593], [2.3297701, 6.3968535], [2.3297629, 6.3968566], [2.3297624, 6.3968503], [2.3297575, 6.3968566], [2.3297593, 6.3968512], [2.3297471, 6.3968498], [2.3297462, 6.3968557], [2.329743, 6.3968512], [2.3297416, 6.3968611], [2.3297394, 6.396857], [2.3297371, 6.396862], [2.3297367, 6.3968579], [2.3297281, 6.396862], [2.3297376, 6.3968507], [2.3297421, 6.3968525], [2.329739, 6.3968412], [2.3297539, 6.3968476], [2.3297656, 6.3968277], [2.3297747, 6.3968232], [2.3297652, 6.3968241], [2.3297593, 6.3968358], [2.3297616, 6.3968281], [2.3297552, 6.3968317], [2.3297485, 6.3968267], [2.329743, 6.3968394], [2.329739, 6.3968385], [2.3297435, 6.3968254], [2.3297317, 6.3968403], [2.3297236, 6.3968367], [2.3297349, 6.3968272], [2.3297326, 6.3968208], [2.3297268, 6.3968245], [2.3297299, 6.3968195], [2.3297232, 6.3968168], [2.3297223, 6.3968059], [2.3297168, 6.3968082], [2.3297209, 6.3968005], [2.3297304, 6.3967991], [2.3297255, 6.3967932], [2.3297128, 6.3967978], [2.3297164, 6.3968041], [2.3297128, 6.3968091], [2.3297083, 6.3968036], [2.3297042, 6.3968149], [2.3297087, 6.3968172], [2.3296987, 6.3968258], [2.3296983, 6.3968176], [2.3296965, 6.396824], [2.3296924, 6.3968185], [2.3296757, 6.3968212], [2.3296771, 6.3968126], [2.329668, 6.396823], [2.3296594, 6.3968113], [2.3296635, 6.3968072], [2.3296581, 6.3968067], [2.3296626, 6.3968022], [2.3296517, 6.3968081], [2.3296527, 6.3968022], [2.3296481, 6.3968022], [2.329659, 6.3967932], [2.3296585, 6.3967898], [2.3296626, 6.3967868], [2.3296581, 6.3967959], [2.3296676, 6.3967932], [2.3296685, 6.3968], [2.3296744, 6.3967869], [2.3296644, 6.3967877], [2.3296595, 6.3967837], [2.3296631, 6.3967819], [2.3296573, 6.3967769], [2.3296595, 6.396776], [2.3296568, 6.3967728], [2.3296767, 6.3967493], [2.3296749, 6.3967557], [2.3296848, 6.3967557], [2.3296817, 6.3967457], [2.3296862, 6.396753], [2.3296925, 6.3967398], [2.3296966, 6.3967466], [2.3297092, 6.3967435], [2.3297074, 6.3967385], [2.3297129, 6.3967439], [2.3297097, 6.3967349], [2.3296998, 6.3967295], [2.3297151, 6.3967259], [2.3297183, 6.39672], [2.329712, 6.3967344], [2.3297196, 6.3967385], [2.3297278, 6.396734], [2.3297282, 6.3967381], [2.3297391, 6.3967286], [2.3297364, 6.3967404], [2.3297495, 6.3967386], [2.3297499, 6.3967467], [2.3297549, 6.3967214], [2.3297735, 6.3967115], [2.3297685, 6.396711], [2.3297694, 6.3967002], [2.3297613, 6.3967092], [2.3297635, 6.3967006], [2.3297581, 6.396697], [2.3297568, 6.3967033], [2.3297554, 6.3966911], [2.3297513, 6.396697], [2.3297369, 6.3966947], [2.3297409, 6.3967123], [2.329735, 6.3967191], [2.3297301, 6.3967191], [2.3297323, 6.3967087], [2.3297283, 6.3967105], [2.3297328, 6.3966997], [2.3297192, 6.3967109], [2.3297165, 6.3967078], [2.329736, 6.3966843], [2.3297383, 6.3966698], [2.3297505, 6.3966554], [2.3297541, 6.3966576], [2.3297559, 6.3966499], [2.32975, 6.3966536], [2.3297541, 6.3966472], [2.3297374, 6.3966662], [2.3297342, 6.3966639], [2.3297337, 6.3966703], [2.329732, 6.3966635], [2.3297288, 6.3966707], [2.329727, 6.3966608], [2.3297229, 6.3966617], [2.3297215, 6.3966702], [2.3297279, 6.396677], [2.3297052, 6.3967041], [2.329703, 6.3967001], [2.3296989, 6.3967041], [2.3296885, 6.3966919], [2.3296799, 6.3966933], [2.329684, 6.3966887], [2.3296912, 6.3966928], [2.3296948, 6.3966874], [2.3296817, 6.3966833], [2.3296908, 6.396677], [2.3296799, 6.3966729], [2.3296867, 6.3966648], [2.3296867, 6.3966716], [2.329694, 6.3966625], [2.3296998, 6.3966648], [2.3296944, 6.3966562], [2.3297062, 6.3966571], [2.3297021, 6.3966607], [2.3297071, 6.3966666], [2.3297098, 6.3966607], [2.3297057, 6.3966589], [2.3297143, 6.3966549], [2.3297103, 6.3966526], [2.3297198, 6.3966494], [2.3297044, 6.396644], [2.3297329, 6.3966097], [2.3297107, 6.3966354], [2.3297049, 6.3966359], [2.3297058, 6.3966413], [2.3297012, 6.3966422], [2.3297003, 6.3966363], [2.3296949, 6.396644], [2.3296908, 6.3966386], [2.3296899, 6.3966598], [2.329679, 6.3966729], [2.3296718, 6.3966724], [2.3296704, 6.3966783], [2.3296763, 6.3966756], [2.3296664, 6.3966883], [2.3296632, 6.3966828], [2.3296673, 6.3966783], [2.329661, 6.3966779], [2.3296628, 6.3966711], [2.3296686, 6.3966733], [2.3296655, 6.3966625], [2.3296623, 6.3966656], [2.3296601, 6.3966602], [2.3296501, 6.396667], [2.3296483, 6.396662], [2.3296429, 6.3966683], [2.3296429, 6.3966606], [2.3296375, 6.3966674], [2.3296352, 6.3966611], [2.3296583, 6.3966335], [2.329661, 6.3966439], [2.3296673, 6.3966435], [2.3296664, 6.3966534], [2.3296786, 6.3966444], [2.3296746, 6.3966345], [2.3296796, 6.3966281], [2.3296836, 6.3966268], [2.3296836, 6.3966327], [2.329685, 6.3966263], [2.3296967, 6.396625], [2.32969, 6.3966046], [2.3296773, 6.3966132], [2.3296766, 6.3966198], [2.3296818, 6.3966164], [2.3296814, 6.3966223], [2.3296766, 6.3966201], [2.3296764, 6.3966223], [2.3296705, 6.3966191], [2.3296904, 6.3965951], [2.3296968, 6.3966001], [2.3296932, 6.396592], [2.3297063, 6.3965829], [2.329704, 6.3965771], [2.3296941, 6.3965875], [2.3296936, 6.3965802], [2.3296991, 6.3965775], [2.3296936, 6.3965789], [2.3296637, 6.3966195], [2.3296425, 6.3966367], [2.3296438, 6.3966426], [2.3296388, 6.3966407], [2.3296397, 6.3966475], [2.3296339, 6.3966471], [2.3296325, 6.3966389], [2.3296302, 6.3966466], [2.3296262, 6.3966452], [2.3296285, 6.3966267], [2.3296176, 6.3966312], [2.3296203, 6.3966285], [2.3296108, 6.3966244], [2.3296054, 6.396628], [2.3296072, 6.3966286], [2.3296068, 6.3966353], [2.3296023, 6.3966305], [2.3296027, 6.3966384], [2.3296122, 6.3966421], [2.3296081, 6.3966497], [2.3296036, 6.396647], [2.3296063, 6.3966425], [2.3296009, 6.3966452], [2.3295995, 6.3966511], [2.3295973, 6.3966425], [2.3295873, 6.3966438], [2.3295882, 6.3966353], [2.3295841, 6.3966375], [2.3295787, 6.3966312], [2.3295733, 6.396642], [2.3295787, 6.3966366], [2.3295783, 6.3966465], [2.3295841, 6.3966475], [2.329581, 6.3966533], [2.3295873, 6.3966592], [2.3295927, 6.3966552], [2.3295913, 6.3966628], [2.3295977, 6.3966656], [2.3295936, 6.3966809], [2.3295921, 6.3966806], [2.3295904, 6.3966741], [2.329576, 6.3966814], [2.3295759, 6.3966949], [2.3295705, 6.3966795], [2.329576, 6.3966796], [2.3295669, 6.396675], [2.3295565, 6.3966895], [2.3295578, 6.3966958], [2.3295511, 6.3966972], [2.3295638, 6.3966759], [2.3295583, 6.3966709], [2.3295515, 6.3966764], [2.3295565, 6.3966854], [2.3295452, 6.3966904], [2.3295449, 6.3966779], [2.3295407, 6.3966818], [2.3295384, 6.3966777], [2.3295449, 6.3966769], [2.3295448, 6.3966691], [2.329561, 6.3966678], [2.3295588, 6.3966709], [2.3295642, 6.396675], [2.3295678, 6.3966687], [2.3295648, 6.3966675], [2.3295724, 6.3966669], [2.3295665, 6.3966642], [2.3295701, 6.3966538], [2.3295642, 6.3966538], [2.3295647, 6.3966492], [2.3295579, 6.3966605], [2.329552, 6.3966524], [2.3295461, 6.3966578], [2.3295488, 6.3966632], [2.329543, 6.3966592], [2.3295421, 6.3966745], [2.3295412, 6.3966655], [2.3295339, 6.3966691], [2.3295312, 6.3966596], [2.3295303, 6.3966709], [2.3295253, 6.3966759], [2.3295249, 6.3966646], [2.3295194, 6.3966772], [2.3295213, 6.3966623], [2.3295059, 6.3966786], [2.3295086, 6.3966862], [2.3294991, 6.3966926], [2.3294964, 6.396688], [2.3295009, 6.3966849], [2.3294923, 6.3966903], [2.3294946, 6.3966862], [2.3294851, 6.3966885], [2.3294846, 6.3966821], [2.3294724, 6.3966907], [2.3294688, 6.396683], [2.3294774, 6.3966817], [2.3294779, 6.3966735], [2.3294693, 6.3966817], [2.3294657, 6.3966787], [2.3294692, 6.3966871], [2.3294611, 6.3966884], [2.3294584, 6.3966803], [2.3294655, 6.3966785], [2.3294584, 6.3966726], [2.3294593, 6.3966771], [2.3294494, 6.396678], [2.3294539, 6.3966807], [2.3294471, 6.3966929], [2.3294462, 6.3966871], [2.3294385, 6.3966893], [2.3294412, 6.3966744], [2.3294322, 6.3966785], [2.3294317, 6.3966726], [2.3294385, 6.3966708], [2.3294318, 6.3966613], [2.329434, 6.3966554], [2.329429, 6.396659], [2.3294254, 6.396654], [2.329425, 6.3966613], [2.32942, 6.3966608], [2.329425, 6.3966518], [2.3294376, 6.3966504], [2.3294399, 6.3966437], [2.3294349, 6.3966477], [2.3294368, 6.3966405], [2.3294322, 6.3966405], [2.3294377, 6.3966337], [2.329439, 6.3966382], [2.3294431, 6.3966328], [2.3294435, 6.39664], [2.329458, 6.396636], [2.3294449, 6.3966455], [2.3294499, 6.39665], [2.3294567, 6.3966401], [2.3294641, 6.3966463], [2.3294625, 6.3966473], [2.3294625, 6.3966532], [2.3294603, 6.39665], [2.3294566, 6.396664], [2.3294616, 6.3966699], [2.329462, 6.3966627], [2.3294684, 6.3966613], [2.329463, 6.3966538], [2.3294702, 6.3966496], [2.329467, 6.3966459], [2.3294734, 6.39665], [2.3294688, 6.3966613], [2.3294765, 6.3966595], [2.3294811, 6.3966442], [2.3294729, 6.396641], [2.3294652, 6.3966456], [2.329467, 6.396641], [2.329458, 6.3966319], [2.3294607, 6.3966211], [2.3294562, 6.3966215], [2.3294594, 6.3966152], [2.3294445, 6.3966179], [2.3294476, 6.3966111], [2.329454, 6.3966116], [2.3294499, 6.396603], [2.3294594, 6.3965917], [2.329468, 6.3965912], [2.3294644, 6.3965863], [2.3294834, 6.3965704], [2.3294907, 6.3965528], [2.3295038, 6.3965429], [2.3295051, 6.3965547], [2.3295133, 6.3965474], [2.3295042, 6.3965452], [2.3295128, 6.3965452], [2.3295165, 6.3965361], [2.3295151, 6.3965438], [2.3295246, 6.3965465], [2.3295106, 6.3965578], [2.3295119, 6.3965678], [2.3295169, 6.3965682], [2.3295196, 6.3965583], [2.3295214, 6.3965655], [2.3295277, 6.3965588], [2.3295323, 6.3965633], [2.3295291, 6.3965461], [2.3295364, 6.3965393], [2.3295336, 6.3965502], [2.3295458, 6.3965479], [2.3295562, 6.3965375], [2.3295481, 6.3965411], [2.3295445, 6.3965289], [2.3295377, 6.3965343], [2.3295377, 6.3965248], [2.3295422, 6.396528], [2.3295423, 6.396523], [2.3295454, 6.3965289], [2.3295527, 6.3965185], [2.3295517, 6.3965253], [2.3295573, 6.3965243], [2.3295545, 6.3965271], [2.3295599, 6.3965312], [2.3295626, 6.3965267], [2.3295585, 6.3965298], [2.3295577, 6.3965242], [2.329559, 6.396524], [2.3295644, 6.3965145], [2.3295608, 6.3965063], [2.3295676, 6.3965122], [2.3295658, 6.3965176], [2.3295721, 6.396514], [2.3295671, 6.3965249], [2.3295707, 6.3965235], [2.3295635, 6.3965285], [2.3295671, 6.3965281], [2.3295657, 6.3965375], [2.3295707, 6.3965312], [2.329563, 6.3965479], [2.3295748, 6.3965502], [2.3295693, 6.3965737], [2.3295725, 6.3965719], [2.3295765, 6.3965837], [2.3295802, 6.3965728], [2.3295865, 6.3965796], [2.3295969, 6.3965729], [2.3295982, 6.3965792], [2.3295928, 6.3965819], [2.3295991, 6.3965851], [2.3296, 6.3965995], [2.3296045, 6.3965995], [2.329595, 6.3966095], [2.3295905, 6.396595], [2.3295991, 6.3965968], [2.3295905, 6.3965918], [2.3295887, 6.3965982], [2.3295738, 6.3966022], [2.3295801, 6.396614], [2.3295711, 6.3966185], [2.3295774, 6.3966208], [2.3295787, 6.3966162], [2.3295815, 6.3966221], [2.3295923, 6.3966108], [2.3295968, 6.3966149], [2.3296041, 6.3966077], [2.3296072, 6.3966145], [2.3296136, 6.3966136], [2.3296095, 6.3966068], [2.3296181, 6.3966104], [2.3296172, 6.3965955], [2.3296113, 6.3965982], [2.329614, 6.3966045], [2.3296063, 6.3966009], [2.3296136, 6.3965923], [2.3296199, 6.3965937], [2.3296199, 6.3966023], [2.3296294, 6.3965969], [2.3296267, 6.3966027], [2.3296312, 6.3966041], [2.3296326, 6.3965765], [2.329643, 6.3965702], [2.3296376, 6.3965539], [2.3296489, 6.3965467], [2.3296462, 6.3965553], [2.3296516, 6.396558], [2.3296507, 6.3965512], [2.3296543, 6.3965539], [2.3296625, 6.3965458], [2.3296643, 6.3965558], [2.3296774, 6.396539], [2.3296575, 6.3965368], [2.3296512, 6.396525], [2.3296708, 6.3965149], [2.3296716, 6.3965228], [2.3296747, 6.3965169], [2.3296716, 6.3965145], [2.3296802, 6.3965101], [2.329677, 6.3965024], [2.3296883, 6.3964862], [2.3296838, 6.3964884], [2.3296825, 6.3964825], [2.3296793, 6.3964866], [2.3296761, 6.3964771], [2.3296707, 6.3964812], [2.3296712, 6.3964744], [2.3296576, 6.3964698], [2.3296571, 6.3964839], [2.3296621, 6.3964857], [2.3296539, 6.3965024], [2.3296616, 6.396511], [2.3296553, 6.3965105], [2.3296566, 6.396516], [2.3296503, 6.3965187], [2.329644, 6.3965146], [2.3296462, 6.3965196], [2.3296349, 6.3965123], [2.32962, 6.3965272], [2.3296114, 6.3965173], [2.3296096, 6.3965245], [2.3296087, 6.3965127], [2.3296155, 6.3965078], [2.3296096, 6.3965082], [2.329611, 6.3964987], [2.3296038, 6.3964937], [2.3295956, 6.3964991], [2.3295839, 6.3964969], [2.3295857, 6.3965014], [2.329578, 6.3965077], [2.3295784, 6.3964996], [2.3295721, 6.3965], [2.329578, 6.3964955], [2.3295581, 6.396505], [2.3295622, 6.3964959], [2.3295577, 6.3964928], [2.3295644, 6.3964878], [2.3295586, 6.3964855], [2.3295559, 6.3964928], [2.3295563, 6.3964869], [2.3295513, 6.3964905], [2.3295545, 6.3964851], [2.3295477, 6.3964869], [2.3295586, 6.3964815], [2.3295572, 6.3964679], [2.3295527, 6.3964683], [2.3295581, 6.3964647], [2.3295636, 6.396472], [2.3295654, 6.3964629], [2.3295749, 6.3964652], [2.3295672, 6.3964697], [2.3295726, 6.3964693], [2.3295703, 6.3964756], [2.3295785, 6.3964819], [2.329588, 6.3964792], [2.3295884, 6.3964946], [2.3295988, 6.3964874], [2.329592, 6.3964878], [2.3295975, 6.3964815], [2.3295871, 6.3964779], [2.3295871, 6.3964684], [2.3295762, 6.3964684], [2.3295822, 6.3964633], [2.329583, 6.3964657], [2.3295925, 6.3964643], [2.3295957, 6.3964535], [2.3295866, 6.396458], [2.3295867, 6.3964503], [2.3295785, 6.3964525], [2.3295819, 6.3964624], [2.3295735, 6.3964557], [2.3295738, 6.3964554], [2.3295708, 6.3964566], [2.3295686, 6.3964494], [2.3295776, 6.3964444], [2.3295799, 6.3964394], [2.3295754, 6.3964408], [2.3295912, 6.3964218], [2.3295984, 6.3964196], [2.329603, 6.3964282], [2.3296025, 6.396415], [2.3296061, 6.39642], [2.3296143, 6.3964151], [2.3296084, 6.3964092], [2.3296193, 6.3964128], [2.3296116, 6.3963979], [2.3296677, 6.3963315], [2.3296546, 6.3963441], [2.3296519, 6.3963364], [2.3296537, 6.396345], [2.3296139, 6.3963934], [2.3296102, 6.3963911], [2.3296052, 6.3964033], [2.3295962, 6.3964051], [2.329598, 6.396411], [2.3295862, 6.3964195], [2.3295844, 6.3964277], [2.3295822, 6.3964218], [2.3295704, 6.3964444], [2.3295595, 6.3964421], [2.3295632, 6.3964331], [2.3295577, 6.396443], [2.3295433, 6.396443], [2.3295419, 6.3964489], [2.3295496, 6.3964498], [2.3295464, 6.3964521], [2.3295532, 6.3964525], [2.3295541, 6.3964475], [2.3295613, 6.3964539], [2.3295545, 6.3964552], [2.3295609, 6.3964557], [2.3295459, 6.3964729], [2.3295378, 6.396471], [2.3295441, 6.3964625], [2.3295387, 6.3964633], [2.3295342, 6.396476], [2.3295418, 6.3964842], [2.3295301, 6.3964982], [2.3295179, 6.3964914], [2.3295174, 6.3964855], [2.3295084, 6.3964891], [2.3295106, 6.3964936], [2.3295043, 6.3964981], [2.3295083, 6.3965016], [2.3294998, 6.3964995], [2.3295026, 6.3964942], [2.3295025, 6.3964963], [2.3295088, 6.3964932], [2.3295066, 6.3964828], [2.3295192, 6.3964805], [2.3295206, 6.3964697], [2.3295098, 6.3964742], [2.3295129, 6.39648], [2.3295098, 6.396476], [2.329503, 6.3964818], [2.3295027, 6.3964887], [2.3294984, 6.3964827], [2.3295012, 6.3964778], [2.329493, 6.3964841], [2.3294799, 6.3964773], [2.3294722, 6.3964832], [2.3294686, 6.3964755], [2.3294759, 6.3964669], [2.3294817, 6.396471], [2.3294858, 6.3964655], [2.3294836, 6.3964579], [2.3294949, 6.3964488], [2.3294931, 6.3964429], [2.3294813, 6.3964592], [2.3294682, 6.3964633], [2.3294732, 6.3964578], [2.3294655, 6.3964569], [2.3294646, 6.3964673], [2.3294736, 6.3964682], [2.3294496, 6.3964967], [2.3294428, 6.3964962], [2.3294437, 6.3964872], [2.3294347, 6.3964931], [2.3294352, 6.3964836], [2.3294483, 6.3964687], [2.3294492, 6.3964741], [2.3294705, 6.3964416], [2.3294741, 6.3964447], [2.3294714, 6.3964407], [2.3294791, 6.3964325], [2.3294759, 6.396428], [2.329485, 6.3964144], [2.3294755, 6.396428], [2.3294705, 6.3964253], [2.3294673, 6.3964352], [2.3294619, 6.3964352], [2.3294641, 6.396442], [2.3294605, 6.3964406], [2.3294537, 6.3964546], [2.3294483, 6.3964537], [2.3294478, 6.3964614], [2.3294361, 6.3964695], [2.3294238, 6.3964894], [2.3294157, 6.3964903], [2.3294239, 6.3964799], [2.3294202, 6.3964754], [2.3294153, 6.3964863], [2.3294107, 6.3964795], [2.3294049, 6.3964813], [2.329404, 6.3964862], [2.3294148, 6.3964885], [2.329408, 6.3964994], [2.3294134, 6.3964921], [2.3294148, 6.3964967], [2.3294044, 6.3965102], [2.3294161, 6.3965021], [2.3294202, 6.3965279], [2.3294089, 6.3965319], [2.3294066, 6.3965278], [2.3294062, 6.3965328], [2.3293998, 6.3965301], [2.3294034, 6.3965278], [2.3293985, 6.3965215], [2.3293953, 6.3965269], [2.3293949, 6.3965201], [2.3293944, 6.3965269], [2.3293872, 6.3965296], [2.3293921, 6.396536], [2.3293745, 6.3965414], [2.3293781, 6.39655], [2.3293686, 6.3965472], [2.3293645, 6.3965522], [2.3293609, 6.3965413], [2.3293469, 6.3965436], [2.3293466, 6.3965413], [2.3293406, 6.3965413], [2.3293397, 6.3965481], [2.3293383, 6.3965368], [2.3293338, 6.3965368], [2.3293406, 6.396521], [2.3293311, 6.3965219], [2.3293311, 6.396506], [2.3293361, 6.3965079], [2.3293357, 6.3965029], [2.329342, 6.3965047], [2.3293452, 6.3964988], [2.3293357, 6.396497], [2.3293384, 6.3964916], [2.3293312, 6.396488], [2.3293366, 6.3964871], [2.3293371, 6.3964803], [2.3293284, 6.3964795], [2.3293258, 6.3964699], [2.3293245, 6.3964746], [2.3293282, 6.3964795], [2.3293271, 6.3964794], [2.3293266, 6.3964848], [2.3293163, 6.3964816], [2.3293167, 6.396473], [2.3293203, 6.3964762], [2.3293208, 6.396468], [2.3293258, 6.3964676], [2.329324, 6.3964599], [2.3293167, 6.3964649], [2.3293118, 6.3964486], [2.3293127, 6.3964581], [2.3293027, 6.3964508], [2.3292905, 6.3964549], [2.3292824, 6.3964463], [2.3292801, 6.3964513], [2.3292752, 6.3964291], [2.3292675, 6.3964386], [2.3292734, 6.3964381], [2.3292765, 6.3964472], [2.3292602, 6.3964404], [2.3292603, 6.3964345], [2.3292571, 6.396439], [2.3292476, 6.3964336], [2.329244, 6.396444], [2.3292422, 6.3964354], [2.3292327, 6.3964308], [2.3292385, 6.3964462], [2.3292394, 6.3964399], [2.3292462, 6.3964476], [2.3292557, 6.396444], [2.3292521, 6.396453], [2.3292462, 6.3964489], [2.3292453, 6.3964575], [2.329258, 6.3964585], [2.3292589, 6.3964517], [2.329267, 6.3964567], [2.3292629, 6.3964585], [2.329267, 6.3964657], [2.329262, 6.3964603], [2.3292566, 6.3964707], [2.3292683, 6.3964788], [2.3292665, 6.3964974], [2.3292633, 6.3964892], [2.3292597, 6.3964933], [2.3292502, 6.3964874], [2.3292484, 6.3964797], [2.3292435, 6.3964869], [2.3292249, 6.3964846], [2.3292344, 6.3964892], [2.3292208, 6.3964937], [2.329229, 6.3964919], [2.3292312, 6.3965046], [2.3292263, 6.3964955], [2.3292281, 6.3965064], [2.329219, 6.3965113], [2.3292177, 6.3965032], [2.3292122, 6.3965036], [2.3292172, 6.3964932], [2.3292122, 6.3965018], [2.3292068, 6.3964887], [2.3292064, 6.3964946], [2.3292023, 6.3964932], [2.3292023, 6.3964846], [2.3292105, 6.3964824], [2.3292051, 6.3964697], [2.3291933, 6.3964832], [2.3291856, 6.3964796], [2.3291888, 6.396486], [2.3291793, 6.3964823], [2.3291838, 6.3964936], [2.3291765, 6.3964927], [2.329182, 6.3964973], [2.3291707, 6.39649], [2.3291666, 6.3964972], [2.329163, 6.3964941], [2.3291666, 6.3965008], [2.3291499, 6.3964954], [2.3291494, 6.3965013], [2.3291431, 6.3964986], [2.3291467, 6.3965044], [2.3291377, 6.3964972], [2.3291367, 6.3965031], [2.3291322, 6.3964918], [2.3291413, 6.3964891], [2.3291345, 6.3964805], [2.3291476, 6.3964931], [2.329153, 6.3964832], [2.3291499, 6.39648], [2.3291603, 6.3964787], [2.3291652, 6.3964846], [2.329163, 6.39648], [2.3291698, 6.3964782], [2.3291707, 6.3964719], [2.3291644, 6.3964638], [2.3291571, 6.3964656], [2.3291617, 6.3964638], [2.3291544, 6.3964538], [2.3291599, 6.3964529], [2.3291599, 6.3964597], [2.3291653, 6.3964543], [2.3291716, 6.3964715], [2.3291743, 6.396466], [2.3291914, 6.3964705], [2.3291933, 6.3964778], [2.329201, 6.3964688], [2.3292091, 6.3964683], [2.3292055, 6.3964588], [2.3292023, 6.3964629], [2.3292019, 6.3964516], [2.3291911, 6.3964579], [2.3291871, 6.3964535], [2.3291893, 6.3964502], [2.3291881, 6.396434], [2.3291929, 6.3964353], [2.3291911, 6.3964285], [2.3291881, 6.3964337], [2.3291879, 6.3964317], [2.3291848, 6.3964285], [2.3291838, 6.3964349], [2.3291771, 6.3964294], [2.3291821, 6.3964217], [2.3291852, 6.3964249], [2.3291871, 6.3963928], [2.3291771, 6.3963932], [2.3291762, 6.3964014], [2.3291667, 6.3964009], [2.3291595, 6.3964145], [2.3291491, 6.3964068], [2.3291522, 6.3964004], [2.32914, 6.3963986], [2.3291382, 6.3963923], [2.3291351, 6.3963959], [2.3291346, 6.39639], [2.3291265, 6.3963896], [2.3291251, 6.3964013], [2.3291238, 6.3963914], [2.3291165, 6.3963891], [2.3291188, 6.3963796], [2.3291053, 6.3963787], [2.3291044, 6.3963696], [2.3290962, 6.3963764], [2.3290931, 6.396366], [2.3290863, 6.3963701], [2.3290791, 6.3963596], [2.3290777, 6.3963696], [2.3290849, 6.3963741], [2.3290795, 6.3963728], [2.3290799, 6.3963791], [2.3290759, 6.3963728], [2.3290673, 6.3963768], [2.3290659, 6.3963705], [2.32906, 6.3963764], [2.3290519, 6.3963655], [2.3290555, 6.3963614], [2.3290461, 6.3963587], [2.3290474, 6.3963705], [2.3290379, 6.3963695], [2.3290397, 6.3963741], [2.3290284, 6.3963822], [2.3290221, 6.3963682], [2.3290126, 6.3963659], [2.3290171, 6.3963641], [2.3290117, 6.3963582], [2.3290004, 6.3963573], [2.329009, 6.3963541], [2.329004, 6.3963491], [2.3289999, 6.3963523], [2.3289982, 6.3963347], [2.32899, 6.396336], [2.3289864, 6.3963306], [2.3289999, 6.3963758], [2.3289805, 6.396383], [2.3289841, 6.396398], [2.3289795, 6.3964206], [2.3289605, 6.3964332], [2.3289614, 6.3964391], [2.3289754, 6.3964463], [2.3289582, 6.3964567], [2.3289529, 6.3967452]], [[2.329187, 6.3964536], [2.329191, 6.3964688], [2.3291802, 6.3964584], [2.3291816, 6.3964511], [2.3291865, 6.3964543], [2.329187, 6.3964536]], [[2.3296568, 6.3967771], [2.3296573, 6.3967848], [2.3296509, 6.3967891], [2.3296549, 6.3967923], [2.3296495, 6.396799], [2.3296368, 6.3967977], [2.3296477, 6.3967837], [2.3296504, 6.3967877], [2.3296518, 6.3967791], [2.3296568, 6.3967771]], [[2.3299653, 6.3972631], [2.3299649, 6.3972566], [2.3299628, 6.397254], [2.3299672, 6.3972571], [2.3299653, 6.3972631]], [[2.3298011, 6.3973101], [2.3298025, 6.3973071], [2.3298066, 6.3973098], [2.3298011, 6.3973101]], [[2.330083, 6.3970154], [2.330085, 6.3970203], [2.3300796, 6.3970185], [2.330083, 6.3970154]], [[2.3295086, 6.3965019], [2.3295115, 6.3965045], [2.329507, 6.3965099], [2.3295038, 6.3965063], [2.3295086, 6.3965019]], [[2.3301452, 6.3969711], [2.3301403, 6.3969715], [2.3301403, 6.3969656], [2.3301452, 6.3969711]], [[2.330115, 6.3969475], [2.3301181, 6.3969534], [2.3301136, 6.3969529], [2.330115, 6.3969475]], [[2.3300626, 6.396885], [2.3300734, 6.3968905], [2.3300712, 6.3968936], [2.3300626, 6.396885]], [[2.3300626, 6.3965576], [2.3300707, 6.3965617], [2.3300689, 6.3965658], [2.3300626, 6.3965576]], [[2.3300624, 6.3970397], [2.3300583, 6.3970465], [2.3300574, 6.3970401], [2.3300624, 6.3970397]], [[2.3300472, 6.3965694], [2.3300472, 6.3965621], [2.3300476, 6.3965671], [2.330058, 6.3965662], [2.3300472, 6.3965694]], [[2.3300018, 6.3967344], [2.3300063, 6.3967371], [2.3300013, 6.396743], [2.3299846, 6.3967457], [2.3299864, 6.3967402], [2.3300018, 6.3967344]], [[2.3299841, 6.3967737], [2.329971, 6.3967664], [2.3299714, 6.3967601], [2.3299674, 6.3967637], [2.329971, 6.3967551], [2.3299746, 6.3967574], [2.3299737, 6.3967484], [2.32998, 6.3967475], [2.3299782, 6.3967529], [2.3299864, 6.3967461], [2.3299904, 6.3967488], [2.329985, 6.3967502], [2.329985, 6.3967588], [2.3299922, 6.3967615], [2.32999, 6.3967728], [2.3299976, 6.3967769], [2.3299809, 6.3967823], [2.3299895, 6.3967741], [2.3299773, 6.3967791], [2.3299841, 6.3967737]], [[2.3299739, 6.3969867], [2.3299666, 6.3969772], [2.3299617, 6.3969817], [2.3299608, 6.3969753], [2.3299757, 6.396965], [2.3299816, 6.3969704], [2.3299739, 6.3969867]], [[2.3299344, 6.3967451], [2.3299394, 6.3967501], [2.3299353, 6.3967542], [2.3299344, 6.3967451]], [[2.3299378, 6.3972629], [2.3299274, 6.3972588], [2.3299342, 6.397257], [2.3299355, 6.3972493], [2.3299378, 6.3972629]], [[2.3299229, 6.397262], [2.3299346, 6.3972647], [2.3299238, 6.3972688], [2.3299229, 6.397262]], [[2.3299064, 6.397077], [2.3299005, 6.3970725], [2.3299055, 6.397068], [2.3299064, 6.397077]], [[2.329838, 6.3971952], [2.3298425, 6.3971814], [2.3298461, 6.3971877], [2.3298389, 6.3971954], [2.3298475, 6.3971927], [2.3298511, 6.3972004], [2.3298502, 6.3971895], [2.3298438, 6.3971913], [2.3298542, 6.3971823], [2.3298443, 6.3971837], [2.3298529, 6.3971724], [2.3298601, 6.3971746], [2.3298678, 6.397167], [2.3298628, 6.3971742], [2.3298705, 6.3971814], [2.3298687, 6.3971864], [2.3298787, 6.3971787], [2.3298872, 6.3971828], [2.3298854, 6.3971905], [2.3298777, 6.3971932], [2.3298791, 6.3972041], [2.3298755, 6.3972059], [2.329875, 6.3971995], [2.3298682, 6.3972022], [2.32987, 6.3972153], [2.3298538, 6.3972149], [2.3298614, 6.3972072], [2.3298515, 6.3972004], [2.329847, 6.3972085], [2.3298416, 6.3972072], [2.3298443, 6.3972017], [2.3298384, 6.3972008], [2.329838, 6.3971952]], [[2.3298778, 6.3971227], [2.3298701, 6.3971217], [2.3298769, 6.3971403], [2.3298728, 6.397143], [2.3298769, 6.3971484], [2.329871, 6.3971453], [2.329871, 6.3971502], [2.3298782, 6.3971575], [2.3298701, 6.3971561], [2.3298696, 6.3971647], [2.3298606, 6.3971674], [2.3298692, 6.3971529], [2.3298588, 6.3971593], [2.3298606, 6.3971651], [2.3298511, 6.3971543], [2.3298552, 6.3971452], [2.3298665, 6.3971434], [2.3298634, 6.3971339], [2.329871, 6.397129], [2.3298643, 6.3971213], [2.3298643, 6.3971281], [2.3298597, 6.3971276], [2.3298602, 6.3971204], [2.3298778, 6.3971227]], [[2.3298599, 6.3970349], [2.3298648, 6.3970354], [2.3298639, 6.3970449], [2.3298576, 6.3970467], [2.3298599, 6.3970349]], [[2.3298406, 6.3972135], [2.3298433, 6.3972244], [2.329837, 6.3972248], [2.3298402, 6.3972167], [2.3298348, 6.3972207], [2.3298393, 6.3972117], [2.3298284, 6.3972189], [2.3298325, 6.3972112], [2.3298443, 6.3972081], [2.3298406, 6.3972135]], [[2.3298388, 6.3972406], [2.3298438, 6.3972334], [2.3298433, 6.3972406], [2.3298388, 6.3972406]], [[2.3298406, 6.3972343], [2.3298374, 6.397237], [2.3298356, 6.3972289], [2.3298406, 6.3972343]], [[2.3298361, 6.3972013], [2.3298348, 6.3972094], [2.3298293, 6.3972103], [2.3298361, 6.3972013]], [[2.3297366, 6.3968869], [2.3297375, 6.3968937], [2.3297493, 6.3968919], [2.3297448, 6.3968869], [2.3297484, 6.3968815], [2.3297348, 6.396886], [2.329738, 6.396881], [2.3297326, 6.3968724], [2.3297407, 6.3968661], [2.329743, 6.3968765], [2.3297366, 6.3968783], [2.329743, 6.3968796], [2.3297461, 6.3968733], [2.3297624, 6.3968774], [2.3297606, 6.3968711], [2.3297529, 6.3968702], [2.3297557, 6.3968643], [2.3297623, 6.396871], [2.3297615, 6.3968598], [2.3297651, 6.3968697], [2.3297688, 6.3968648], [2.3297719, 6.3968684], [2.3297701, 6.3968643], [2.3297733, 6.3968688], [2.3297634, 6.3968721], [2.329766, 6.3968747], [2.3297629, 6.3968828], [2.3297624, 6.3968887], [2.3297705, 6.3968851], [2.3297692, 6.3968792], [2.3297728, 6.396881], [2.3297678, 6.3968937], [2.3297746, 6.3968824], [2.32977, 6.3968783], [2.3297782, 6.396877], [2.3297787, 6.3968874], [2.3297732, 6.3968914], [2.3297787, 6.3969], [2.3297755, 6.3969091], [2.3297791, 6.3969122], [2.3297791, 6.3968996], [2.3297836, 6.3968973], [2.3297841, 6.3969109], [2.3297927, 6.3969177], [2.329784, 6.3969303], [2.3297845, 6.3969349], [2.3297908, 6.3969344], [2.329784, 6.3969385], [2.3297899, 6.396943], [2.3297985, 6.3969349], [2.3297917, 6.3969358], [2.3297931, 6.396929], [2.3298044, 6.3969313], [2.3298211, 6.3969236], [2.3298134, 6.3969308], [2.3298211, 6.3969299], [2.3298188, 6.3969399], [2.3298143, 6.3969345], [2.3298198, 6.3969317], [2.3298121, 6.3969335], [2.3298089, 6.3969426], [2.3298008, 6.3969331], [2.329794, 6.3969426], [2.3297949, 6.3969489], [2.3297992, 6.3969476], [2.3297962, 6.3969439], [2.3298026, 6.3969394], [2.3298002, 6.3969473], [2.3298066, 6.3969453], [2.3298071, 6.3969512], [2.3297958, 6.3969584], [2.329794, 6.3969539], [2.3297908, 6.3969625], [2.3297777, 6.3969584], [2.3297795, 6.3969692], [2.3297826, 6.3969674], [2.3297777, 6.396971], [2.3297745, 6.396967], [2.3297758, 6.3969765], [2.3297704, 6.3969737], [2.329765, 6.3969873], [2.3297609, 6.3969882], [2.3297528, 6.3969737], [2.3297478, 6.3969764], [2.329751, 6.3969705], [2.3297442, 6.3969723], [2.3297456, 6.3969624], [2.3297551, 6.3969579], [2.3297546, 6.3969466], [2.3297555, 6.3969574], [2.3297605, 6.3969588], [2.3297592, 6.3969489], [2.3297709, 6.3969407], [2.3297619, 6.3969348], [2.3297836, 6.3969231], [2.3297782, 6.3969245], [2.3297786, 6.396919], [2.3297732, 6.3969235], [2.329775, 6.3969163], [2.3297673, 6.3969217], [2.3297601, 6.396919], [2.3297646, 6.3969149], [2.3297587, 6.3969154], [2.3297583, 6.3969086], [2.3297637, 6.3969122], [2.3297728, 6.3969055], [2.3297633, 6.3969045], [2.3297701, 6.3969014], [2.3297633, 6.3968919], [2.3297524, 6.3968959], [2.3297556, 6.3968982], [2.3297456, 6.3969086], [2.3297439, 6.3968986], [2.3297389, 6.3969081], [2.3297353, 6.3969013], [2.329733, 6.3969099], [2.3297276, 6.3969086], [2.3297375, 6.3968964], [2.3297326, 6.3968955], [2.3297366, 6.3968869]], [[2.3298189, 6.3972524], [2.3298135, 6.3972542], [2.3298198, 6.3972569], [2.3298126, 6.3972569], [2.3298121, 6.3972519], [2.3298189, 6.3972524]], [[2.3298035, 6.3972677], [2.3298058, 6.3972727], [2.3298017, 6.3972727], [2.3298035, 6.3972677]], [[2.3298007, 6.3969643], [2.3298053, 6.3969629], [2.3297994, 6.3969697], [2.3297994, 6.3969566], [2.3298048, 6.3969539], [2.3298007, 6.3969643]], [[2.3297977, 6.397246], [2.3298004, 6.3972514], [2.3297913, 6.3972577], [2.3297977, 6.397246]], [[2.3297977, 6.3968775], [2.3297855, 6.3968847], [2.3297764, 6.396867], [2.329785, 6.3968684], [2.3297868, 6.3968783], [2.3297977, 6.3968775]], [[2.3297445, 6.3967282], [2.32975, 6.3967236], [2.3297527, 6.3967282], [2.3297445, 6.3967282]], [[2.3296992, 6.3968448], [2.329705, 6.3968416], [2.3297023, 6.396852], [2.3297136, 6.3968565], [2.3297109, 6.3968498], [2.3297195, 6.396848], [2.3297272, 6.3968525], [2.3297236, 6.3968561], [2.3297294, 6.3968561], [2.3297095, 6.3968687], [2.3297005, 6.3968624], [2.3297046, 6.3968561], [2.3297023, 6.3968525], [2.3296991, 6.3968565], [2.3296992, 6.3968448]], [[2.3297295, 6.3968421], [2.3297231, 6.3968439], [2.3297272, 6.3968385], [2.3297295, 6.3968421]], [[2.329683, 6.3967462], [2.3296871, 6.3967394], [2.3296884, 6.3967444], [2.329683, 6.3967462]], [[2.3296288, 6.3966802], [2.3296311, 6.396676], [2.3296261, 6.3966746], [2.3296334, 6.3966679], [2.3296347, 6.3966733], [2.3296406, 6.3966692], [2.3296402, 6.3966783], [2.3296352, 6.3966814], [2.3296343, 6.3966765], [2.3296316, 6.3966846], [2.3296288, 6.3966802]], [[2.3296349, 6.3965268], [2.32963, 6.3965223], [2.3296354, 6.3965159], [2.3296349, 6.3965268]], [[2.329448, 6.3970502], [2.3294498, 6.3970421], [2.3294453, 6.397047], [2.3294403, 6.3970407], [2.3294426, 6.3970335], [2.329434, 6.3970375], [2.3294394, 6.3970303], [2.3294358, 6.3970316], [2.3294363, 6.3970253], [2.329444, 6.3970167], [2.3294458, 6.3970212], [2.3294489, 6.3970181], [2.3294489, 6.3970271], [2.3294507, 6.3970136], [2.3294553, 6.3970127], [2.3294512, 6.3970099], [2.3294603, 6.3969968], [2.3294992, 6.3969512], [2.3295033, 6.396953], [2.3295132, 6.3969345], [2.3295205, 6.3969336], [2.3295196, 6.3969273], [2.3295291, 6.3969268], [2.3295377, 6.3969128], [2.3295381, 6.3969205], [2.3295422, 6.3969241], [2.3295463, 6.3969192], [2.3295462, 6.3969246], [2.3295521, 6.3969187], [2.329549, 6.3969147], [2.3295553, 6.3969196], [2.3295558, 6.3969142], [2.3295662, 6.396912], [2.3295684, 6.3969043], [2.3295639, 6.3968998], [2.3295698, 6.396902], [2.3295775, 6.3968948], [2.3295797, 6.3969007], [2.3295856, 6.3968948], [2.3295883, 6.3969007], [2.3295825, 6.3969098], [2.3295805, 6.3969028], [2.3295779, 6.3969061], [2.329577, 6.3968984], [2.3295589, 6.3969233], [2.3295666, 6.3969133], [2.3295652, 6.3969233], [2.3295765, 6.3969183], [2.3295788, 6.3969061], [2.3295822, 6.3969103], [2.3295779, 6.396917], [2.3295783, 6.396926], [2.3295716, 6.3969215], [2.329563, 6.3969386], [2.3295621, 6.3969314], [2.3295571, 6.3969332], [2.3295625, 6.3969396], [2.3295589, 6.3969531], [2.3295543, 6.3969531], [2.3295575, 6.3969576], [2.3295394, 6.3969653], [2.3295485, 6.3969649], [2.3295444, 6.3969694], [2.3295489, 6.3969716], [2.3295611, 6.3969658], [2.3295561, 6.3969698], [2.3295602, 6.3969721], [2.3295711, 6.3969644], [2.3295638, 6.3969798], [2.3295629, 6.3969748], [2.3295584, 6.3969789], [2.3295607, 6.3969739], [2.3295561, 6.3969771], [2.3295611, 6.3969834], [2.329553, 6.3969811], [2.3295498, 6.3969866], [2.3295498, 6.3970019], [2.3295371, 6.3970119], [2.329533, 6.3970092], [2.3295375, 6.397015], [2.3295344, 6.3970236], [2.3295398, 6.3970263], [2.3295357, 6.3970205], [2.3295466, 6.3970169], [2.3295493, 6.3970264], [2.3295564, 6.397021], [2.3295579, 6.3970173], [2.3295642, 6.39702], [2.3295552, 6.3970241], [2.3295564, 6.3970211], [2.3295529, 6.397025], [2.3295592, 6.3970273], [2.3295529, 6.3970277], [2.3295502, 6.3970359], [2.3295583, 6.3970359], [2.3295583, 6.3970494], [2.3295633, 6.3970345], [2.3295669, 6.3970463], [2.3295827, 6.3970341], [2.329575, 6.3970571], [2.3295623, 6.3970653], [2.3295659, 6.3970734], [2.3295727, 6.3970698], [2.3295641, 6.3970775], [2.3295682, 6.3970752], [2.3295745, 6.3970906], [2.3295881, 6.3970847], [2.3295881, 6.3970924], [2.3295944, 6.3970911], [2.3295899, 6.3970988], [2.3295908, 6.3970938], [2.3295863, 6.3970951], [2.3295885, 6.397101], [2.329584, 6.3971001], [2.3295831, 6.3971064], [2.3295894, 6.3971028], [2.3295862, 6.3971105], [2.3295908, 6.397101], [2.3295962, 6.3971046], [2.3295994, 6.3970952], [2.329608, 6.397097], [2.329608, 6.397102], [2.329601, 6.3971032], [2.3296012, 6.3971001], [2.3295957, 6.397106], [2.3296007, 6.3971083], [2.329601, 6.3971034], [2.3296093, 6.397106], [2.3296107, 6.3971128], [2.3296012, 6.397116], [2.3295998, 6.3971096], [2.3296002, 6.3971167], [2.3296021, 6.3971169], [2.3295984, 6.3971223], [2.3296048, 6.39712], [2.3296002, 6.397125], [2.3296084, 6.3971291], [2.3296129, 6.3971273], [2.3296066, 6.3971218], [2.329612, 6.3971182], [2.3296142, 6.3971372], [2.3296029, 6.3971345], [2.3296052, 6.3971399], [2.3295984, 6.3971444], [2.3296007, 6.397135], [2.3295894, 6.3971449], [2.3295713, 6.3971485], [2.329565, 6.3971417], [2.3295749, 6.3971453], [2.3295817, 6.3971413], [2.3295744, 6.3971426], [2.329574, 6.3971358], [2.3295686, 6.3971399], [2.3295699, 6.3971317], [2.3295636, 6.3971385], [2.3295645, 6.3971299], [2.3295731, 6.3971241], [2.3295718, 6.3971281], [2.3295803, 6.3971263], [2.3295781, 6.3971205], [2.3295668, 6.3971254], [2.3295614, 6.3971159], [2.3295586, 6.3971249], [2.3295523, 6.3971236], [2.329555, 6.3971277], [2.3295482, 6.3971236], [2.3295524, 6.3971149], [2.32956, 6.3971078], [2.3295677, 6.3971091], [2.3295691, 6.3971028], [2.3295709, 6.3971087], [2.3295795, 6.3971069], [2.3295736, 6.3970969], [2.3295632, 6.3971032], [2.3295723, 6.3970906], [2.3295673, 6.3970951], [2.3295637, 6.3970784], [2.3295599, 6.3970829], [2.3295582, 6.3970888], [2.3295593, 6.3970901], [2.3295555, 6.3970906], [2.3295433, 6.3970987], [2.3295451, 6.3970919], [2.329551, 6.3970915], [2.3295433, 6.3970856], [2.3295542, 6.3970716], [2.3295401, 6.3970765], [2.3295519, 6.3970702], [2.3295474, 6.3970684], [2.3295488, 6.3970603], [2.329551, 6.3970639], [2.329565, 6.3970585], [2.3295642, 6.3970603], [2.3295718, 6.397054], [2.3295682, 6.3970513], [2.329565, 6.3970583], [2.3295642, 6.3970535], [2.3295578, 6.3970585], [2.3295596, 6.3970494], [2.3295547, 6.3970576], [2.3295452, 6.3970557], [2.3295565, 6.3970445], [2.3295538, 6.3970381], [2.3295429, 6.3970459], [2.3295452, 6.3970304], [2.3295312, 6.3970277], [2.3295312, 6.3970345], [2.329524, 6.3970308], [2.329519, 6.3970349], [2.3295334, 6.3970413], [2.329528, 6.3970507], [2.3295212, 6.3970471], [2.3295208, 6.3970553], [2.3295149, 6.3970516], [2.3295126, 6.3970566], [2.3295062, 6.3970483], [2.329514, 6.3970444], [2.3295104, 6.3970417], [2.3295061, 6.3970481], [2.3295049, 6.3970466], [2.3294986, 6.3970561], [2.3294995, 6.3970489], [2.3294932, 6.3970484], [2.3295018, 6.3970457], [2.32949, 6.3970475], [2.3295086, 6.3970295], [2.3294995, 6.3970317], [2.3294964, 6.3970254], [2.3294923, 6.3970331], [2.3294968, 6.3970353], [2.3294914, 6.3970376], [2.3294873, 6.3970358], [2.3294887, 6.3970231], [2.3294837, 6.3970258], [2.3294801, 6.3970154], [2.3294693, 6.3970231], [2.329471, 6.3970347], [2.3294738, 6.3970294], [2.3294724, 6.3970371], [2.3294842, 6.3970344], [2.3294796, 6.3970403], [2.329486, 6.3970394], [2.3294864, 6.3970439], [2.32949, 6.3970371], [2.3294918, 6.3970439], [2.3294887, 6.3970484], [2.3294805, 6.3970448], [2.3294774, 6.3970507], [2.3294814, 6.397052], [2.3294724, 6.3970624], [2.3294683, 6.3970398], [2.3294709, 6.397035], [2.3294574, 6.3970446], [2.3294607, 6.3970398], [2.3294493, 6.3970461], [2.3294555, 6.3970475], [2.3294569, 6.3970454], [2.3294629, 6.3970484], [2.3294606, 6.397052], [2.3294525, 6.3970506], [2.3294502, 6.3970565], [2.3294683, 6.3970543], [2.3294683, 6.3970638], [2.3294575, 6.3970656], [2.3294547, 6.3970724], [2.329471, 6.3970683], [2.3294692, 6.3970615], [2.3294719, 6.3970679], [2.3294751, 6.3970651], [2.3294683, 6.3970778], [2.3294769, 6.3970728], [2.3294742, 6.3970841], [2.3294796, 6.397086], [2.3294705, 6.3970882], [2.3294787, 6.3970878], [2.3294773, 6.3970968], [2.3294873, 6.397095], [2.3294818, 6.3971068], [2.3294809, 6.3971009], [2.3294773, 6.3971059], [2.3294714, 6.3971], [2.3294651, 6.3971049], [2.3294687, 6.397095], [2.329461, 6.3970972], [2.3294606, 6.3970886], [2.3294484, 6.3970941], [2.3294384, 6.3970909], [2.3294398, 6.3970841], [2.3294294, 6.3970891], [2.3294407, 6.3970705], [2.3294367, 6.3970692], [2.3294462, 6.3970619], [2.3294412, 6.3970552], [2.3294493, 6.3970543], [2.3294421, 6.3970515], [2.329448, 6.3970502]], [[2.3295632, 6.3970948], [2.3295646, 6.3970965], [2.3295587, 6.3971064], [2.3295578, 6.3970983], [2.3295531, 6.3971127], [2.3295483, 6.3970974], [2.3295533, 6.3970937], [2.3295614, 6.3970996], [2.3295632, 6.3970948]], [[2.3295412, 6.3970528], [2.3295393, 6.397063], [2.3295456, 6.3970652], [2.3295392, 6.3970691], [2.3295366, 6.3970566], [2.3295412, 6.3970528]], [[2.3295374, 6.3970701], [2.3295366, 6.3970707], [2.3295392, 6.3970769], [2.3295388, 6.397077], [2.3295429, 6.397086], [2.3295388, 6.3970815], [2.3295293, 6.3970905], [2.3295316, 6.397077], [2.3295379, 6.3970815], [2.3295343, 6.3970716], [2.3295374, 6.3970701]], [[2.3295966, 6.3968279], [2.3295911, 6.3968274], [2.3295961, 6.3968211], [2.3295966, 6.3968279]], [[2.3295828, 6.3966366], [2.3295864, 6.3966425], [2.3295823, 6.3966434], [2.3295828, 6.3966366]], [[2.3292747, 6.3968306], [2.3292679, 6.3968089], [2.3292924, 6.3967809], [2.3292928, 6.3967918], [2.3292969, 6.3967877], [2.3293005, 6.3967931], [2.329291, 6.3967958], [2.3292937, 6.3968008], [2.3292878, 6.3967981], [2.3292932, 6.396804], [2.3293005, 6.3967977], [2.3292964, 6.3968076], [2.3293, 6.3967999], [2.3293063, 6.3967995], [2.3293027, 6.3968121], [2.3293059, 6.3968054], [2.3293149, 6.3968058], [2.329314, 6.3968126], [2.3293176, 6.396809], [2.3293253, 6.3968162], [2.3293235, 6.3968104], [2.3293307, 6.3968054], [2.3293253, 6.3967968], [2.3293339, 6.3967945], [2.3293285, 6.3967927], [2.329329, 6.3967864], [2.3293339, 6.3967891], [2.3293321, 6.3967778], [2.3293398, 6.3967688], [2.3293303, 6.3967706], [2.3293294, 6.3967755], [2.3293276, 6.3967697], [2.3293222, 6.3967778], [2.3293181, 6.3967633], [2.3293109, 6.3967706], [2.3293181, 6.3967755], [2.3293077, 6.3967724], [2.3293019, 6.3967778], [2.3292973, 6.3967737], [2.3293136, 6.3967561], [2.3293254, 6.3967543], [2.3293195, 6.3967543], [2.3293209, 6.3967461], [2.3293245, 6.3967421], [2.3293263, 6.3967502], [2.329329, 6.3967362], [2.329339, 6.3967245], [2.3293399, 6.3967299], [2.3293476, 6.3967294], [2.329348, 6.3967222], [2.3293598, 6.3967204], [2.3293618, 6.3967142], [2.3293625, 6.3967141], [2.3293619, 6.3967139], [2.329363, 6.3967105], [2.3293702, 6.3967191], [2.329367, 6.3967227], [2.3293723, 6.3967227], [2.3293729, 6.3967195], [2.3293801, 6.3967209], [2.329372, 6.3967245], [2.3293723, 6.3967229], [2.3293643, 6.3967326], [2.3293738, 6.3967263], [2.3293792, 6.396729], [2.3293751, 6.3967336], [2.3293819, 6.3967336], [2.3293851, 6.3967272], [2.3294023, 6.3967386], [2.3294118, 6.3967327], [2.3294222, 6.3967363], [2.3294222, 6.3967304], [2.3294267, 6.3967386], [2.3294294, 6.3967296], [2.329438, 6.3967305], [2.3294366, 6.3967228], [2.3294425, 6.396725], [2.3294471, 6.3967178], [2.3294416, 6.3967205], [2.3294407, 6.3967142], [2.3294335, 6.3967142], [2.3294367, 6.3967187], [2.3294267, 6.3967282], [2.3294326, 6.3967151], [2.3294272, 6.3967187], [2.3294263, 6.3967128], [2.3294181, 6.3967133], [2.3294186, 6.3967241], [2.329415, 6.3967205], [2.3294095, 6.3967273], [2.3294091, 6.3967164], [2.3294195, 6.3967092], [2.3294331, 6.3967092], [2.3294258, 6.3966938], [2.3294394, 6.3966943], [2.3294353, 6.3966956], [2.3294385, 6.3967042], [2.3294444, 6.3967029], [2.3294435, 6.3967079], [2.3294362, 6.3967065], [2.329438, 6.3967133], [2.3294475, 6.3967115], [2.3294557, 6.3966993], [2.329467, 6.3966989], [2.3294656, 6.3967142], [2.3294561, 6.3967074], [2.3294629, 6.3967138], [2.3294606, 6.3967192], [2.3294787, 6.3967183], [2.3294724, 6.3967102], [2.329476, 6.3967075], [2.3294828, 6.3967111], [2.3294822, 6.3967155], [2.3294864, 6.3967201], [2.3294855, 6.3967138], [2.3294941, 6.3967111], [2.3294864, 6.3967079], [2.32949, 6.3966993], [2.329485, 6.3967066], [2.3294814, 6.3967016], [2.3294855, 6.3966975], [2.3294796, 6.3966993], [2.32949, 6.3966885], [2.3294891, 6.396698], [2.3294937, 6.3966948], [2.3294959, 6.3966993], [2.3294955, 6.3966948], [2.3295018, 6.3966948], [2.3295, 6.3966993], [2.3295036, 6.3966962], [2.3295054, 6.3966885], [2.3295054, 6.3966953], [2.3295117, 6.3966926], [2.3295045, 6.3967048], [2.3294986, 6.3967003], [2.3294982, 6.3967107], [2.3294873, 6.396717], [2.3295027, 6.3967129], [2.3294977, 6.3967183], [2.329504, 6.3967197], [2.3295054, 6.3967098], [2.3295004, 6.3967084], [2.3295067, 6.3967043], [2.3295085, 6.3967129], [2.3295104, 6.3967075], [2.3295208, 6.3967084], [2.3295104, 6.3967093], [2.3295085, 6.3967165], [2.3295135, 6.3967224], [2.3295217, 6.3967129], [2.3295126, 6.396727], [2.3295171, 6.3967351], [2.3295239, 6.3967224], [2.3295176, 6.3967374], [2.3295212, 6.3967405], [2.3295008, 6.3967518], [2.3295071, 6.396764], [2.3295044, 6.396759], [2.3294976, 6.3967685], [2.3295021, 6.3967685], [2.3295003, 6.3967758], [2.3294926, 6.3967762], [2.3294976, 6.3967816], [2.3295062, 6.3967789], [2.3295017, 6.3967826], [2.3295066, 6.3967921], [2.3294994, 6.396788], [2.3294971, 6.3967993], [2.3295026, 6.3968029], [2.3294971, 6.3968092], [2.3295057, 6.3968056], [2.3294917, 6.3968223], [2.3295057, 6.3968106], [2.3295107, 6.3968219], [2.3295138, 6.3968111], [2.3295138, 6.3968165], [2.3295202, 6.3968156], [2.329512, 6.3968174], [2.3295137, 6.396825], [2.3295075, 6.3968215], [2.3295034, 6.3968332], [2.3295111, 6.3968359], [2.3295106, 6.396845], [2.329512, 6.3968359], [2.3295163, 6.3968377], [2.3295188, 6.3968491], [2.3295102, 6.3968603], [2.3295256, 6.3968486], [2.3295287, 6.3968391], [2.3295337, 6.396845], [2.3295301, 6.3968369], [2.3295414, 6.3968342], [2.32954, 6.3968251], [2.3295459, 6.3968183], [2.32955, 6.3968211], [2.3295586, 6.3968147], [2.3295586, 6.3968089], [2.3295536, 6.3968098], [2.3295618, 6.3967998], [2.3295663, 6.3968034], [2.3295627, 6.3968089], [2.3295708, 6.3968134], [2.3295667, 6.3968175], [2.3295636, 6.3968138], [2.3295599, 6.3968265], [2.3295645, 6.3968206], [2.329564, 6.3968274], [2.3295699, 6.3968211], [2.3295721, 6.3968252], [2.329574, 6.3968197], [2.3295844, 6.3968247], [2.3295757, 6.3968374], [2.3295744, 6.3968333], [2.3295708, 6.3968378], [2.3295699, 6.3968315], [2.3295676, 6.3968351], [2.3295708, 6.3968455], [2.3295812, 6.3968401], [2.3295803, 6.3968464], [2.3295703, 6.3968473], [2.3295708, 6.3968541], [2.3295644, 6.3968478], [2.3295631, 6.3968586], [2.3295676, 6.3968536], [2.3295694, 6.3968595], [2.3295662, 6.3968568], [2.3295644, 6.3968658], [2.3295015, 6.3969404], [2.3294915, 6.3969408], [2.329491, 6.3969571], [2.3294553, 6.3969946], [2.3294567, 6.3969842], [2.3294521, 6.3969833], [2.3294526, 6.396991], [2.3294467, 6.3969851], [2.3294571, 6.3969729], [2.3294472, 6.3969756], [2.3294418, 6.3969706], [2.3294304, 6.3969774], [2.3294336, 6.3969692], [2.3294345, 6.3969733], [2.329439, 6.3969706], [2.3294296, 6.3969656], [2.3294264, 6.396971], [2.3294314, 6.3969728], [2.3294232, 6.3969783], [2.3294255, 6.3969728], [2.3294191, 6.3969688], [2.329435, 6.3969579], [2.3294287, 6.3969575], [2.3294766, 6.3969051], [2.3294776, 6.3968978], [2.3294694, 6.3969073], [2.3294653, 6.3969055], [2.3294681, 6.3969091], [2.3294572, 6.3969227], [2.3294536, 6.3969173], [2.3294554, 6.3969249], [2.3294074, 6.396981], [2.3294038, 6.3969778], [2.3293988, 6.3969832], [2.3294019, 6.3969882], [2.3293924, 6.3969931], [2.3293816, 6.3969895], [2.3293757, 6.3969954], [2.3293793, 6.3969859], [2.3293726, 6.3969823], [2.3293679, 6.3969884], [2.3293635, 6.3969827], [2.3293744, 6.3969669], [2.329383, 6.3969687], [2.329388, 6.3969583], [2.3293812, 6.3969588], [2.3294074, 6.3969271], [2.3294142, 6.3969267], [2.3294093, 6.3969249], [2.3294142, 6.396919], [2.329416, 6.3969231], [2.3294514, 6.3968747], [2.3294618, 6.3968711], [2.3294649, 6.3968662], [2.32946, 6.3968675], [2.3294595, 6.3968603], [2.3294555, 6.3968652], [2.3294532, 6.396858], [2.3294464, 6.3968598], [2.3294473, 6.3968684], [2.3294346, 6.3968743], [2.3294428, 6.3968734], [2.3294256, 6.3968914], [2.3294392, 6.3968806], [2.3294378, 6.396886], [2.3294283, 6.3968969], [2.3294174, 6.3968973], [2.3294197, 6.3969014], [2.3293925, 6.3969348], [2.3293839, 6.3969443], [2.3293771, 6.3969429], [2.3293771, 6.396947], [2.329383, 6.3969456], [2.3293762, 6.3969488], [2.3293745, 6.3969457], [2.3293654, 6.3969474], [2.3293681, 6.3969569], [2.3293703, 6.3969492], [2.3293798, 6.3969497], [2.3293626, 6.3969696], [2.3293577, 6.396966], [2.3293654, 6.3969615], [2.3293654, 6.3969538], [2.3293599, 6.3969542], [2.3293626, 6.3969592], [2.3293577, 6.3969655], [2.3293581, 6.3969542], [2.3293658, 6.396937], [2.3293586, 6.3969492], [2.3293505, 6.3969352], [2.3293505, 6.3969406], [2.3293428, 6.396942], [2.3293441, 6.396932], [2.3293374, 6.3969411], [2.3293396, 6.396928], [2.3293297, 6.3969198], [2.3293206, 6.3969347], [2.3293283, 6.3969216], [2.3293143, 6.3969239], [2.3293161, 6.3969125], [2.3293121, 6.3969166], [2.3293053, 6.3969107], [2.3293062, 6.3969053], [2.3293153, 6.3969045], [2.3293148, 6.3969071], [2.3293216, 6.3969089], [2.3293238, 6.396904], [2.3293175, 6.3969031], [2.3293166, 6.3968967], [2.3293154, 6.3969039], [2.3293067, 6.3968981], [2.3293284, 6.3968891], [2.3293238, 6.3969026], [2.3293302, 6.3968877], [2.3293135, 6.3968877], [2.3293094, 6.3968759], [2.3293013, 6.3968831], [2.329294, 6.3968804], [2.3292927, 6.3968881], [2.3292755, 6.396889], [2.3292782, 6.3968804], [2.3292705, 6.3968872], [2.3292678, 6.3968718], [2.3292785, 6.3968655], [2.3292665, 6.3968627], [2.3292833, 6.3968411], [2.3292837, 6.3968442], [2.3292873, 6.3968393], [2.3292823, 6.3968343], [2.3292831, 6.3968397], [2.3292805, 6.3968361], [2.3292733, 6.3968397], [2.3292751, 6.3968311], [2.3292674, 6.3968383], [2.3292747, 6.3968306]], [[2.3295152, 6.3968323], [2.3295125, 6.396835], [2.3295147, 6.3968298], [2.3295152, 6.3968323]], [[2.3293549, 6.3967149], [2.3293489, 6.3967209], [2.3293462, 6.3967159], [2.3293549, 6.3967149]], [[2.3295727, 6.3970829], [2.3295705, 6.3970739], [2.329575, 6.397073], [2.3295727, 6.3970829]], [[2.3295705, 6.3966931], [2.3295642, 6.3966872], [2.3295656, 6.39668], [2.3295705, 6.3966931]], [[2.3295511, 6.3966994], [2.3295565, 6.3967017], [2.3295511, 6.3967053], [2.3295511, 6.3966994]], [[2.3295522, 6.3964982], [2.3295522, 6.3964932], [2.3295563, 6.3964955], [2.3295522, 6.3964982]], [[2.3295486, 6.3965041], [2.3295414, 6.396509], [2.3295432, 6.3965], [2.3295278, 6.3965108], [2.3295459, 6.3964887], [2.3295518, 6.3964928], [2.3295454, 6.3964986], [2.3295486, 6.3965041]], [[2.3295371, 6.3966786], [2.3295271, 6.3966836], [2.3295348, 6.3966736], [2.3295371, 6.3966786]], [[2.3294873, 6.397086], [2.3294823, 6.3970896], [2.3294805, 6.3970778], [2.3294873, 6.397086]], [[2.3294724, 6.3967183], [2.3294706, 6.3967138], [2.3294751, 6.3967142], [2.3294724, 6.3967183]], [[2.3294191, 6.3969977], [2.32942, 6.3969932], [2.3294245, 6.3969959], [2.3294309, 6.3969891], [2.3294354, 6.3969977], [2.3294381, 6.3969914], [2.3294392, 6.3969948], [2.3294399, 6.3969918], [2.329444, 6.3969955], [2.329444, 6.3969905], [2.3294499, 6.3969901], [2.3294453, 6.3969973], [2.3294489, 6.3970018], [2.3294295, 6.3970248], [2.329429, 6.3970203], [2.3294186, 6.3970226], [2.3294358, 6.3970009], [2.3294349, 6.3970113], [2.3294449, 6.3970018], [2.3294431, 6.3969964], [2.3294408, 6.3970036], [2.3294381, 6.397], [2.329439, 6.3969958], [2.3294322, 6.3970013], [2.3294295, 6.3969973], [2.3294295, 6.3970054], [2.3294191, 6.3969977]], [[2.3294385, 6.3970411], [2.3294322, 6.3970484], [2.3294322, 6.3970411], [2.3294385, 6.3970411]], [[2.3294312, 6.3970823], [2.3294281, 6.3970768], [2.3294204, 6.3970863], [2.3294294, 6.397071], [2.3294353, 6.3970728], [2.3294312, 6.3970823]], [[2.329424, 6.3970583], [2.3294258, 6.3970628], [2.329429, 6.397056], [2.3294267, 6.3970746], [2.3294213, 6.3970741], [2.3294195, 6.3970809], [2.3294186, 6.3970737], [2.3294127, 6.3970777], [2.3294208, 6.3970705], [2.3294082, 6.3970746], [2.3294204, 6.3970678], [2.329424, 6.3970583]], [[2.3294077, 6.3970732], [2.3294086, 6.3970651], [2.3294154, 6.3970619], [2.3294077, 6.3970732]], [[2.329389, 6.39654], [2.3293935, 6.39655], [2.329388, 6.3965495], [2.329389, 6.39654]], [[2.329359, 6.3969963], [2.3293554, 6.3969935], [2.3293613, 6.3969822], [2.3293649, 6.3969904], [2.329359, 6.3969963]], [[2.3293346, 6.3969442], [2.3293306, 6.3969424], [2.3293328, 6.3969298], [2.3293346, 6.3969442]], [[2.3290068, 6.3966802], [2.3290167, 6.3966779], [2.3290086, 6.3966761], [2.3290104, 6.3966716], [2.3290203, 6.3966761], [2.3290187, 6.3966788], [2.3290298, 6.3966779], [2.3290298, 6.3966626], [2.3290366, 6.3966675], [2.3290416, 6.396659], [2.3290366, 6.3966571], [2.3290443, 6.3966508], [2.3290371, 6.3966409], [2.3290403, 6.3966368], [2.3290321, 6.3966323], [2.3290475, 6.3966323], [2.3290471, 6.3966318], [2.3290538, 6.3966314], [2.3290561, 6.3966404], [2.3290493, 6.3966413], [2.3290611, 6.3966441], [2.3290588, 6.3966526], [2.3290791, 6.3966445], [2.3290733, 6.3966427], [2.3290819, 6.3966364], [2.3290724, 6.3966305], [2.3290765, 6.3966242], [2.3290688, 6.3966296], [2.3290606, 6.3966214], [2.3290448, 6.3966264], [2.329047, 6.3966317], [2.3290434, 6.3966278], [2.3290358, 6.3966305], [2.3290362, 6.3966219], [2.329043, 6.3966269], [2.3290457, 6.3966178], [2.3290543, 6.3966183], [2.329043, 6.3966083], [2.3290489, 6.3966079], [2.3290475, 6.3966015], [2.3290376, 6.3966083], [2.3290362, 6.396602], [2.3290421, 6.3966024], [2.3290462, 6.3965948], [2.3290643, 6.3965893], [2.3290647, 6.3965975], [2.32906, 6.3965963], [2.3290593, 6.3965934], [2.3290539, 6.3966029], [2.329062, 6.3966047], [2.3290612, 6.3966015], [2.3290652, 6.3966124], [2.3290747, 6.3966016], [2.3290869, 6.3966011], [2.3290805, 6.3966061], [2.3291054, 6.3966111], [2.3291018, 6.3966197], [2.3291067, 6.3966197], [2.3290968, 6.3966292], [2.3291036, 6.3966283], [2.3291049, 6.3966337], [2.3290943, 6.3966364], [2.3290963, 6.3966319], [2.3290886, 6.3966355], [2.3290936, 6.3966378], [2.3290942, 6.3966364], [2.3291058, 6.396636], [2.3291058, 6.396641], [2.329109, 6.3966274], [2.3291176, 6.3966306], [2.3291226, 6.3966251], [2.3291194, 6.3966256], [2.3291203, 6.3966184], [2.3291298, 6.3966202], [2.3291239, 6.3966111], [2.3291316, 6.3966021], [2.3291262, 6.3966034], [2.3291276, 6.3965976], [2.3291131, 6.3965985], [2.3291127, 6.3965894], [2.3290987, 6.396588], [2.3291009, 6.3965944], [2.3290959, 6.3965962], [2.3290977, 6.3965885], [2.329091, 6.396588], [2.3290937, 6.396593], [2.3290887, 6.3965934], [2.3290892, 6.3965844], [2.3290824, 6.3965844], [2.3290833, 6.3965894], [2.3290765, 6.3965853], [2.3290869, 6.3965826], [2.3290914, 6.3965727], [2.3290982, 6.3965785], [2.3291036, 6.3965749], [2.3290933, 6.3965609], [2.3291104, 6.3965596], [2.329119, 6.3965655], [2.3291123, 6.3965569], [2.3291068, 6.3965587], [2.3291159, 6.3965519], [2.3291276, 6.3965582], [2.3291245, 6.3965659], [2.3291317, 6.3965686], [2.329133, 6.3965632], [2.3291376, 6.3965718], [2.3291416, 6.3965709], [2.329138, 6.3965668], [2.3291507, 6.3965718], [2.3291575, 6.396561], [2.3291588, 6.396566], [2.3291642, 6.3965623], [2.329176, 6.3965678], [2.3291755, 6.3965637], [2.329181, 6.3965705], [2.3291769, 6.3965687], [2.3291778, 6.3965746], [2.3291904, 6.3965782], [2.3291927, 6.3965895], [2.3292031, 6.3965877], [2.3291981, 6.3965918], [2.3292035, 6.3965936], [2.3292017, 6.3965999], [2.3291899, 6.3966121], [2.329203, 6.396623], [2.3291967, 6.3966212], [2.329199, 6.3966284], [2.329194, 6.3966239], [2.3291981, 6.3966366], [2.3291917, 6.3966379], [2.3291876, 6.3966483], [2.3291926, 6.3966497], [2.3291863, 6.3966515], [2.3292016, 6.3966583], [2.3291989, 6.3966646], [2.3292014, 6.3966623], [2.3292003, 6.3966678], [2.3291903, 6.3966641], [2.3291876, 6.3966682], [2.3291921, 6.39667], [2.3291876, 6.3966714], [2.3291903, 6.3966781], [2.3292048, 6.39668], [2.3291985, 6.3966709], [2.3292061, 6.39667], [2.329208, 6.3966632], [2.3292023, 6.3966616], [2.3292075, 6.3966569], [2.3292102, 6.3966614], [2.3292166, 6.3966583], [2.3292143, 6.3966646], [2.3292197, 6.3966646], [2.3292211, 6.3966565], [2.329212, 6.3966533], [2.3292139, 6.3966438], [2.3292084, 6.3966424], [2.329213, 6.3966397], [2.3292066, 6.3966388], [2.329217, 6.3966316], [2.3292103, 6.3966271], [2.3292152, 6.3966248], [2.3292121, 6.3966198], [2.329227, 6.396619], [2.3292279, 6.3966086], [2.3292361, 6.3966181], [2.3292437, 6.3966158], [2.3292442, 6.396609], [2.3292532, 6.3966231], [2.3292623, 6.3966176], [2.3292618, 6.396628], [2.3292582, 6.3966267], [2.3292668, 6.3966357], [2.3292645, 6.3966416], [2.3292713, 6.3966362], [2.3292645, 6.3966326], [2.3292632, 6.3966222], [2.3292781, 6.3966263], [2.3292831, 6.3966226], [2.3292785, 6.3966217], [2.3292804, 6.3966172], [2.3292858, 6.3966163], [2.3292912, 6.3966335], [2.3292989, 6.3966154], [2.3293061, 6.39662], [2.3293093, 6.3966123], [2.3293161, 6.3966213], [2.3293265, 6.3966091], [2.329321, 6.3966173], [2.3293251, 6.3966209], [2.3293269, 6.3966164], [2.3293283, 6.3966218], [2.3293278, 6.3966155], [2.3293342, 6.3966177], [2.329331, 6.3966295], [2.3293256, 6.3966277], [2.329326, 6.3966358], [2.3293183, 6.3966453], [2.3293147, 6.396643], [2.3293111, 6.3966539], [2.3293061, 6.396653], [2.3293061, 6.3966598], [2.3292921, 6.3966634], [2.3292925, 6.3966756], [2.3292821, 6.3966778], [2.3292816, 6.3966855], [2.3292735, 6.3966891], [2.3292721, 6.3966837], [2.3292717, 6.3966882], [2.3292663, 6.396685], [2.3292766, 6.3966945], [2.3292708, 6.3967013], [2.3292581, 6.3966959], [2.3292626, 6.3967099], [2.329259, 6.3967085], [2.3292563, 6.3967185], [2.3292517, 6.3967198], [2.3292554, 6.3967144], [2.3292517, 6.3967167], [2.329249, 6.3967103], [2.3292459, 6.396713], [2.3292513, 6.3967176], [2.3292517, 6.3967298], [2.3292603, 6.3967262], [2.3292609, 6.3967335], [2.3292612, 6.3967311], [2.3292662, 6.3967307], [2.3292689, 6.3967416], [2.3292603, 6.3967388], [2.3292605, 6.3967372], [2.3292427, 6.3967537], [2.3292535, 6.3967474], [2.3292562, 6.3967524], [2.3292499, 6.3967569], [2.329258, 6.3967519], [2.329263, 6.3967565], [2.3292526, 6.3967628], [2.3292544, 6.3967596], [2.3292476, 6.3967596], [2.3292408, 6.3967736], [2.3292521, 6.3967736], [2.3292512, 6.3967782], [2.3292643, 6.3967709], [2.3292607, 6.3967682], [2.3292693, 6.3967687], [2.3292684, 6.3967755], [2.3292634, 6.396775], [2.3292701, 6.3967759], [2.3292698, 6.3967746], [2.3292756, 6.3967682], [2.3292702, 6.3967669], [2.3292761, 6.3967637], [2.3292702, 6.3967624], [2.3292861, 6.396747], [2.3292901, 6.3967565], [2.329291, 6.3967502], [2.329301, 6.3967552], [2.3293055, 6.3967484], [2.3293055, 6.3967606], [2.3292969, 6.3967701], [2.329296, 6.3967656], [2.3292892, 6.3967701], [2.3292892, 6.3967701], [2.3292892, 6.3967665], [2.3292851, 6.3967696], [2.3292891, 6.3967714], [2.3292883, 6.3967809], [2.3292765, 6.3967945], [2.3292765, 6.3967814], [2.3292734, 6.3967899], [2.3292688, 6.3967813], [2.3292598, 6.3967904], [2.3292517, 6.3967877], [2.329248, 6.3968057], [2.3292534, 6.396822], [2.329248, 6.3968279], [2.3292371, 6.3968243], [2.3292281, 6.3968288], [2.3292236, 6.3968387], [2.329224, 6.3968342], [2.3292086, 6.3968333], [2.329215, 6.3968251], [2.3292114, 6.3968188], [2.3292186, 6.3968238], [2.3292227, 6.3968184], [2.3292227, 6.3968247], [2.3292286, 6.396817], [2.329234, 6.3968184], [2.3292295, 6.3968148], [2.3292349, 6.3968166], [2.3292385, 6.3968062], [2.3292281, 6.3968053], [2.3292385, 6.3967949], [2.3292277, 6.3967967], [2.3292308, 6.3968016], [2.3292259, 6.3968025], [2.3292155, 6.3967994], [2.3292141, 6.3967921], [2.3292191, 6.3967894], [2.3292259, 6.3968003], [2.3292268, 6.3967881], [2.3292336, 6.3967836], [2.3292286, 6.3967931], [2.329239, 6.3967845], [2.3292304, 6.3967822], [2.3292322, 6.3967718], [2.3292236, 6.3967736], [2.3292255, 6.3967628], [2.3292191, 6.3967722], [2.3292128, 6.3967722], [2.3292133, 6.396765], [2.3292368, 6.3967356], [2.3292259, 6.3967388], [2.3292323, 6.3967406], [2.3292178, 6.3967582], [2.3292169, 6.3967514], [2.3292083, 6.3967682], [2.3292092, 6.3967537], [2.3292155, 6.3967528], [2.3292106, 6.3967474], [2.3292251, 6.3967315], [2.3292201, 6.3967347], [2.3292178, 6.396727], [2.3292106, 6.3967401], [2.3291984, 6.3967437], [2.3292033, 6.3967473], [2.3291965, 6.3967568], [2.3291866, 6.3967568], [2.3291866, 6.3967686], [2.3291834, 6.3967618], [2.3291748, 6.3967668], [2.3291721, 6.3967564], [2.3291612, 6.3967771], [2.3291703, 6.3967744], [2.3291744, 6.396783], [2.3291639, 6.3967948], [2.3291576, 6.3967948], [2.3291621, 6.3967979], [2.3291517, 6.3968106], [2.3291436, 6.3968088], [2.3291508, 6.3968056], [2.3291658, 6.3967785], [2.3291603, 6.3967857], [2.3291549, 6.3967839], [2.3291567, 6.3967907], [2.3291427, 6.3968052], [2.3291391, 6.396797], [2.3291323, 6.3967961], [2.3291418, 6.3967966], [2.3291382, 6.3967902], [2.3291481, 6.3967839], [2.3291382, 6.3967875], [2.3291359, 6.3967821], [2.3291273, 6.3967898], [2.3291364, 6.3967916], [2.3291278, 6.3967929], [2.32913, 6.3967979], [2.3291187, 6.3968038], [2.3291219, 6.3968078], [2.3291155, 6.3968114], [2.3291151, 6.3968029], [2.3291061, 6.3968074], [2.3291074, 6.3967983], [2.3290966, 6.3967992], [2.329097, 6.3967947], [2.3290993, 6.3967988], [2.3291034, 6.3967929], [2.329107, 6.3967956], [2.3291034, 6.3967866], [2.3291133, 6.3967802], [2.3291097, 6.3967771], [2.3291183, 6.3967753], [2.3291075, 6.3967748], [2.3291102, 6.3967631], [2.329117, 6.3967603], [2.329112, 6.3967667], [2.3291197, 6.396773], [2.3291188, 6.3967631], [2.3291233, 6.3967608], [2.3291264, 6.3967676], [2.3291319, 6.3967604], [2.3291319, 6.3967649], [2.3291382, 6.3967622], [2.3291405, 6.3967703], [2.3291486, 6.3967726], [2.3291604, 6.3967667], [2.329154, 6.3967645], [2.3291613, 6.3967613], [2.3291599, 6.3967541], [2.3291658, 6.3967559], [2.329164, 6.3967631], [2.3291694, 6.396755], [2.3291663, 6.3967468], [2.3291545, 6.3967446], [2.329154, 6.3967554], [2.3291387, 6.3967554], [2.3291323, 6.3967495], [2.3291274, 6.3967595], [2.329121, 6.3967545], [2.3291143, 6.3967603], [2.3291188, 6.3967563], [2.3291129, 6.3967536], [2.3291152, 6.3967495], [2.3291088, 6.3967499], [2.3291093, 6.3967454], [2.3291143, 6.3967472], [2.3291125, 6.3967409], [2.3291039, 6.396745], [2.3291007, 6.39674], [2.329107, 6.3967364], [2.3290957, 6.3967382], [2.3290985, 6.3967314], [2.3290944, 6.3967359], [2.3290854, 6.3967309], [2.3290917, 6.396721], [2.3290827, 6.3967133], [2.3290891, 6.3967085], [2.3290885, 6.3967115], [2.3290967, 6.3967088], [2.3290994, 6.3967237], [2.3291093, 6.3967133], [2.3291062, 6.3967273], [2.3291143, 6.3967291], [2.3291125, 6.3967328], [2.3291188, 6.396731], [2.3291138, 6.3967282], [2.329117, 6.3967255], [2.329122, 6.3967346], [2.329122, 6.3967305], [2.3291319, 6.396731], [2.3291346, 6.3967396], [2.3291437, 6.3967323], [2.3291405, 6.3967364], [2.3291482, 6.3967391], [2.3291432, 6.3967432], [2.3291513, 6.3967405], [2.3291495, 6.39675], [2.3291541, 6.3967423], [2.3291608, 6.3967432], [2.3291563, 6.3967355], [2.3291645, 6.3967297], [2.3291654, 6.3967211], [2.3291695, 6.3967224], [2.3291654, 6.3967152], [2.3291735, 6.3967184], [2.3291677, 6.3967012], [2.3291586, 6.3966962], [2.3291537, 6.3967012], [2.329155, 6.3966948], [2.3291455, 6.3966907], [2.3291428, 6.3966962], [2.32915, 6.3966989], [2.3291491, 6.3967079], [2.3291559, 6.3967093], [2.3291478, 6.3967116], [2.3291446, 6.3967201], [2.3291401, 6.396717], [2.3291405, 6.3967265], [2.3291459, 6.3967278], [2.3291373, 6.3967346], [2.3291378, 6.3967283], [2.329136, 6.3967323], [2.3291315, 6.3967287], [2.3291396, 6.3967156], [2.3291243, 6.3967124], [2.329127, 6.3967025], [2.3291107, 6.396712], [2.3291202, 6.3967002], [2.3291139, 6.3967034], [2.3291152, 6.3966988], [2.3291089, 6.3966988], [2.3291103, 6.3967074], [2.3290895, 6.3966984], [2.3290953, 6.3967033], [2.3290899, 6.3967038], [2.3290892, 6.3967078], [2.3290836, 6.3967069], [2.3290886, 6.3967002], [2.3290754, 6.3967002], [2.3290759, 6.3966952], [2.3290687, 6.3966992], [2.3290515, 6.3966965], [2.3290515, 6.3966893], [2.329047, 6.3966988], [2.3290393, 6.3966956], [2.3290379, 6.3966883], [2.3290321, 6.3966915], [2.3290361, 6.3966752], [2.329028, 6.396682], [2.3290186, 6.3966789], [2.3290153, 6.3966842], [2.3290068, 6.3966802]], [[2.3291652, 6.3965476], [2.3291656, 6.3965565], [2.3291588, 6.396556], [2.3291588, 6.3965605], [2.3291539, 6.3965555], [2.3291543, 6.3965601], [2.3291493, 6.3965474], [2.329143, 6.3965469], [2.3291448, 6.3965524], [2.3291398, 6.3965469], [2.3291439, 6.3965406], [2.329153, 6.3965515], [2.3291634, 6.396551], [2.3291615, 6.3965456], [2.3291643, 6.3965488], [2.3291652, 6.3965476]], [[2.3291652, 6.3965475], [2.329176, 6.396533], [2.3291715, 6.3965361], [2.3291706, 6.3965316], [2.3291824, 6.3965271], [2.3291652, 6.3965257], [2.3291616, 6.3965198], [2.3291697, 6.3965194], [2.3291706, 6.396509], [2.3291815, 6.396514], [2.3291779, 6.3965036], [2.3291887, 6.3965113], [2.3291883, 6.3965221], [2.3291932, 6.3965126], [2.3291941, 6.3965253], [2.3292059, 6.3965289], [2.3292059, 6.3965353], [2.329209, 6.3965276], [2.3292212, 6.3965303], [2.3292222, 6.3965213], [2.3292271, 6.3965357], [2.3292262, 6.396524], [2.3292375, 6.3965276], [2.3292317, 6.3965244], [2.3292371, 6.3965199], [2.3292326, 6.396514], [2.3292412, 6.396515], [2.3292385, 6.39651], [2.3292448, 6.3965109], [2.3292439, 6.3965068], [2.3292489, 6.3965114], [2.3292425, 6.3965041], [2.3292398, 6.3965073], [2.3292385, 6.3965005], [2.3292308, 6.3965068], [2.329233, 6.3964987], [2.3292425, 6.3964946], [2.3292425, 6.3965032], [2.3292493, 6.3964924], [2.3292498, 6.3964982], [2.3292629, 6.3964965], [2.3292593, 6.3965032], [2.329267, 6.3964983], [2.3292751, 6.3965073], [2.3292773, 6.3965037], [2.3292819, 6.3965087], [2.3292828, 6.3965005], [2.3292855, 6.3965055], [2.3292923, 6.3965055], [2.32928, 6.3965119], [2.3292778, 6.3965277], [2.3292841, 6.3965263], [2.3292805, 6.3965322], [2.3292868, 6.396529], [2.3292882, 6.3965345], [2.32928, 6.3965327], [2.3292796, 6.3965367], [2.3292931, 6.3965363], [2.3292986, 6.3965304], [2.3292985, 6.3965372], [2.3293017, 6.3965273], [2.3293076, 6.3965363], [2.3293053, 6.3965431], [2.3293031, 6.3965358], [2.3292958, 6.3965417], [2.329297, 6.3965459], [2.3293017, 6.3965404], [2.3293058, 6.396544], [2.3292999, 6.3965458], [2.3293017, 6.3965512], [2.3292973, 6.3965468], [2.329299, 6.3965526], [2.3292818, 6.3965688], [2.3292836, 6.3965611], [2.3292782, 6.3965648], [2.3292773, 6.3965548], [2.3292737, 6.396558], [2.3292655, 6.3965521], [2.3292655, 6.396558], [2.3292592, 6.3965516], [2.3292682, 6.3965494], [2.3292642, 6.3965403], [2.3292529, 6.3965417], [2.3292506, 6.3965475], [2.3292511, 6.3965394], [2.3292579, 6.3965358], [2.3292511, 6.3965344], [2.3292438, 6.3965539], [2.3292542, 6.3965638], [2.3292474, 6.3965606], [2.3292506, 6.3965652], [2.3292447, 6.3965643], [2.3292411, 6.3965801], [2.3292384, 6.3965724], [2.3292354, 6.3965732], [2.3292316, 6.3965615], [2.3292275, 6.396562], [2.3292293, 6.3965737], [2.3292328, 6.396574], [2.3292194, 6.3965778], [2.3292275, 6.3965742], [2.3292248, 6.3965665], [2.3292207, 6.3965746], [2.3292126, 6.3965692], [2.3292157, 6.3965891], [2.3291873, 6.3965705], [2.3291941, 6.3965701], [2.3291877, 6.3965655], [2.3291909, 6.3965597], [2.3291873, 6.3965633], [2.3291832, 6.3965569], [2.3291805, 6.3965624], [2.3291652, 6.3965475]], [[2.3292942, 6.3965055], [2.3292977, 6.3965055], [2.3292959, 6.3965146], [2.3292942, 6.3965055]], [[2.3292783, 6.3968456], [2.3292733, 6.396851], [2.3292728, 6.3968438], [2.3292783, 6.3968456]], [[2.3292746, 6.3965638], [2.3292691, 6.3965747], [2.3292637, 6.3965638], [2.3292691, 6.3965593], [2.3292669, 6.3965548], [2.3292746, 6.3965638]], [[2.3292524, 6.3965593], [2.3292533, 6.3965534], [2.329261, 6.3965552], [2.3292637, 6.3965634], [2.3292524, 6.3965593]], [[2.329263, 6.3967244], [2.3292544, 6.3967284], [2.3292572, 6.3967198], [2.329263, 6.3967244]], [[2.3292244, 6.3965195], [2.3292267, 6.3965159], [2.3292312, 6.3965249], [2.3292244, 6.3965195]], [[2.3292019, 6.3968315], [2.3291964, 6.3968296], [2.3291983, 6.3968201], [2.329205, 6.3968229], [2.3292114, 6.3968129], [2.3292019, 6.3968315]], [[2.3292023, 6.3965226], [2.3291973, 6.3965217], [2.3292018, 6.3965172], [2.3292023, 6.3965226]], [[2.3291825, 6.3964014], [2.3291834, 6.3964068], [2.3291776, 6.3964064], [2.3291825, 6.3964014]], [[2.3291726, 6.3967717], [2.3291653, 6.3967699], [2.3291699, 6.3967672], [2.3291726, 6.3967717]], [[2.3291296, 6.3968002], [2.3291318, 6.396806], [2.3291246, 6.3968096], [2.3291296, 6.3968002]], [[2.3291318, 6.3964922], [2.3291264, 6.3964908], [2.3291282, 6.3964868], [2.3291318, 6.3964922]], [[2.3291068, 6.3965424], [2.3291123, 6.3965388], [2.3291172, 6.3965433], [2.3291127, 6.3965541], [2.3291073, 6.3965541], [2.3291068, 6.3965424]], [[2.3291023, 6.3966007], [2.3290964, 6.396603], [2.3290891, 6.3965957], [2.3291023, 6.3966007]], [[2.3290905, 6.3965645], [2.3290942, 6.3965686], [2.3290869, 6.3965749], [2.3290824, 6.3965672], [2.3290905, 6.3965645]], [[2.3290777, 6.3967038], [2.3290849, 6.3967088], [2.3290813, 6.3967142], [2.3290687, 6.3967101], [2.3290813, 6.3967006], [2.3290777, 6.3967038]], [[2.3290118, 6.3966986], [2.3290095, 6.3966924], [2.3290022, 6.3966937], [2.3290022, 6.3966865], [2.3290095, 6.3966865], [2.3290117, 6.3966901], [2.3290054, 6.3966901], [2.3290149, 6.3966946], [2.3290127, 6.3966986], [2.3290149, 6.3966987], [2.3290212, 6.3967046], [2.3290117, 6.3967136], [2.3290194, 6.3967155], [2.3290207, 6.3967109], [2.3290225, 6.39672], [2.3290035, 6.3967141], [2.3290103, 6.3967087], [2.3290018, 6.3966982], [2.3290118, 6.3966986]], [[2.3290176, 6.3967227], [2.3290103, 6.3967231], [2.3290135, 6.3967191], [2.3290176, 6.3967227]]], [[[2.3295756, 6.3964533], [2.329579, 6.3964494], [2.3295731, 6.3964494], [2.3295756, 6.3964533]]], [[[2.329602, 6.3966302], [2.3296, 6.396628], [2.3295923, 6.3966325], [2.3295964, 6.3966366], [2.329602, 6.3966302]]], [[[2.329841, 6.3968526], [2.3298429, 6.396844], [2.3298352, 6.3968499], [2.329841, 6.3968526]]], [[[2.3300579, 6.3969117], [2.3300535, 6.396918], [2.3300567, 6.3969239], [2.3300617, 6.3969158], [2.3300579, 6.3969117]]], [[[2.330165, 6.3969982], [2.3301646, 6.3970055], [2.3301556, 6.3970095], [2.3301604, 6.3970135], [2.3301529, 6.3970104], [2.3301488, 6.3970231], [2.330156, 6.397029], [2.3301506, 6.3970303], [2.3301492, 6.3970421], [2.3301537, 6.3970461], [2.3301487, 6.3970484], [2.3301587, 6.3970525], [2.330165, 6.3970484], [2.3301668, 6.3970584], [2.3301664, 6.3970638], [2.3301546, 6.3970593], [2.330155, 6.3970706], [2.3301478, 6.3970701], [2.3301541, 6.3970755], [2.3301541, 6.3970999], [2.3301591, 6.3971018], [2.3301623, 6.3970873], [2.3301573, 6.3970674], [2.3301686, 6.397076], [2.3301691, 6.3970484], [2.3301573, 6.3970461], [2.3301533, 6.3970389], [2.3301625, 6.3970153], [2.3301687, 6.3970204], [2.33017, 6.3970037], [2.330165, 6.3969982]]], [[[2.3301533, 6.3970041], [2.330142, 6.3969941], [2.330142, 6.3970154], [2.3301483, 6.3970181], [2.3301533, 6.3970041]]], [[[2.3301455, 6.3970705], [2.3301415, 6.3970615], [2.3301397, 6.3970669], [2.3301455, 6.3970705]]], [[[2.3301442, 6.3970552], [2.3301379, 6.3970556], [2.3301392, 6.3970597], [2.3301451, 6.397061], [2.3301442, 6.3970552]]], [[[2.3301321, 6.397014], [2.3301262, 6.3970217], [2.3301334, 6.3970226], [2.3301321, 6.397014]]], [[[2.330105, 6.3973305], [2.3301185, 6.3973296], [2.3301145, 6.3973269], [2.3301208, 6.3973219], [2.330105, 6.3973305]]], [[[2.3300973, 6.3969656], [2.3300973, 6.3969715], [2.3300874, 6.3969714], [2.3300937, 6.3969773], [2.3300901, 6.3969809], [2.3300973, 6.3969828], [2.3300991, 6.3969782], [2.3301027, 6.3969846], [2.3301036, 6.3969787], [2.3301118, 6.3969805], [2.3301136, 6.3969697], [2.3301036, 6.3969715], [2.3300973, 6.3969656]]], [[[2.3300991, 6.3973215], [2.3300882, 6.3973264], [2.3301045, 6.3973269], [2.3300991, 6.3973215]]], [[[2.3301023, 6.3972812], [2.3300969, 6.3972839], [2.3300946, 6.397278], [2.3300973, 6.3972857], [2.3301023, 6.3972812]]], [[[2.3300881, 6.3970795], [2.33008, 6.3970809], [2.3300759, 6.3970754], [2.3300741, 6.3970827], [2.3300764, 6.3970786], [2.3300877, 6.3970863], [2.3300958, 6.3970822], [2.3300836, 6.3970668], [2.3300827, 6.397075], [2.3300768, 6.3970686], [2.3300786, 6.3970759], [2.330085, 6.3970786], [2.330089, 6.3970741], [2.3300881, 6.3970795]]], [[[2.3300785, 6.3971966], [2.3300821, 6.3971894], [2.3300771, 6.3971894], [2.3300785, 6.3971966]]], [[[2.3300625, 6.3969818], [2.3300661, 6.3969836], [2.3300634, 6.3969913], [2.3300598, 6.3969877], [2.330062, 6.3969949], [2.3300665, 6.3969841], [2.3300742, 6.3969845], [2.3300742, 6.39698], [2.3300792, 6.3969836], [2.3300806, 6.396975], [2.330076, 6.3969787], [2.3300688, 6.3969732], [2.3300625, 6.3969818]]], [[[2.33008, 6.3970361], [2.3300751, 6.3970374], [2.3300787, 6.3970465], [2.33008, 6.3970361]]], [[[2.3300723, 6.3970809], [2.3300732, 6.3970682], [2.3300678, 6.3970723], [2.3300723, 6.3970809]]], [[[2.3300728, 6.3970126], [2.3300652, 6.3970107], [2.3300633, 6.3970148], [2.3300728, 6.3970126]]], [[[2.3300626, 6.3965219], [2.3300667, 6.3965142], [2.3300572, 6.3965124], [2.3300604, 6.3965187], [2.3300549, 6.3965296], [2.3300613, 6.3965305], [2.3300549, 6.3965364], [2.3300658, 6.3965346], [2.3300612, 6.3965427], [2.3300644, 6.3965486], [2.3300712, 6.3965454], [2.3300644, 6.3965427], [2.3300721, 6.3965328], [2.330073, 6.3965251], [2.3300658, 6.3965233], [2.3300726, 6.3965183], [2.3300703, 6.3965102], [2.3300699, 6.3965192], [2.3300626, 6.3965219]]], [[[2.3300663, 6.3965025], [2.330069, 6.3964753], [2.330064, 6.3964749], [2.3300622, 6.396483], [2.3300609, 6.3964767], [2.3300487, 6.3964803], [2.3300568, 6.3964817], [2.3300577, 6.3964907], [2.3300654, 6.3964826], [2.330059, 6.3964943], [2.3300536, 6.3964826], [2.3300428, 6.3964857], [2.3300414, 6.3964902], [2.3300482, 6.3964934], [2.3300419, 6.3964952], [2.3300464, 6.3965029], [2.3300532, 6.3964961], [2.3300536, 6.3965002], [2.3300577, 6.3964952], [2.3300663, 6.3965025]]], [[[2.3300425, 6.397051], [2.3300466, 6.3970442], [2.3300421, 6.3970379], [2.3300425, 6.397051]]], [[[2.3300412, 6.3970098], [2.3300457, 6.3970103], [2.3300448, 6.3969976], [2.3300412, 6.3970098]]], [[[2.3300271, 6.3970208], [2.3300294, 6.3970143], [2.3300218, 6.3970089], [2.3300353, 6.3970039], [2.3300222, 6.3970044], [2.3300168, 6.3970111], [2.3300222, 6.397017], [2.330015, 6.3970197], [2.3300253, 6.3970256], [2.330027, 6.3970211], [2.330033, 6.3970211], [2.3300321, 6.3970166], [2.3300271, 6.3970208]]], [[[2.3300331, 6.3966173], [2.3300281, 6.3966155], [2.3300281, 6.3966209], [2.3300331, 6.3966173]]], [[[2.3300196, 6.3965865], [2.3300187, 6.3965811], [2.3300155, 6.3965856], [2.3300196, 6.3965865]]], [[[2.3300182, 6.3965761], [2.3300092, 6.3965797], [2.3300119, 6.3965847], [2.3300182, 6.3965761]]], [[[2.3300009, 6.3966964], [2.3300086, 6.3966851], [2.3300023, 6.3966855], [2.3300009, 6.3966964]]], [[[2.3299896, 6.3966905], [2.3299942, 6.3966968], [2.3299978, 6.3966905], [2.3299869, 6.3966846], [2.329976, 6.3966932], [2.3299896, 6.3966905]]], [[[2.3299939, 6.3966974], [2.3299887, 6.3966982], [2.3299914, 6.3967018], [2.3299939, 6.3966974]]], [[[2.3299959, 6.3964038], [2.3299918, 6.3964124], [2.3299977, 6.3964106], [2.3299959, 6.3964038]]], [[[2.3299749, 6.39723], [2.3299808, 6.3972444], [2.3299835, 6.3972313], [2.3299781, 6.3972349], [2.3299749, 6.39723]]], [[[2.3299825, 6.3972756], [2.3299776, 6.3972738], [2.3299789, 6.3972788], [2.3299825, 6.3972756]]], [[[2.3299812, 6.3965774], [2.3299744, 6.3965747], [2.3299721, 6.3965819], [2.3299785, 6.3965838], [2.3299812, 6.3965774]]], [[[2.3299753, 6.3972336], [2.3299713, 6.3972376], [2.3299758, 6.3972376], [2.3299753, 6.3972336]]], [[[2.3299703, 6.3972675], [2.3299753, 6.397267], [2.3299735, 6.3972634], [2.3299703, 6.3972675]]], [[[2.3299713, 6.3965137], [2.3299758, 6.3965019], [2.3299677, 6.3965046], [2.3299713, 6.3965137]]], [[[2.3299645, 6.3972336], [2.3299591, 6.3972381], [2.3299636, 6.397239], [2.3299604, 6.3972462], [2.3299708, 6.3972381], [2.3299645, 6.3972336]]], [[[2.3299486, 6.3972964], [2.3299477, 6.3972869], [2.3299504, 6.3972819], [2.3299567, 6.3972855], [2.3299586, 6.3972729], [2.3299536, 6.3972747], [2.3299518, 6.3972665], [2.3299477, 6.3972769], [2.3299437, 6.397267], [2.3299414, 6.3972778], [2.3299337, 6.397272], [2.3299328, 6.3972783], [2.3299445, 6.3972778], [2.3299486, 6.3972964]]], [[[2.3299569, 6.3964928], [2.3299451, 6.396505], [2.3299546, 6.3965064], [2.3299569, 6.3964928]]], [[[2.3299311, 6.3972086], [2.3299306, 6.3972145], [2.3299392, 6.3972154], [2.3299311, 6.3972086]]], [[[2.3299121, 6.3972086], [2.3299193, 6.3972082], [2.3299157, 6.3972041], [2.3299121, 6.3972086]]], [[[2.3298926, 6.3972751], [2.3298921, 6.397285], [2.3298971, 6.3972773], [2.3298953, 6.3972719], [2.3298953, 6.3972778], [2.3298926, 6.3972751]]], [[[2.3298891, 6.3967681], [2.3298928, 6.3967718], [2.3298941, 6.3967668], [2.3298891, 6.3967681]]], [[[2.3298838, 6.3970164], [2.3298888, 6.3970291], [2.3298924, 6.3970155], [2.3298906, 6.3970209], [2.3298838, 6.3970164]]], [[[2.3298652, 6.3970883], [2.3298738, 6.3970905], [2.3298697, 6.3970828], [2.3298652, 6.3970883]]], [[[2.3298624, 6.3972086], [2.3298691, 6.3972099], [2.329866, 6.3972049], [2.3298624, 6.3972086]]], [[[2.329851, 6.3972434], [2.3298614, 6.3972452], [2.3298569, 6.3972397], [2.329851, 6.3972434]]], [[[2.3298529, 6.3971891], [2.329852, 6.3971981], [2.329856, 6.3971977], [2.329861, 6.3971868], [2.3298529, 6.3971891]]], [[[2.3298534, 6.3971538], [2.3298593, 6.3971498], [2.3298556, 6.3971475], [2.3298534, 6.3971538]]], [[[2.3298374, 6.397256], [2.3298397, 6.3972501], [2.3298329, 6.3972578], [2.3298383, 6.397261], [2.329846, 6.3972537], [2.3298374, 6.397256]]], [[[2.3297911, 6.3968369], [2.3297833, 6.3968417], [2.3297855, 6.3968467], [2.3297909, 6.3968408], [2.3297927, 6.3968462], [2.3298022, 6.3968467], [2.3297939, 6.3968371], [2.3297946, 6.3968372], [2.3297937, 6.3968286], [2.329805, 6.3968408], [2.3298203, 6.3968277], [2.3298303, 6.3968318], [2.3298226, 6.3968286], [2.3298222, 6.396821], [2.329828, 6.3968268], [2.3298335, 6.3968169], [2.3298393, 6.3968178], [2.3298389, 6.3968083], [2.3298303, 6.3968056], [2.3298312, 6.3968119], [2.3298249, 6.3968142], [2.3298217, 6.3968038], [2.3298267, 6.3968015], [2.3298118, 6.3967943], [2.3298104, 6.3968051], [2.3298037, 6.3968033], [2.3298, 6.396806], [2.3298064, 6.3968069], [2.3298009, 6.3968114], [2.3297955, 6.3968119], [2.3297982, 6.3968196], [2.3297996, 6.3968132], [2.3298118, 6.3968105], [2.3298154, 6.3968237], [2.32981, 6.3968223], [2.329814, 6.3968309], [2.3298095, 6.3968336], [2.3298086, 6.3968232], [2.3298054, 6.3968313], [2.3297986, 6.3968318], [2.3297968, 6.3968245], [2.3298032, 6.3968223], [2.3297923, 6.396825], [2.3297869, 6.3968168], [2.3297955, 6.3968119], [2.3297905, 6.3968123], [2.3297942, 6.3968055], [2.3297896, 6.3968037], [2.3298005, 6.3967974], [2.3297915, 6.3967992], [2.3297797, 6.3968105], [2.3297878, 6.3968141], [2.329772, 6.3968155], [2.3297792, 6.3968186], [2.3297828, 6.3968327], [2.3297738, 6.3968367], [2.3297715, 6.3968327], [2.3297593, 6.3968503], [2.3297801, 6.396844], [2.3297787, 6.3968358], [2.3297911, 6.3968369]]], [[[2.3298248, 6.3968495], [2.3298208, 6.3968494], [2.3298226, 6.3968431], [2.3298316, 6.3968363], [2.329824, 6.3968363], [2.3298199, 6.3968458], [2.3298054, 6.3968454], [2.3298054, 6.3968544], [2.3298194, 6.3968522], [2.3298117, 6.3968553], [2.3298076, 6.3968689], [2.3298135, 6.3968644], [2.3298167, 6.3968689], [2.3298126, 6.3968607], [2.3298171, 6.3968639], [2.3298248, 6.3968495]]], [[[2.3297985, 6.3972858], [2.3298026, 6.3972858], [2.3298012, 6.3972795], [2.3297985, 6.3972858]]], [[[2.329775, 6.3973147], [2.3297686, 6.3973319], [2.3298012, 6.3973288], [2.3297867, 6.3973287], [2.3297912, 6.3973206], [2.3297826, 6.3973283], [2.3297831, 6.3973238], [2.3297736, 6.3973274], [2.329775, 6.3973147]]], [[[2.3297948, 6.397322], [2.3297994, 6.3973179], [2.3297944, 6.397317], [2.3297948, 6.397322]]], [[[2.3297936, 6.3972609], [2.3297877, 6.3972641], [2.3297918, 6.3972632], [2.3297913, 6.3972686], [2.3297936, 6.3972609]]], [[[2.3297837, 6.3973035], [2.329789, 6.3972993], [2.3297855, 6.3972993], [2.3297931, 6.3972813], [2.3297868, 6.3972808], [2.3297872, 6.3972871], [2.3297782, 6.3972912], [2.3297836, 6.3972975], [2.3297763, 6.3973011], [2.3297736, 6.3973133], [2.329779, 6.3973106], [2.3297777, 6.3973179], [2.3297837, 6.3973035]]], [[[2.3297859, 6.396915], [2.3297881, 6.3969218], [2.32978, 6.3969276], [2.3297795, 6.3969371], [2.3297854, 6.3969376], [2.3297822, 6.3969312], [2.3297899, 6.39692], [2.3297859, 6.396915]]], [[[2.329789, 6.3972681], [2.3297859, 6.397265], [2.3297827, 6.3972704], [2.329789, 6.3972681]]], [[[2.3297759, 6.3969407], [2.3297795, 6.3969335], [2.3297732, 6.396933], [2.3297759, 6.3969407]]], [[[2.3297723, 6.3969466], [2.3297696, 6.3969425], [2.3297668, 6.3969484], [2.3297723, 6.3969466]]], [[[2.3297192, 6.396739], [2.3297214, 6.396744], [2.3297269, 6.3967394], [2.3297192, 6.396739]]], [[[2.3297124, 6.3967408], [2.3297174, 6.3967426], [2.3297165, 6.3967372], [2.3297124, 6.3967408]]], [[[2.3297031, 6.3966286], [2.3297021, 6.3966354], [2.3297094, 6.39663], [2.3297031, 6.3966286]]], [[[2.329698, 6.396701], [2.3297025, 6.3966987], [2.3296989, 6.3966928], [2.329698, 6.396701]]], [[[2.3296911, 6.3967742], [2.329687, 6.3967846], [2.3296961, 6.396786], [2.3296961, 6.3967796], [2.3297024, 6.3967783], [2.3296911, 6.3967742]]], [[[2.3296927, 6.3965667], [2.3296932, 6.3965553], [2.3296819, 6.3965544], [2.3296851, 6.396563], [2.3296869, 6.396559], [2.3296914, 6.3965621], [2.3296869, 6.3965698], [2.3296927, 6.3965667]]], [[[2.3296775, 6.3967882], [2.3296875, 6.3967738], [2.3296816, 6.3967697], [2.3296766, 6.3967755], [2.329678, 6.396771], [2.3296708, 6.396771], [2.3296753, 6.3967647], [2.3296658, 6.3967728], [2.3296708, 6.3967715], [2.3296726, 6.3967769], [2.3296626, 6.3967805], [2.3296721, 6.3967859], [2.3296762, 6.3967823], [2.3296681, 6.3967792], [2.3296816, 6.3967783], [2.3296735, 6.3967891], [2.3296793, 6.3967927], [2.3296712, 6.3967954], [2.3296748, 6.3968045], [2.3296811, 6.3968036], [2.3296784, 6.3968004], [2.3296866, 6.3967914], [2.3296775, 6.3967882]], [[2.3296793, 6.3967991], [2.3296766, 6.3968022], [2.3296739, 6.3967977], [2.3296793, 6.3967991]]], [[[2.329675, 6.3966702], [2.3296872, 6.3966598], [2.3296827, 6.3966476], [2.3296759, 6.3966498], [2.329675, 6.3966702]]], [[[2.3296854, 6.3966399], [2.3296859, 6.396634], [2.3296818, 6.3966345], [2.3296854, 6.3966399]]], [[[2.3296828, 6.3965621], [2.3296815, 6.3965571], [2.3296742, 6.3965617], [2.3296701, 6.396558], [2.3296661, 6.3965635], [2.3296638, 6.3965562], [2.3296643, 6.3965653], [2.3296584, 6.3965634], [2.3296611, 6.3965829], [2.3296647, 6.3965739], [2.3296674, 6.3965779], [2.3296828, 6.3965621]]], [[[2.329681, 6.396592], [2.3296719, 6.3965974], [2.3296791, 6.3965978], [2.329681, 6.396592]]], [[[2.3296658, 6.3968104], [2.3296698, 6.396814], [2.3296734, 6.3968058], [2.3296658, 6.3968104]]], [[[2.3296565, 6.3965901], [2.3296547, 6.3966005], [2.3296461, 6.3966014], [2.3296502, 6.3965955], [2.3296484, 6.3965996], [2.3296525, 6.3965992], [2.3296538, 6.3965906], [2.3296475, 6.3965937], [2.3296452, 6.3965878], [2.3296384, 6.3965996], [2.3296421, 6.3966037], [2.329624, 6.3966113], [2.3296353, 6.3966082], [2.3296303, 6.3966136], [2.3296402, 6.3966159], [2.3296402, 6.3966091], [2.3296479, 6.3966105], [2.329657, 6.3966001], [2.3296552, 6.3966078], [2.3296615, 6.3966028], [2.3296638, 6.3966082], [2.3296724, 6.3965942], [2.3296701, 6.3965874], [2.3296647, 6.396591], [2.3296665, 6.3965838], [2.3296583, 6.3965937], [2.3296565, 6.3965901]]], [[[2.3296426, 6.3964997], [2.3296526, 6.3965028], [2.329654, 6.3964947], [2.3296426, 6.3964997]]], [[[2.3296371, 6.3965964], [2.3296434, 6.3965887], [2.3296448, 6.3965765], [2.3296371, 6.3965964]]], [[[2.3296097, 6.3964928], [2.3296155, 6.3964947], [2.3296196, 6.3964834], [2.3296097, 6.3964928]]], [[[2.3296, 6.3971166], [2.3295935, 6.397111], [2.3295899, 6.3971155], [2.3296, 6.3971166]]], [[[2.3296053, 6.3963938], [2.3296007, 6.3963915], [2.3295949, 6.3963979], [2.3296053, 6.3963938]]], [[[2.3295858, 6.3963987], [2.3295908, 6.3964064], [2.3295962, 6.3964024], [2.3295894, 6.396392], [2.3295858, 6.3963987]]], [[[2.3295837, 6.3966615], [2.3295882, 6.3966683], [2.3295922, 6.3966642], [2.3295837, 6.3966615]]], [[[2.3292846, 6.3968619], [2.3292941, 6.3968592], [2.3292922, 6.396865], [2.3292986, 6.3968569], [2.3293063, 6.3968651], [2.3293022, 6.3968705], [2.3293194, 6.3968615], [2.3293234, 6.3968701], [2.329323, 6.3968515], [2.3293239, 6.3968637], [2.3293356, 6.3968651], [2.3293365, 6.3968714], [2.3293284, 6.396871], [2.3293252, 6.3968818], [2.3293189, 6.396871], [2.3293198, 6.3968764], [2.3293144, 6.3968732], [2.3293117, 6.3968813], [2.3293171, 6.3968773], [2.3293135, 6.3968827], [2.3293261, 6.396885], [2.3293329, 6.3968823], [2.3293298, 6.3968759], [2.3293343, 6.3968732], [2.329332, 6.3968999], [2.3293352, 6.3968891], [2.3293492, 6.39688], [2.3293469, 6.3968755], [2.3293542, 6.3968814], [2.3293528, 6.3968656], [2.329365, 6.3968615], [2.3293641, 6.396857], [2.3293542, 6.3968592], [2.3293614, 6.3968547], [2.3293628, 6.3968457], [2.3293601, 6.3968421], [2.3293501, 6.396857], [2.3293433, 6.3968574], [2.3293447, 6.3968493], [2.3293393, 6.3968438], [2.3293443, 6.3968393], [2.3293501, 6.3968448], [2.3293452, 6.3968375], [2.3293483, 6.3968307], [2.3293434, 6.3968384], [2.3293375, 6.3968307], [2.3293379, 6.3968407], [2.3293312, 6.3968416], [2.3293285, 6.3968262], [2.3293199, 6.3968235], [2.3293221, 6.3968176], [2.3293142, 6.3968206], [2.3293117, 6.3968266], [2.3293, 6.3968257], [2.3292945, 6.3968379], [2.3292873, 6.3968356], [2.3292882, 6.3968447], [2.3292963, 6.3968388], [2.3292968, 6.3968465], [2.3292846, 6.3968619]], [[2.3293262, 6.3968343], [2.3293262, 6.3968429], [2.3293221, 6.3968384], [2.3293262, 6.3968343]]], [[[2.3295774, 6.3966425], [2.3295701, 6.3966443], [2.3295728, 6.3966556], [2.3295774, 6.3966425]]], [[[2.3295214, 6.3965941], [2.3295182, 6.3965813], [2.329515, 6.3965976], [2.3295214, 6.3965941]]], [[[2.3295221, 6.396597], [2.3295204, 6.3966031], [2.3295277, 6.3966035], [2.3295236, 6.3966162], [2.3295222, 6.3966098], [2.3295182, 6.3966112], [2.3295191, 6.3966239], [2.3295236, 6.3966234], [2.3295177, 6.3966279], [2.3295267, 6.3966261], [2.3295258, 6.3966329], [2.3295312, 6.3966362], [2.3295276, 6.3966392], [2.3295331, 6.3966402], [2.3295313, 6.3966363], [2.329534, 6.3966379], [2.3295475, 6.3966352], [2.3295529, 6.3966456], [2.3295575, 6.3966393], [2.3295633, 6.3966393], [2.3295615, 6.396647], [2.3295683, 6.3966452], [2.3295697, 6.3966388], [2.3295629, 6.3966379], [2.3295642, 6.3966292], [2.3295661, 6.3966379], [2.3295769, 6.396628], [2.329571, 6.3966294], [2.3295679, 6.3966199], [2.3295647, 6.3966191], [2.3295643, 6.3966085], [2.3295598, 6.3966144], [2.3295635, 6.3966188], [2.329562, 6.3966185], [2.3295637, 6.3966265], [2.3295539, 6.3966293], [2.3295494, 6.396623], [2.3295557, 6.3966198], [2.3295507, 6.3966189], [2.3295534, 6.3966108], [2.3295471, 6.3966121], [2.3295507, 6.3966049], [2.3295358, 6.3966053], [2.3295403, 6.3965986], [2.3295349, 6.3966026], [2.329534, 6.3965909], [2.3295268, 6.3966013], [2.3295281, 6.3965931], [2.3295223, 6.3965976], [2.3295221, 6.396597]]], [[[2.3295688, 6.3966131], [2.3295724, 6.3966167], [2.3295738, 6.3966104], [2.3295688, 6.3966131]]], [[[2.3295327, 6.3965904], [2.3295327, 6.3965809], [2.3295408, 6.39659], [2.3295385, 6.3965981], [2.3295449, 6.39659], [2.3295489, 6.396599], [2.3295539, 6.3965936], [2.3295544, 6.3966049], [2.3295571, 6.3966012], [2.3295711, 6.3966104], [2.3295643, 6.3965954], [2.3295581, 6.3965998], [2.3295643, 6.3965914], [2.3295576, 6.3965864], [2.3295598, 6.3965837], [2.3295598, 6.3965742], [2.3295548, 6.3965773], [2.329553, 6.3965705], [2.3295589, 6.3965611], [2.3295553, 6.396566], [2.3295517, 6.3965601], [2.3295512, 6.3965674], [2.3295476, 6.3965597], [2.3295463, 6.3965705], [2.3295449, 6.396561], [2.3295431, 6.3965746], [2.3295399, 6.396571], [2.3295291, 6.3965777], [2.3295246, 6.3965737], [2.3295327, 6.3965904]]], [[[2.3295519, 6.3971227], [2.3295627, 6.3971109], [2.3295573, 6.3971105], [2.3295519, 6.3971227]]], [[[2.329547, 6.3966754], [2.3295475, 6.3966813], [2.3295511, 6.3966773], [2.329547, 6.3966754]]], [[[2.3295507, 6.3966004], [2.3295462, 6.3966022], [2.3295507, 6.3966045], [2.3295507, 6.3966004]]], [[[2.3295335, 6.3970028], [2.3295366, 6.3970073], [2.3295493, 6.3969947], [2.3295335, 6.3970028]]], [[[2.32954, 6.3968401], [2.3295432, 6.3968423], [2.3295491, 6.3968315], [2.32954, 6.3968401]]], [[[2.3295372, 6.3969535], [2.3295417, 6.3969572], [2.3295453, 6.3969517], [2.3295372, 6.3969535]]], [[[2.3295448, 6.3970214], [2.3295402, 6.3970254], [2.3295443, 6.3970282], [2.3295448, 6.3970214]]], [[[2.329543, 6.3966402], [2.3295403, 6.3966442], [2.3295453, 6.3966438], [2.329543, 6.3966402]]], [[[2.329505, 6.3970001], [2.32951, 6.3969942], [2.3295222, 6.3969956], [2.3295163, 6.3969865], [2.3295294, 6.3969883], [2.3295317, 6.396982], [2.329538, 6.3969911], [2.3295389, 6.3969798], [2.3295349, 6.3969793], [2.3295381, 6.3969763], [2.329535, 6.3969722], [2.3295276, 6.3969757], [2.3295335, 6.3969712], [2.3295326, 6.3969626], [2.3295394, 6.3969603], [2.3295367, 6.3969526], [2.3295259, 6.396958], [2.3295299, 6.3969653], [2.3295191, 6.3969793], [2.3295304, 6.3969793], [2.3295285, 6.3969829], [2.3295245, 6.3969865], [2.3295123, 6.396982], [2.3294978, 6.3969906], [2.329496, 6.3969942], [2.329505, 6.3970001]]], [[[2.3295236, 6.3965728], [2.3295291, 6.3965728], [2.3295259, 6.3965687], [2.3295236, 6.3965728]]], [[[2.3295232, 6.3965913], [2.3295277, 6.3965886], [2.329529, 6.3965927], [2.3295272, 6.3965863], [2.3295232, 6.3965913]]], [[[2.3295249, 6.3970128], [2.3295181, 6.3970191], [2.3295145, 6.3970136], [2.3295095, 6.3970182], [2.3295054, 6.397015], [2.3295081, 6.3970231], [2.3295027, 6.3970277], [2.3295095, 6.3970236], [2.3295181, 6.3970322], [2.3295213, 6.3970209], [2.3295258, 6.3970214], [2.3295249, 6.3970128]]], [[[2.329525, 6.396585], [2.3295218, 6.3965795], [2.32952, 6.3965854], [2.329525, 6.396585]]], [[[2.3295118, 6.3966134], [2.3295159, 6.3966116], [2.3295168, 6.3966166], [2.3295186, 6.3966094], [2.3295141, 6.3966071], [2.3295118, 6.3966134]]], [[[2.3295155, 6.3965863], [2.3295178, 6.3965786], [2.3295096, 6.3965872], [2.3295155, 6.3965863]]], [[[2.3294951, 6.396608], [2.3294942, 6.3966143], [2.3294983, 6.3966053], [2.3295069, 6.3966067], [2.3295071, 6.3966041], [2.3295119, 6.3966017], [2.3295164, 6.396608], [2.3295177, 6.3965976], [2.3295132, 6.3966003], [2.3295105, 6.3965958], [2.3295072, 6.3966028], [2.3295083, 6.3965895], [2.3295033, 6.3966008], [2.3295001, 6.3965949], [2.3295051, 6.3965886], [2.3294974, 6.3965899], [2.3294969, 6.3965981], [2.3294969, 6.3965922], [2.3294897, 6.396594], [2.3294879, 6.3966102], [2.3294951, 6.396608]]], [[[2.3295111, 6.396845], [2.3295093, 6.3968527], [2.3295124, 6.3968481], [2.3295142, 6.3968522], [2.3295111, 6.396845]]], [[[2.3295072, 6.396731], [2.3295126, 6.3967224], [2.3295031, 6.3967242], [2.3295072, 6.396731]]], [[[2.3295118, 6.3966144], [2.3295096, 6.3966076], [2.3294969, 6.3966112], [2.3294969, 6.396622], [2.3294924, 6.3966207], [2.3294987, 6.3966238], [2.3295118, 6.3966144]]], [[[2.32951, 6.396665], [2.3294928, 6.3966822], [2.3294995, 6.3966795], [2.3294986, 6.396684], [2.3295041, 6.3966844], [2.32951, 6.396665]]], [[[2.3295041, 6.3966568], [2.3294919, 6.3966677], [2.3294973, 6.3966754], [2.3295054, 6.3966663], [2.3295041, 6.3966568]]], [[[2.3294897, 6.3965913], [2.3294979, 6.39658], [2.3295051, 6.3965809], [2.3295033, 6.3965768], [2.3294897, 6.3965786], [2.3294897, 6.3965913]]], [[[2.3294874, 6.39666], [2.3294996, 6.3966568], [2.3294901, 6.3966487], [2.3294874, 6.39666]]], [[[2.3294925, 6.3967071], [2.3294918, 6.3967084], [2.3294963, 6.3967088], [2.3294925, 6.3967071]]], [[[2.3294926, 6.3967069], [2.3294982, 6.3967052], [2.3294964, 6.3966998], [2.3294926, 6.3967069]]], [[[2.329498, 6.3968147], [2.3294967, 6.3968088], [2.3294872, 6.3968155], [2.329498, 6.3968147]]], [[[2.329481, 6.3966654], [2.3294833, 6.3966713], [2.3294951, 6.3966614], [2.329481, 6.3966654]]], [[[2.3294782, 6.3964266], [2.3294827, 6.3964289], [2.3294936, 6.3964131], [2.3294782, 6.3964266]]], [[[2.3294872, 6.396456], [2.3294885, 6.396461], [2.3294931, 6.396457], [2.3294872, 6.396456]]], [[[2.3294856, 6.3966487], [2.3294784, 6.3966234], [2.3294865, 6.3966211], [2.329487, 6.3966157], [2.3294874, 6.3966238], [2.3294919, 6.3966193], [2.3294906, 6.3966121], [2.3294811, 6.3966102], [2.3294865, 6.3966021], [2.3294802, 6.3966007], [2.3294784, 6.3966093], [2.3294847, 6.3966139], [2.329477, 6.3966184], [2.3294707, 6.3966401], [2.3294765, 6.3966365], [2.3294838, 6.3966442], [2.3294811, 6.3966487], [2.3294856, 6.3966487]]], [[[2.3294855, 6.3966944], [2.3294891, 6.3966966], [2.3294896, 6.3966921], [2.3294855, 6.3966944]]], [[[2.3294893, 6.3965917], [2.329482, 6.396589], [2.3294825, 6.3966012], [2.3294893, 6.3965917]]], [[[2.3294792, 6.3966518], [2.3294774, 6.3966586], [2.3294856, 6.3966577], [2.3294806, 6.3966559], [2.3294869, 6.3966523], [2.3294792, 6.3966518]]], [[[2.3294769, 6.397048], [2.3294828, 6.3970425], [2.3294729, 6.3970389], [2.3294706, 6.3970471], [2.3294769, 6.3970416], [2.3294769, 6.397048]]], [[[2.3294792, 6.3966699], [2.3294833, 6.3966586], [2.3294761, 6.3966659], [2.3294652, 6.3966645], [2.329472, 6.3966776], [2.3294711, 6.3966731], [2.3294792, 6.3966699]]], [[[2.3294284, 6.3964713], [2.3294478, 6.3964587], [2.3294438, 6.3964564], [2.3294773, 6.3964158], [2.3294809, 6.3964176], [2.3294786, 6.3964126], [2.3294284, 6.3964713]]], [[[2.3294739, 6.3966206], [2.3294675, 6.3966202], [2.3294666, 6.3966279], [2.3294612, 6.3966256], [2.3294612, 6.3966337], [2.3294739, 6.3966206]]], [[[2.3294648, 6.3966138], [2.3294657, 6.3966043], [2.3294544, 6.3966093], [2.3294648, 6.3966138]]], [[[2.3294534, 6.3970154], [2.3294534, 6.3970194], [2.3294584, 6.3970172], [2.3294534, 6.3970154]]], [[[2.3294426, 6.3966708], [2.3294525, 6.3966658], [2.3294471, 6.3966622], [2.3294571, 6.3966609], [2.3294503, 6.3966504], [2.3294385, 6.3966577], [2.3294435, 6.3966771], [2.3294426, 6.3966708]]], [[[2.329453, 6.3966722], [2.3294476, 6.3966699], [2.3294458, 6.3966753], [2.329453, 6.3966722]]], [[[2.3294265, 6.3968661], [2.3294315, 6.3968725], [2.3294251, 6.3968792], [2.329436, 6.3968729], [2.3294328, 6.3968648], [2.3294265, 6.3968661]]], [[[2.329434, 6.3970117], [2.329429, 6.397014], [2.3294313, 6.397019], [2.329434, 6.3970117]]], [[[2.3294144, 6.3964709], [2.3294153, 6.3964768], [2.3294193, 6.3964754], [2.3294144, 6.3964709]]], [[[2.329413, 6.3964768], [2.3294099, 6.3964686], [2.3293995, 6.3964695], [2.329408, 6.396479], [2.329413, 6.3964768]]], [[[2.3294026, 6.3969517], [2.3294006, 6.3969511], [2.3293938, 6.3969547], [2.3294051, 6.3969574], [2.3294029, 6.3969651], [2.3294083, 6.3969615], [2.3294065, 6.3969529], [2.3294027, 6.3969517], [2.3294024, 6.396952], [2.3294026, 6.3969517]]], [[[2.3294043, 6.3969488], [2.3294083, 6.3969416], [2.3293993, 6.396947], [2.3294043, 6.3969488]]], [[[2.3294065, 6.3969665], [2.3293956, 6.3969683], [2.3293916, 6.3969823], [2.3293979, 6.3969841], [2.329402, 6.3969787], [2.3293961, 6.3969787], [2.3294011, 6.3969683], [2.3294006, 6.396976], [2.3294065, 6.3969764], [2.3294065, 6.3969665]]], [[[2.3293971, 6.396521], [2.3294017, 6.396517], [2.3293962, 6.3965143], [2.3293971, 6.396521]]], [[[2.329391, 6.3969623], [2.3293911, 6.3969642], [2.3293952, 6.3969597], [2.329391, 6.3969623]]], [[[2.3293565, 6.3964939], [2.3293488, 6.3964948], [2.329356, 6.3965034], [2.3293605, 6.3964947], [2.3293646, 6.3964943], [2.3293668, 6.3965032], [2.3293641, 6.3965192], [2.3293687, 6.3965007], [2.3293723, 6.3965106], [2.3293727, 6.3965056], [2.3293763, 6.3965075], [2.3293809, 6.3964993], [2.3293777, 6.3965034], [2.3293673, 6.3965002], [2.3293668, 6.3965031], [2.3293651, 6.3964912], [2.3293609, 6.3964939], [2.3293633, 6.3964893], [2.3293592, 6.3964835], [2.3293565, 6.3964939]]], [[[2.3293546, 6.3965373], [2.3293578, 6.3965409], [2.3293591, 6.3965359], [2.3293546, 6.3965373]]], [[[2.3293448, 6.3965274], [2.3293433, 6.3965273], [2.3293447, 6.3965196], [2.3293406, 6.3965336], [2.3293448, 6.3965274]]], [[[2.3293455, 6.3965275], [2.3293483, 6.3965323], [2.3293524, 6.3965291], [2.3293456, 6.3965241], [2.3293496, 6.3965278], [2.3293455, 6.3965275]]], [[[2.3293488, 6.3964916], [2.3293429, 6.3964839], [2.329337, 6.3964902], [2.3293488, 6.3964916]]], [[[2.3293063, 6.3968149], [2.3293122, 6.396809], [2.3293072, 6.3968121], [2.3293077, 6.3968081], [2.3293063, 6.3968149]]], [[[2.3292749, 6.3966819], [2.3292803, 6.3966814], [2.3292825, 6.3966715], [2.3292749, 6.3966819]]], [[[2.3292701, 6.3968727], [2.3292723, 6.3968763], [2.3292773, 6.3968695], [2.3292701, 6.3968727]]], [[[2.3292702, 6.3965447], [2.3292759, 6.3965363], [2.3292687, 6.3965412], [2.3292702, 6.3965447]]], [[[2.3292708, 6.3966778], [2.3292708, 6.3966828], [2.3292749, 6.3966805], [2.3292708, 6.3966778]]], [[[2.3292708, 6.3966778], [2.3292654, 6.3966764], [2.3292644, 6.3966877], [2.3292708, 6.3966778]]], [[[2.3292681, 6.3966715], [2.3292676, 6.3966764], [2.3292717, 6.3966746], [2.3292681, 6.3966715]]], [[[2.3292588, 6.3965078], [2.3292615, 6.3965032], [2.3292565, 6.3965041], [2.3292588, 6.3965078]]], [[[2.3292398, 6.3965267], [2.3292339, 6.3965312], [2.3292448, 6.3965322], [2.3292407, 6.396538], [2.3292461, 6.3965417], [2.3292497, 6.3965299], [2.3292398, 6.3965267]]], [[[2.3292415, 6.3965615], [2.3292393, 6.3965557], [2.3292434, 6.3965552], [2.3292389, 6.3965435], [2.3292434, 6.396543], [2.3292357, 6.3965349], [2.3292312, 6.3965407], [2.3292389, 6.3965398], [2.3292334, 6.3965557], [2.3292406, 6.3965683], [2.3292393, 6.3965624], [2.3292415, 6.3965615]]], [[[2.3292427, 6.396561], [2.3292479, 6.3965588], [2.3292447, 6.3965552], [2.3292427, 6.396561]]], [[[2.329187, 6.3964091], [2.3291979, 6.3964104], [2.3291975, 6.3963978], [2.329202, 6.39641], [2.3292033, 6.396405], [2.3292119, 6.3964096], [2.3292047, 6.3963964], [2.3292024, 6.3964014], [2.3291966, 6.3963969], [2.3291978, 6.3963889], [2.3292038, 6.3963928], [2.329202, 6.3963978], [2.329207, 6.3963915], [2.3292106, 6.3963946], [2.3292083, 6.396382], [2.3292092, 6.3963869], [2.3292196, 6.3963888], [2.3292128, 6.3963892], [2.3292173, 6.3964005], [2.3292128, 6.3964082], [2.3292241, 6.3963978], [2.3292209, 6.3964164], [2.3292318, 6.3964159], [2.3292259, 6.3964222], [2.3292372, 6.3964286], [2.3292359, 6.396411], [2.3292322, 6.3964155], [2.3292318, 6.3964105], [2.3292286, 6.3964141], [2.3292241, 6.3964091], [2.3292332, 6.3963961], [2.3292298, 6.3963952], [2.3292327, 6.3963906], [2.329234, 6.3963949], [2.3292354, 6.3963929], [2.32924, 6.3963947], [2.3292377, 6.3963802], [2.329226, 6.3963716], [2.3292318, 6.3963806], [2.3292219, 6.3963892], [2.3292183, 6.3963842], [2.329211, 6.396386], [2.3292165, 6.3963788], [2.3292106, 6.3963829], [2.3292047, 6.3963793], [2.3292043, 6.3963883], [2.3291978, 6.3963887], [2.3291979, 6.3963878], [2.329193, 6.3963833], [2.3291839, 6.3963914], [2.3291893, 6.3963914], [2.3291907, 6.3963982], [2.329187, 6.3964091]], [[2.3291943, 6.3963901], [2.3291938, 6.3963955], [2.3291898, 6.3963905], [2.3291943, 6.3963901]]], [[[2.3292312, 6.3965516], [2.329228, 6.3965552], [2.3292334, 6.3965579], [2.3292312, 6.3965516]]], [[[2.3292304, 6.3964467], [2.3292322, 6.3964394], [2.3292241, 6.3964349], [2.3292232, 6.3964426], [2.3292254, 6.3964467], [2.3292286, 6.396439], [2.3292304, 6.3964467]]], [[[2.3292222, 6.3965308], [2.329223, 6.3965443], [2.329219, 6.3965452], [2.329228, 6.3965502], [2.3292222, 6.3965308]]], [[[2.3292133, 6.39641], [2.3292128, 6.3964227], [2.3292232, 6.3964254], [2.3292259, 6.3964322], [2.3292237, 6.3964186], [2.3292133, 6.39641]]], [[[2.3292258, 6.3964837], [2.3292159, 6.3964792], [2.3292163, 6.3964837], [2.3292258, 6.3964837]]], [[[2.3292173, 6.3964263], [2.3292169, 6.3964326], [2.3292241, 6.3964322], [2.3292173, 6.3964263]]], [[[2.3291988, 6.3964308], [2.3291933, 6.396434], [2.3291983, 6.3964385], [2.3291988, 6.3964308]]], [[[2.3291976, 6.3966008], [2.3291945, 6.3965968], [2.3291936, 6.3966017], [2.3291976, 6.3966008]]], [[[2.3291767, 6.3963783], [2.329178, 6.3963865], [2.3291808, 6.3963801], [2.3291851, 6.396381], [2.3291844, 6.396377], [2.3291767, 6.3963783]]], [[[2.3291855, 6.3963811], [2.3291898, 6.396382], [2.3291866, 6.3963765], [2.3291855, 6.3963811]]], [[[2.3291324, 6.396381], [2.3291373, 6.3963864], [2.3291464, 6.3963851], [2.3291495, 6.3963968], [2.3291541, 6.3963837], [2.3291595, 6.3963878], [2.3291626, 6.3963841], [2.3291694, 6.3963987], [2.3291753, 6.3963964], [2.3291744, 6.3963815], [2.3291685, 6.3963823], [2.3291686, 6.396367], [2.32916, 6.3963661], [2.329164, 6.3963724], [2.3291577, 6.3963674], [2.3291573, 6.3963711], [2.3291667, 6.396376], [2.3291682, 6.3963824], [2.3291634, 6.3963831], [2.3291658, 6.3963801], [2.3291527, 6.3963688], [2.3291532, 6.3963742], [2.3291428, 6.3963692], [2.3291423, 6.3963769], [2.3291324, 6.396381]]], [[[2.3291608, 6.3967373], [2.3291663, 6.3967419], [2.3291731, 6.3967238], [2.3291608, 6.3967373]]], [[[2.3291117, 6.3966486], [2.3291225, 6.3966505], [2.3291153, 6.3966654], [2.3291243, 6.3966681], [2.3291252, 6.3966735], [2.329118, 6.3966749], [2.3291189, 6.3966799], [2.329113, 6.3966744], [2.329104, 6.3966807], [2.3291157, 6.3966857], [2.3291139, 6.3966921], [2.3291171, 6.3966866], [2.3291161, 6.3966934], [2.3291198, 6.3966885], [2.3291297, 6.3966912], [2.3291302, 6.3966839], [2.3291379, 6.396679], [2.3291297, 6.396674], [2.3291356, 6.396665], [2.3291316, 6.3966677], [2.3291252, 6.3966622], [2.329137, 6.3966591], [2.3291397, 6.3966659], [2.3291438, 6.3966568], [2.3291402, 6.3966519], [2.3291506, 6.3966523], [2.3291514, 6.3966491], [2.3291564, 6.3966541], [2.3291578, 6.3966492], [2.3291682, 6.3966487], [2.3291623, 6.3966465], [2.329165, 6.3966433], [2.3291614, 6.3966465], [2.3291546, 6.3966415], [2.3291517, 6.3966474], [2.3291402, 6.39665], [2.3291334, 6.396641], [2.329132, 6.3966469], [2.3291221, 6.3966455], [2.3291216, 6.3966392], [2.3291144, 6.3966419], [2.3291135, 6.3966333], [2.3291085, 6.3966378], [2.3291131, 6.3966387], [2.3291085, 6.3966437], [2.3291117, 6.3966577], [2.3291117, 6.3966486]]], [[[2.3291604, 6.3964036], [2.3291559, 6.3964], [2.3291522, 6.3964068], [2.3291604, 6.3964081], [2.3291554, 6.3964036], [2.3291604, 6.3964072], [2.3291622, 6.3963986], [2.3291559, 6.3963977], [2.3291604, 6.3964036]]], [[[2.3291225, 6.3966432], [2.3291361, 6.3966378], [2.329132, 6.3966347], [2.3291225, 6.3966432]]], [[[2.3291301, 6.3967452], [2.3291355, 6.3967423], [2.3291333, 6.3967378], [2.3291229, 6.3967495], [2.3291301, 6.3967452]]], [[[2.329126, 6.3967405], [2.3291247, 6.396735], [2.3291202, 6.3967368], [2.329126, 6.3967405]]], [[[2.3291174, 6.39674], [2.3291184, 6.3967323], [2.3291093, 6.3967359], [2.3291174, 6.39674]]], [[[2.3291111, 6.3967323], [2.3291071, 6.3967296], [2.3291061, 6.3967359], [2.3291111, 6.3967323]]], [[[2.3291018, 6.3966161], [2.3290986, 6.3966116], [2.3290973, 6.3966165], [2.3291018, 6.3966161]]], [[[2.3290882, 6.3966102], [2.3290878, 6.3966165], [2.329095, 6.3966138], [2.3290882, 6.3966102]]], [[[2.3290339, 6.3966725], [2.3290416, 6.3966807], [2.3290452, 6.3966757], [2.3290542, 6.3966847], [2.329056, 6.3966807], [2.3290592, 6.3966888], [2.3290646, 6.3966861], [2.3290619, 6.3966834], [2.3290813, 6.3966875], [2.32908, 6.396683], [2.3290877, 6.3966816], [2.3290845, 6.3966753], [2.3290904, 6.3966635], [2.3290805, 6.3966563], [2.3290922, 6.3966577], [2.3290945, 6.3966491], [2.3290819, 6.3966418], [2.3290823, 6.3966558], [2.3290778, 6.3966558], [2.3290805, 6.3966518], [2.3290746, 6.3966549], [2.329075, 6.3966631], [2.3290628, 6.3966635], [2.3290579, 6.3966721], [2.3290583, 6.396668], [2.3290339, 6.3966725]]], [[[2.3290877, 6.39664], [2.3290864, 6.396635], [2.32908, 6.3966414], [2.3290913, 6.3966423], [2.3290905, 6.3966373], [2.3290877, 6.39664]]], [[[2.3290876, 6.3963606], [2.3290863, 6.3963669], [2.3290908, 6.3963669], [2.3290876, 6.3963606]]], [[[2.3290756, 6.3966047], [2.329081, 6.3966156], [2.3290805, 6.3966111], [2.329086, 6.3966142], [2.3290756, 6.3966047]]], [[[2.3290792, 6.3966183], [2.3290841, 6.3966197], [2.3290832, 6.3966151], [2.3290792, 6.3966183]]], [[[2.3290755, 6.3966866], [2.3290678, 6.3966902], [2.3290782, 6.3966916], [2.3290755, 6.3966866]]], [[[2.3290694, 6.3966181], [2.3290656, 6.3966151], [2.3290652, 6.3966224], [2.3290694, 6.3966181]]], [[[2.3290641, 6.396366], [2.3290628, 6.396361], [2.3290569, 6.3963605], [2.3290641, 6.396366]]], [[[2.3290556, 6.3966942], [2.3290574, 6.3966902], [2.3290524, 6.3966897], [2.3290556, 6.3966942]]], [[[2.3290524, 6.3966671], [2.3290479, 6.3966639], [2.3290484, 6.3966694], [2.3290524, 6.3966671]]], [[[2.3290452, 6.3966332], [2.3290407, 6.3966404], [2.329048, 6.3966364], [2.3290452, 6.3966332]]], [[[2.3290094, 6.3967073], [2.329014, 6.3967087], [2.3290135, 6.3967005], [2.3290094, 6.3967073]]]]}}, {"type": "Feature", "properties": {"fid": 112.0, "DN": 3, "area_m2": 90.63, "dep_m2": 0.660000000021682, "categorie": "Vigueur moyenne", "cause_pro": "aucun stress", "recomm": "Appliquer dose normale d'entretien", "legende": "Vigueur moyenne : appliquer la dose normale d'entretien", "superf_ha": 0.0091}, "geometry": {"type": "MultiPolygon", "coordinates": [[[[2.3300161, 6.3965155], [2.3300138, 6.396525], [2.330021, 6.3965246], [2.3300178, 6.3965332], [2.3300206, 6.3965368], [2.3300228, 6.3965323], [2.3300242, 6.3965404], [2.3300278, 6.3965291], [2.33004, 6.3965232], [2.3300463, 6.396526], [2.3300477, 6.3965187], [2.3300531, 6.396526], [2.3300468, 6.3965255], [2.3300463, 6.3965364], [2.3300522, 6.3965364], [2.3300527, 6.3965291], [2.3300599, 6.3965337], [2.3300608, 6.3965282], [2.3300549, 6.3965296], [2.3300604, 6.3965187], [2.3300572, 6.3965124], [2.3300667, 6.3965142], [2.3300644, 6.3965219], [2.3300699, 6.3965192], [2.3300694, 6.3965097], [2.330073, 6.3965165], [2.3300667, 6.3965269], [2.330073, 6.3965251], [2.3300717, 6.3965323], [2.3300766, 6.3965314], [2.3300835, 6.396488], [2.3301047, 6.3964605], [2.3301057, 6.3964469], [2.3301165, 6.3964329], [2.3301125, 6.3964035], [2.3301225, 6.3963538], [2.3301329, 6.3963294], [2.3301434, 6.3963258], [2.3301434, 6.3963181], [2.3301339, 6.3963149], [2.3301384, 6.3963185], [2.3301343, 6.3963248], [2.330123, 6.396328], [2.3301244, 6.3963217], [2.3301117, 6.3963357], [2.3301085, 6.3963307], [2.3301031, 6.3963438], [2.3301004, 6.3963384], [2.3300927, 6.3963456], [2.3300977, 6.3963456], [2.3301004, 6.3963574], [2.3301049, 6.3963524], [2.3301121, 6.3963556], [2.330108, 6.3963614], [2.3301144, 6.3963619], [2.3301103, 6.3963696], [2.3301076, 6.3963619], [2.3301003, 6.3963669], [2.3301062, 6.3963655], [2.3301058, 6.3963773], [2.3301003, 6.3963786], [2.3301053, 6.3963809], [2.3301015, 6.3963847], [2.3301021, 6.3963854], [2.3300994, 6.3963908], [2.3300881, 6.3963935], [2.330094, 6.3963981], [2.3300845, 6.3963998], [2.3300858, 6.3963935], [2.3300818, 6.3964007], [2.3300915, 6.396403], [2.3300872, 6.3964066], [2.3300967, 6.3964053], [2.3300994, 6.3964148], [2.330093, 6.396417], [2.3300935, 6.3964252], [2.3300863, 6.3964265], [2.3300921, 6.3964347], [2.3300863, 6.3964283], [2.3300804, 6.3964351], [2.3300695, 6.3964256], [2.3300636, 6.3964292], [2.3300704, 6.3964383], [2.3300582, 6.396441], [2.3300587, 6.3964464], [2.3300708, 6.3964582], [2.330069, 6.3964659], [2.3300586, 6.39646], [2.3300595, 6.3964676], [2.3300527, 6.3964749], [2.3300527, 6.3964694], [2.3300428, 6.3964663], [2.3300405, 6.396473], [2.330036, 6.3964685], [2.3300328, 6.3964812], [2.330041, 6.3964758], [2.3300432, 6.3964812], [2.3300378, 6.3964798], [2.3300392, 6.3964862], [2.3300346, 6.3964825], [2.3300378, 6.3964911], [2.3300328, 6.3964943], [2.3300414, 6.3964975], [2.330036, 6.3965061], [2.3300283, 6.3965047], [2.3300305, 6.3965128], [2.3300238, 6.3965124], [2.3300233, 6.3965074], [2.3300183, 6.3965146], [2.330012, 6.3965119], [2.3300215, 6.396502], [2.3300088, 6.3965096], [2.3300039, 6.3965078], [2.3300084, 6.3965029], [2.3299994, 6.3965001], [2.3299953, 6.3965055], [2.3300039, 6.3965151], [2.3300088, 6.3965105], [2.3300161, 6.3965155]], [[2.3300432, 6.396492], [2.3300482, 6.3964921], [2.3300414, 6.3964902], [2.3300432, 6.3964853], [2.3300541, 6.3964826], [2.330059, 6.3964943], [2.3300654, 6.3964826], [2.3300577, 6.3964907], [2.3300568, 6.3964817], [2.3300487, 6.3964803], [2.3300609, 6.3964767], [2.3300622, 6.396483], [2.330064, 6.3964749], [2.330069, 6.3964753], [2.3300663, 6.3965025], [2.3300577, 6.3964952], [2.3300464, 6.3965029], [2.3300432, 6.396492]]], [[[2.3301131, 6.3963162], [2.3301207, 6.3963248], [2.3301194, 6.3963135], [2.3301131, 6.3963162]]], [[[2.3300949, 6.3964125], [2.3300913, 6.3964089], [2.3300899, 6.3964175], [2.3300949, 6.3964125]]], [[[2.330094, 6.3963465], [2.3300895, 6.3963501], [2.3300945, 6.3963515], [2.330094, 6.3963465]]], [[[2.3300463, 6.3965621], [2.3300517, 6.3965621], [2.3300558, 6.3965531], [2.3300725, 6.3965608], [2.3300807, 6.3965545], [2.3300775, 6.3965459], [2.330073, 6.3965491], [2.3300748, 6.3965441], [2.3300648, 6.3965486], [2.3300612, 6.396545], [2.3300658, 6.3965346], [2.3300454, 6.39654], [2.3300576, 6.3965432], [2.3300463, 6.3965621]]], [[[2.3300644, 6.3965427], [2.3300739, 6.3965396], [2.3300735, 6.3965328], [2.3300644, 6.3965427]]], [[[2.330058, 6.3965658], [2.3300495, 6.3965649], [2.3300476, 6.3965694], [2.330058, 6.3965658]]], [[[2.3299984, 6.3965105], [2.3299984, 6.3965182], [2.3300013, 6.3965141], [2.3299984, 6.3965105]]]]}}, {"type": "Feature", "properties": {"fid": 115.0, "DN": 2, "area_m2": 201.59, "dep_m2": 5.89749999983178, "categorie": "Stress modéré", "cause_pro": "excès d'eau probable", "recomm": "Surveiller drainage, limiter les apports", "legende": "Stress modéré · excès d'eau probable : surveiller drainage, limiter les apports", "superf_ha": 0.0202}, "geometry": {"type": "MultiPolygon", "coordinates": [[[[2.3293142, 6.3963129], [2.329311, 6.3963183], [2.3293192, 6.3963175], [2.3293142, 6.3963129]]], [[[2.3292798, 6.3963567], [2.3292825, 6.3963653], [2.329278, 6.3963685], [2.329287, 6.3963776], [2.3292811, 6.3963825], [2.3292856, 6.3963861], [2.3292888, 6.3963803], [2.3292906, 6.3963884], [2.3292969, 6.3963893], [2.329291, 6.3963952], [2.3292928, 6.3964024], [2.3292978, 6.3964011], [2.3292937, 6.3964042], [2.3292978, 6.3964187], [2.329305, 6.3964233], [2.3293041, 6.3964156], [2.3293109, 6.3964355], [2.3293168, 6.3964328], [2.3293226, 6.3964459], [2.3293226, 6.3964332], [2.329333, 6.3964391], [2.3293254, 6.3964319], [2.3293299, 6.3964314], [2.3293263, 6.3964246], [2.3293344, 6.3964265], [2.3293412, 6.396412], [2.3293412, 6.396421], [2.3293525, 6.3964283], [2.3293561, 6.3964211], [2.3293634, 6.3964206], [2.3293625, 6.3964111], [2.3293724, 6.3964147], [2.3293751, 6.3964206], [2.3293652, 6.3964193], [2.3293683, 6.3964306], [2.3293755, 6.3964306], [2.3293746, 6.396436], [2.32939, 6.3964315], [2.3293859, 6.3964383], [2.3293936, 6.396441], [2.3293855, 6.3964179], [2.3293841, 6.3964261], [2.3293774, 6.396422], [2.3293846, 6.3964166], [2.3293805, 6.3964166], [2.3293842, 6.3964035], [2.3293919, 6.3964053], [2.3293919, 6.3963976], [2.3293973, 6.3963962], [2.3294013, 6.3964216], [2.3294113, 6.396427], [2.3294158, 6.3964021], [2.3294253, 6.3964103], [2.3294199, 6.3964021], [2.3294375, 6.3963927], [2.3294344, 6.3963818], [2.3294443, 6.3963877], [2.329438, 6.3963796], [2.3294421, 6.3963723], [2.3294263, 6.3963705], [2.3294213, 6.3963637], [2.3294272, 6.3963502], [2.3294168, 6.3963492], [2.3294091, 6.3963578], [2.3294014, 6.3963497], [2.3294032, 6.3963442], [2.3294173, 6.3963406], [2.3294182, 6.3963311], [2.3294128, 6.3963257], [2.3294195, 6.3963235], [2.3294137, 6.396323], [2.3294114, 6.396314], [2.3294236, 6.3963153], [2.3294191, 6.3963103], [2.3294295, 6.3963004], [2.3294273, 6.3962896], [2.3294209, 6.3962905], [2.3294218, 6.3962977], [2.3294047, 6.3962868], [2.3293965, 6.3962918], [2.3293916, 6.39628], [2.3293952, 6.396275], [2.3293893, 6.3962723], [2.3293861, 6.3962805], [2.3293812, 6.3962714], [2.3293712, 6.3962741], [2.3293608, 6.3962682], [2.3293703, 6.3962795], [2.3293676, 6.3962831], [2.3293803, 6.3962814], [2.3293807, 6.3962859], [2.3293735, 6.3962922], [2.3293735, 6.3962868], [2.3293622, 6.3962827], [2.3293694, 6.3962899], [2.329354, 6.3962908], [2.3293585, 6.3962999], [2.3293536, 6.3963026], [2.3293599, 6.3963067], [2.3293545, 6.3963116], [2.32935, 6.3962953], [2.3293468, 6.396303], [2.3293441, 6.3962976], [2.3293355, 6.3963026], [2.3293305, 6.3962953], [2.3293147, 6.396293], [2.3293251, 6.3963007], [2.3293228, 6.3963089], [2.3293188, 6.3962989], [2.3293151, 6.3963016], [2.3293174, 6.3963134], [2.3293237, 6.3963166], [2.3293219, 6.3963125], [2.3293287, 6.3963107], [2.3293242, 6.3963143], [2.32933, 6.3963152], [2.3293282, 6.396331], [2.3293237, 6.3963265], [2.3293219, 6.3963306], [2.3293183, 6.3963184], [2.3293101, 6.3963193], [2.3293101, 6.3963292], [2.3293024, 6.3963233], [2.3293078, 6.3963446], [2.3293065, 6.3963482], [2.3292997, 6.3963437], [2.3293038, 6.3963518], [2.3292988, 6.3963495], [2.3293024, 6.3963599], [2.3292983, 6.3963649], [2.3292943, 6.3963559], [2.3292983, 6.3963464], [2.3292925, 6.396345], [2.3292934, 6.3963536], [2.3292866, 6.3963459], [2.3292916, 6.3963387], [2.3292866, 6.3963314], [2.3292852, 6.3963414], [2.3292798, 6.3963391], [2.3292821, 6.3963463], [2.3292766, 6.3963477], [2.3292784, 6.3963536], [2.3292708, 6.3963499], [2.329287, 6.3963613], [2.3292798, 6.3963567]], [[2.3294006, 6.3963049], [2.3294006, 6.3962922], [2.3294078, 6.3962927], [2.3294001, 6.3963072], [2.3294046, 6.3963108], [2.3293938, 6.3963103], [2.3293942, 6.3963166], [2.3293847, 6.3963153], [2.3293879, 6.3963053], [2.3293829, 6.3963076], [2.3293829, 6.396299], [2.3294006, 6.3963049]], [[2.3294271, 6.3963818], [2.3294317, 6.3963737], [2.3294371, 6.3963759], [2.3294371, 6.3963805], [2.3294271, 6.3963818]], [[2.3294253, 6.3963827], [2.3294317, 6.3963868], [2.3294258, 6.3963886], [2.3294253, 6.3963827]], [[2.3294226, 6.396394], [2.3294222, 6.3963895], [2.3294271, 6.3963899], [2.3294226, 6.396394]]], [[[2.3293638, 6.3964518], [2.3293683, 6.3964527], [2.3293674, 6.3964482], [2.329371, 6.3964536], [2.3293737, 6.3964365], [2.3293638, 6.3964518]]], [[[2.3293791, 6.3964491], [2.3293705, 6.3964582], [2.3293818, 6.396455], [2.3293791, 6.3964491]]], [[[2.3293705, 6.3964681], [2.3293732, 6.3964622], [2.3293656, 6.396455], [2.3293705, 6.3964681]]], [[[2.3293665, 6.3964622], [2.3293646, 6.3964704], [2.3293687, 6.3964695], [2.3293665, 6.3964622]]], [[[2.329397, 6.3962732], [2.3293947, 6.39628], [2.3294056, 6.3962855], [2.329397, 6.3962732]]]]}}, {"type": "Feature", "properties": {"fid": 133.0, "DN": 3, "area_m2": 288.52, "dep_m2": 1.864999999728752, "categorie": "Vigueur moyenne", "cause_pro": "aucun stress", "recomm": "Appliquer dose normale d'entretien", "legende": "Vigueur moyenne : appliquer la dose normale d'entretien", "superf_ha": 0.0289}, "geometry": {"type": "MultiPolygon", "coordinates": [[[[2.3303555, 6.3962243], [2.3303564, 6.3962139], [2.3303519, 6.3962152], [2.3303555, 6.3962243]]], [[[2.3303478, 6.3962243], [2.3303483, 6.3962302], [2.330341, 6.3962306], [2.3303442, 6.396236], [2.3303542, 6.396222], [2.3303478, 6.3962243]]], [[[2.3303216, 6.3962631], [2.3303378, 6.3962546], [2.3303419, 6.3962428], [2.3303501, 6.3962419], [2.3303474, 6.3962374], [2.3303406, 6.3962397], [2.3303438, 6.396236], [2.3303365, 6.3962274], [2.3303365, 6.3962342], [2.3303288, 6.3962356], [2.3303279, 6.3962184], [2.3303257, 6.3962396], [2.3303202, 6.3962401], [2.3303207, 6.3962337], [2.3303153, 6.396236], [2.3303256, 6.3962505], [2.3303184, 6.3962478], [2.3303139, 6.396255], [2.3303048, 6.3962518], [2.3303103, 6.3962591], [2.3303012, 6.3962654], [2.3303125, 6.3962618], [2.3303175, 6.3962663], [2.3303161, 6.3962595], [2.3303216, 6.3962631]]], [[[2.3301009, 6.3962913], [2.3300977, 6.396295], [2.3301054, 6.3962886], [2.3301045, 6.3962945], [2.3301145, 6.3962959], [2.3301054, 6.3962864], [2.3301163, 6.3962859], [2.3301086, 6.3962846], [2.3301122, 6.3962773], [2.3301054, 6.3962778], [2.3301032, 6.3962714], [2.3301113, 6.396266], [2.3301091, 6.3962629], [2.3301116, 6.3962621], [2.3301095, 6.3962525], [2.3301059, 6.3962538], [2.3301032, 6.396261], [2.3301077, 6.3962601], [2.3301077, 6.3962656], [2.3300969, 6.3962683], [2.3300968, 6.3962832], [2.3300919, 6.3962877], [2.3300982, 6.3962832], [2.3300968, 6.3962918], [2.3301009, 6.3962913]]], [[[2.3301118, 6.396262], [2.3301222, 6.3962588], [2.3301267, 6.3962588], [2.3301262, 6.3962661], [2.3301272, 6.3962638], [2.330129, 6.3962692], [2.3301231, 6.3962724], [2.330128, 6.3962778], [2.3301204, 6.3962819], [2.330128, 6.3962869], [2.3301326, 6.3962778], [2.3301267, 6.3962986], [2.3301339, 6.3963086], [2.3301361, 6.3963045], [2.3301411, 6.396309], [2.3301438, 6.3963022], [2.3301565, 6.3963054], [2.3301538, 6.3962982], [2.3301633, 6.3962982], [2.3301606, 6.3963045], [2.3301728, 6.3963018], [2.3301687, 6.3963145], [2.3301818, 6.3963122], [2.3302387, 6.3963444], [2.3302636, 6.3963503], [2.3302875, 6.3963463], [2.330331, 6.396317], [2.3303441, 6.3962975], [2.3303446, 6.3962844], [2.3303365, 6.3962812], [2.3303446, 6.3962713], [2.3303369, 6.3962713], [2.3303446, 6.3962681], [2.330346, 6.3962636], [2.3303396, 6.3962614], [2.3303464, 6.3962582], [2.3303428, 6.3962541], [2.3303342, 6.39626], [2.330336, 6.396265], [2.330327, 6.3962672], [2.3303306, 6.3962794], [2.3303193, 6.3962948], [2.3303215, 6.3962808], [2.3303111, 6.3962817], [2.3303089, 6.3962685], [2.3303012, 6.3962722], [2.3303035, 6.3962835], [2.3302971, 6.3962839], [2.3302908, 6.3962645], [2.330284, 6.396264], [2.3302849, 6.3962703], [2.3302772, 6.3962694], [2.3302772, 6.3962744], [2.3302745, 6.3962685], [2.3302664, 6.3962699], [2.3302709, 6.3962717], [2.3302637, 6.396278], [2.3302677, 6.3962843], [2.3302546, 6.3962807], [2.3302533, 6.396287], [2.3302551, 6.3962771], [2.3302456, 6.396278], [2.3302501, 6.3962866], [2.3302415, 6.3962879], [2.3302379, 6.396296], [2.3302388, 6.396282], [2.3302334, 6.3962843], [2.3302356, 6.3962924], [2.3302297, 6.3962906], [2.330232, 6.3962834], [2.3302225, 6.396291], [2.3302234, 6.3962716], [2.3302171, 6.3962779], [2.3302158, 6.396273], [2.3302112, 6.3962793], [2.3302194, 6.3962843], [2.3302121, 6.3962861], [2.3302175, 6.3962928], [2.3302049, 6.3963001], [2.330208, 6.3962924], [2.3301999, 6.396282], [2.3302063, 6.3962738], [2.3302108, 6.3962806], [2.3302099, 6.3962738], [2.3302185, 6.3962653], [2.3302149, 6.3962589], [2.3302153, 6.3962635], [2.3302085, 6.3962639], [2.3302135, 6.3962553], [2.3302086, 6.3962578], [2.3302167, 6.3962458], [2.3302221, 6.3962531], [2.3302289, 6.3962499], [2.3302289, 6.3962431], [2.3302402, 6.3962418], [2.3302389, 6.3962359], [2.3302443, 6.3962413], [2.3302438, 6.3962287], [2.3302475, 6.3962303], [2.3302443, 6.3962273], [2.3302461, 6.3962223], [2.3302515, 6.3962242], [2.3302502, 6.3962178], [2.3302552, 6.3962201], [2.3302525, 6.3962029], [2.3302606, 6.3962178], [2.3302683, 6.3962124], [2.330262, 6.396212], [2.3302633, 6.3962029], [2.3302769, 6.3962066], [2.330281, 6.3961948], [2.330276, 6.3961848], [2.3302855, 6.3961849], [2.3302869, 6.3961763], [2.3302814, 6.3961708], [2.3302832, 6.3961826], [2.3302638, 6.396174], [2.3302561, 6.3961853], [2.330252, 6.3961839], [2.3302543, 6.3961789], [2.3302471, 6.3961721], [2.3302579, 6.3961658], [2.3302584, 6.3961604], [2.3302525, 6.3961636], [2.3302571, 6.3961486], [2.3302489, 6.3961405], [2.3302426, 6.3961518], [2.3302376, 6.3961477], [2.3302403, 6.3961373], [2.3302458, 6.3961396], [2.3302426, 6.3961328], [2.3302381, 6.3961355], [2.3302413, 6.3961256], [2.3302363, 6.3961238], [2.3302422, 6.3961201], [2.3302327, 6.3961183], [2.3302363, 6.3961129], [2.3302282, 6.396121], [2.3302246, 6.396116], [2.3302218, 6.3961255], [2.330234, 6.396121], [2.3302268, 6.3961274], [2.3302006, 6.3961332], [2.3302137, 6.39614], [2.3302141, 6.3961495], [2.3302105, 6.3961468], [2.3302046, 6.3961725], [2.3301915, 6.3961748], [2.3301955, 6.3961816], [2.3302028, 6.396173], [2.3302023, 6.3961798], [2.330215, 6.3961857], [2.33021, 6.3961884], [2.330201, 6.3961798], [2.3301919, 6.3961829], [2.330191, 6.3961757], [2.3301874, 6.3961793], [2.3301847, 6.3961748], [2.3301892, 6.3961734], [2.3301842, 6.3961703], [2.3301879, 6.3961657], [2.3301711, 6.3961666], [2.330177, 6.3961603], [2.3301721, 6.3961594], [2.3301653, 6.3961662], [2.3301661, 6.3961811], [2.3301589, 6.3961811], [2.330163, 6.396191], [2.3301485, 6.3962086], [2.3301512, 6.3962159], [2.3301521, 6.3962082], [2.3301584, 6.3962073], [2.3301543, 6.3962159], [2.3301629, 6.3962105], [2.3301616, 6.3962204], [2.3301706, 6.396215], [2.3301647, 6.3962204], [2.3301687, 6.3962395], [2.3301697, 6.3962322], [2.3301765, 6.3962286], [2.3301724, 6.3962299], [2.3301724, 6.3962222], [2.3301846, 6.3962336], [2.3301815, 6.3962254], [2.3301873, 6.3962241], [2.3301828, 6.3962182], [2.3301902, 6.3962204], [2.3301923, 6.396215], [2.3301977, 6.3962196], [2.3301946, 6.3962123], [2.3301914, 6.3962118], [2.3301932, 6.396206], [2.3302023, 6.3962096], [2.3301977, 6.3962155], [2.3302023, 6.3962169], [2.3301973, 6.3962227], [2.3301995, 6.3962345], [2.3302054, 6.3962282], [2.3302027, 6.3962182], [2.3302154, 6.3962295], [2.3302135, 6.3962395], [2.3302083, 6.3962347], [2.3302117, 6.3962372], [2.3302113, 6.3962295], [2.3302068, 6.3962268], [2.3302045, 6.3962318], [2.3302076, 6.3962341], [2.3302013, 6.3962395], [2.3302054, 6.3962481], [2.3302122, 6.3962476], [2.3302058, 6.3962512], [2.330208, 6.3962581], [2.3302036, 6.3962603], [2.330209, 6.3962662], [2.3302022, 6.3962702], [2.3302018, 6.3962661], [2.3302008, 6.396272], [2.3301914, 6.3962508], [2.3301968, 6.3962435], [2.3301935, 6.3962412], [2.3301977, 6.3962435], [2.3302004, 6.3962377], [2.3301927, 6.3962345], [2.3301973, 6.3962327], [2.3301878, 6.3962286], [2.3301869, 6.3962376], [2.3301893, 6.396239], [2.3301832, 6.3962503], [2.3301814, 6.3962367], [2.3301787, 6.3962598], [2.330176, 6.3962485], [2.3301642, 6.3962503], [2.3301656, 6.3962439], [2.3301692, 6.3962494], [2.3301747, 6.3962444], [2.3301738, 6.396239], [2.3301683, 6.3962421], [2.3301686, 6.3962399], [2.330152, 6.3962457], [2.3301498, 6.3962408], [2.330134, 6.396252], [2.3301426, 6.3962417], [2.3301317, 6.3962263], [2.3301335, 6.3962403], [2.3301376, 6.3962394], [2.3301335, 6.3962502], [2.330129, 6.3962434], [2.3301204, 6.3962579], [2.3301199, 6.3962516], [2.3301118, 6.3962543], [2.3301118, 6.396262]], [[2.3301272, 6.3962638], [2.3301294, 6.3962584], [2.3301317, 6.3962656], [2.3301272, 6.3962638]], [[2.3301906, 6.3962117], [2.3301837, 6.3962105], [2.3301923, 6.3961965], [2.3302005, 6.3962001], [2.3301892, 6.3962055], [2.3301906, 6.3962117]], [[2.3303088, 6.3962927], [2.3303084, 6.3962907], [2.3302976, 6.3962911], [2.3303025, 6.3962839], [2.3303175, 6.3962848], [2.3303088, 6.3962927]], [[2.3302498, 6.3961577], [2.3302444, 6.3961545], [2.330248, 6.39615], [2.3302498, 6.3961577]], [[2.3302268, 6.3961445], [2.3302308, 6.3961414], [2.3302272, 6.3961459], [2.3302317, 6.3961522], [2.3302376, 6.3961441], [2.3302331, 6.3961608], [2.3302281, 6.3961513], [2.3302204, 6.3961545], [2.330225, 6.396145], [2.3302214, 6.3961396], [2.3302268, 6.3961445]], [[2.3301657, 6.3962087], [2.3301706, 6.3962064], [2.3301679, 6.3961897], [2.330172, 6.3961929], [2.3301693, 6.3961897], [2.3301761, 6.3961852], [2.3301707, 6.3961834], [2.3301774, 6.3961843], [2.3301786, 6.3961952], [2.3301765, 6.3961929], [2.3301747, 6.396201], [2.330179, 6.3961984], [2.3301797, 6.3962046], [2.3301729, 6.3962064], [2.3301711, 6.396215], [2.3301706, 6.3962082], [2.3301657, 6.3962087]], [[2.3301665, 6.3962562], [2.3301593, 6.3962552], [2.3301561, 6.396248], [2.3301665, 6.3962562]]], [[[2.3302485, 6.3962313], [2.3302456, 6.3962355], [2.330252, 6.3962346], [2.3302485, 6.3962313]]], [[[2.3303242, 6.3962821], [2.3303283, 6.3962799], [2.3303243, 6.3962776], [2.3303242, 6.3962821]]], [[[2.3302999, 6.3962437], [2.3303026, 6.3962473], [2.3302972, 6.3962477], [2.3302954, 6.3962391], [2.3302899, 6.3962477], [2.3303121, 6.3962505], [2.3303107, 6.396245], [2.3302999, 6.3962437]]], [[[2.3303008, 6.396264], [2.3303035, 6.3962577], [2.330299, 6.396255], [2.3303008, 6.396264]]], [[[2.3302551, 6.3962273], [2.3302597, 6.3962305], [2.3302594, 6.3962241], [2.3302624, 6.3962291], [2.3302542, 6.3962368], [2.3302606, 6.3962395], [2.3302606, 6.3962332], [2.3302619, 6.3962418], [2.330266, 6.3962414], [2.3302637, 6.3962346], [2.3302692, 6.3962382], [2.3302687, 6.3962445], [2.3302723, 6.3962373], [2.3302674, 6.3962305], [2.3302755, 6.3962319], [2.3302755, 6.3962396], [2.3302795, 6.3962378], [2.3302759, 6.3962341], [2.3302832, 6.3962328], [2.3302827, 6.3962432], [2.3302782, 6.3962391], [2.3302746, 6.3962436], [2.3302872, 6.3962495], [2.3302967, 6.3962369], [2.3302945, 6.3962287], [2.3302863, 6.396236], [2.330285, 6.3962242], [2.3302796, 6.3962292], [2.3302733, 6.3962124], [2.3302719, 6.3962296], [2.3302615, 6.396221], [2.330266, 6.3962188], [2.3302556, 6.3962178], [2.3302582, 6.3962222], [2.3302551, 6.3962273]], [[2.3302728, 6.3962301], [2.3302773, 6.396226], [2.3302791, 6.3962296], [2.3302728, 6.3962301]]], [[[2.3302706, 6.3961704], [2.3302683, 6.3961663], [2.3302656, 6.3961699], [2.3302706, 6.3961704]]], [[[2.3302465, 6.3962359], [2.3302434, 6.3962517], [2.3302497, 6.3962477], [2.3302465, 6.3962359]]], [[[2.3301999, 6.3962634], [2.3302058, 6.3962553], [2.3301968, 6.3962444], [2.3301999, 6.3962634]]], [[[2.3301742, 6.3962313], [2.3301747, 6.3962376], [2.330181, 6.3962309], [2.3301742, 6.3962313]]], [[[2.3301682, 6.3963113], [2.3301619, 6.3963154], [2.3301538, 6.3963118], [2.3301547, 6.3963217], [2.3301682, 6.3963113]]], [[[2.3301661, 6.3962354], [2.3301625, 6.3962331], [2.3301566, 6.3962417], [2.3301661, 6.3962354]]], [[[2.3301475, 6.3962385], [2.330143, 6.3962313], [2.3301403, 6.3962376], [2.3301448, 6.3962426], [2.3301543, 6.3962385], [2.3301471, 6.3962299], [2.3301475, 6.3962385]]], [[[2.3301444, 6.3962068], [2.3301421, 6.3962141], [2.3301489, 6.3962136], [2.3301444, 6.3962068]]], [[[2.3301385, 6.3962308], [2.3301444, 6.3962276], [2.3301363, 6.3962168], [2.3301385, 6.3962308]]], [[[2.3301127, 6.3962719], [2.3301136, 6.3962769], [2.3301177, 6.3962715], [2.3301127, 6.3962719]]]]}}, {"type": "Feature", "properties": {"fid": 157.0, "DN": 2, "area_m2": 69.07, "dep_m2": null, "categorie": "Stress modéré", "cause_pro": "stress hydrique", "recomm": "Vérifier irrigation en priorité", "legende": "Stress modéré · stress hydrique : vérifier irrigation en priorité", "superf_ha": 0.0069}, "geometry": {"type": "MultiPolygon", "coordinates": [[[[2.3292951, 6.3960791], [2.3293046, 6.3960846], [2.329291, 6.396075], [2.3292865, 6.3960809], [2.3292824, 6.3960786], [2.3292883, 6.3960836], [2.3292951, 6.3960791]]], [[[2.3292973, 6.3960891], [2.3293032, 6.3960864], [2.3292946, 6.3960841], [2.3292973, 6.3960891]]], [[[2.3292105, 6.3961287], [2.32922, 6.3961324], [2.3292127, 6.3961396], [2.3292236, 6.3961423], [2.3292195, 6.396136], [2.3292249, 6.3961351], [2.3292358, 6.3961405], [2.3292281, 6.3961351], [2.3292317, 6.3961342], [2.3292368, 6.3961372], [2.3292353, 6.3961338], [2.3292493, 6.3961356], [2.3292507, 6.3961392], [2.3292416, 6.3961392], [2.3292548, 6.3961446], [2.3292539, 6.3961406], [2.3292588, 6.3961446], [2.329257, 6.3961388], [2.3292638, 6.3961383], [2.3292665, 6.3961415], [2.3292606, 6.3961446], [2.3292701, 6.396146], [2.3292728, 6.3961596], [2.3292859, 6.3961619], [2.3292882, 6.3961487], [2.3292742, 6.3961505], [2.3292742, 6.3961447], [2.32929, 6.3961465], [2.3292851, 6.396137], [2.3292841, 6.3961442], [2.3292737, 6.3961419], [2.329286, 6.3961361], [2.3292814, 6.3961306], [2.3292738, 6.3961361], [2.3292683, 6.3961297], [2.3292692, 6.3961352], [2.3292616, 6.3961315], [2.3292575, 6.396136], [2.3292516, 6.3961306], [2.3292611, 6.396132], [2.3292512, 6.3961247], [2.3292475, 6.3961292], [2.3292421, 6.3961225], [2.3292507, 6.3961225], [2.3292498, 6.396117], [2.3292665, 6.3961297], [2.3292598, 6.3961234], [2.3292625, 6.3961175], [2.3292724, 6.3961311], [2.3292824, 6.3961302], [2.3292765, 6.3961207], [2.3292733, 6.3961257], [2.3292674, 6.3961211], [2.3292738, 6.3961144], [2.3292598, 6.3961143], [2.3292562, 6.3961021], [2.3292602, 6.3960985], [2.3292648, 6.3960999], [2.329262, 6.3961062], [2.3292693, 6.3961053], [2.3292652, 6.3961021], [2.3292724, 6.3960999], [2.3292765, 6.3961067], [2.3292896, 6.3961017], [2.3292788, 6.3960967], [2.3292801, 6.3960904], [2.3292919, 6.3961008], [2.329296, 6.396094], [2.329286, 6.3960841], [2.3292914, 6.3960922], [2.3292779, 6.3960854], [2.3292815, 6.3960895], [2.3292738, 6.3960868], [2.3292756, 6.3960949], [2.3292612, 6.3960908], [2.3292639, 6.3960985], [2.3292517, 6.3960899], [2.3292548, 6.3960967], [2.3292458, 6.3961021], [2.3292367, 6.3960953], [2.3292413, 6.3960944], [2.3292399, 6.3960876], [2.3292444, 6.3960885], [2.3292408, 6.3960709], [2.329235, 6.3960732], [2.329225, 6.3960623], [2.3292327, 6.3960713], [2.3292228, 6.3960659], [2.3292277, 6.3960722], [2.3292241, 6.3960695], [2.3292196, 6.3960749], [2.329225, 6.3960817], [2.3292133, 6.3960736], [2.3292155, 6.3960808], [2.3292078, 6.3960781], [2.3292074, 6.3960862], [2.3291961, 6.3960745], [2.3291897, 6.3960754], [2.3292064, 6.3960921], [2.3292091, 6.3961088], [2.3292024, 6.3961061], [2.3292118, 6.3961174], [2.3292105, 6.3961287]]], [[[2.3292517, 6.3960899], [2.3292657, 6.3960886], [2.3292571, 6.396084], [2.3292584, 6.3960886], [2.3292517, 6.3960899]]], [[[2.3292616, 6.3961315], [2.3292629, 6.396127], [2.3292575, 6.3961279], [2.3292616, 6.3961315]]], [[[2.3292371, 6.3961377], [2.3292358, 6.3961442], [2.3292498, 6.3961505], [2.329252, 6.396146], [2.3292398, 6.3961442], [2.3292371, 6.3961377]]], [[[2.3292824, 6.3961175], [2.3292769, 6.3961166], [2.3292792, 6.3961225], [2.3292824, 6.3961175]]], [[[2.3292485, 6.3960537], [2.3292522, 6.3960524], [2.3292472, 6.3960533], [2.3292377, 6.3960383], [2.3292336, 6.3960392], [2.3292409, 6.396046], [2.3292255, 6.3960388], [2.3292363, 6.3960505], [2.3292372, 6.3960564], [2.3292323, 6.3960537], [2.3292368, 6.3960641], [2.3292472, 6.3960686], [2.3292399, 6.396061], [2.3292467, 6.3960578], [2.3292549, 6.3960687], [2.3292494, 6.3960736], [2.329253, 6.3960759], [2.3292554, 6.3960721], [2.3292621, 6.3960863], [2.3292688, 6.3960859], [2.3292702, 6.3960755], [2.3292752, 6.3960768], [2.3292693, 6.3960696], [2.329263, 6.3960836], [2.3292603, 6.3960705], [2.3292563, 6.3960708], [2.3292585, 6.3960673], [2.3292485, 6.3960537]]], [[[2.3292434, 6.3961618], [2.3292321, 6.396164], [2.3292407, 6.3961763], [2.3292317, 6.3961758], [2.3292371, 6.3961776], [2.3292389, 6.396188], [2.3292579, 6.3961948], [2.3292628, 6.3961921], [2.3292606, 6.3961862], [2.3292674, 6.3961849], [2.3292619, 6.3961745], [2.3292742, 6.396175], [2.3292629, 6.3961663], [2.3292665, 6.3961609], [2.3292624, 6.3961555], [2.3292584, 6.3961546], [2.3292606, 6.3961618], [2.3292556, 6.3961668], [2.3292434, 6.3961618]]], [[[2.3292476, 6.3960732], [2.3292458, 6.3960786], [2.3292557, 6.3960863], [2.3292476, 6.3960732]]], [[[2.329229, 6.3961414], [2.3292236, 6.3961432], [2.3292272, 6.3961473], [2.329229, 6.3961414]]]]}}, {"type": "Feature", "properties": {"fid": 192.0, "DN": 3, "area_m2": 4901.41, "dep_m2": 39.26500000015949, "categorie": "Vigueur moyenne", "cause_pro": "aucun stress", "recomm": "Appliquer dose normale d'entretien", "legende": "Vigueur moyenne : appliquer la dose normale d'entretien", "superf_ha": 0.4901}, "geometry": {"type": "MultiPolygon", "coordinates": [[[[2.3289999, 6.3963523], [2.329004, 6.3963491], [2.3290103, 6.3963546], [2.3290004, 6.3963573], [2.3290117, 6.3963582], [2.3290171, 6.3963641], [2.3290126, 6.3963659], [2.3290221, 6.3963682], [2.3290284, 6.3963822], [2.3290334, 6.3963736], [2.3290397, 6.3963741], [2.3290379, 6.3963695], [2.3290474, 6.3963705], [2.3290461, 6.3963587], [2.3290628, 6.3963696], [2.3290542, 6.3963678], [2.32906, 6.3963764], [2.3290659, 6.3963705], [2.3290673, 6.3963768], [2.3290759, 6.3963728], [2.3290772, 6.3963791], [2.3290795, 6.3963719], [2.3290836, 6.3963732], [2.3290777, 6.3963696], [2.3290777, 6.3963601], [2.3290858, 6.3963669], [2.3290876, 6.3963606], [2.3290962, 6.3963764], [2.3291026, 6.3963687], [2.3291053, 6.3963787], [2.3291202, 6.396381], [2.3291165, 6.3963891], [2.3291255, 6.3963944], [2.3291269, 6.3963891], [2.3291351, 6.3963896], [2.3291319, 6.3963787], [2.3291423, 6.3963769], [2.3291405, 6.3963692], [2.3291532, 6.3963742], [2.3291491, 6.3963683], [2.3291537, 6.3963629], [2.3291577, 6.3963697], [2.3291564, 6.396362], [2.3291681, 6.3963697], [2.3291708, 6.3963661], [2.3291722, 6.3963765], [2.3291663, 6.3963711], [2.3291699, 6.3963842], [2.3291762, 6.3963797], [2.3291735, 6.3963747], [2.329188, 6.3963779], [2.3291898, 6.3963824], [2.3291771, 6.3963833], [2.3291803, 6.3963883], [2.3291934, 6.3963833], [2.329202, 6.3963897], [2.3292029, 6.3963811], [2.3292106, 6.3963829], [2.3292138, 6.3963775], [2.3292178, 6.396382], [2.329211, 6.396386], [2.3292183, 6.3963842], [2.3292219, 6.3963892], [2.3292246, 6.3963838], [2.3292273, 6.3963879], [2.3292318, 6.3963816], [2.3292282, 6.3963716], [2.32924, 6.3963838], [2.3292404, 6.3963883], [2.329235, 6.3963856], [2.32924, 6.3963947], [2.3292354, 6.3963929], [2.3292351, 6.3963959], [2.3292327, 6.3963906], [2.3292273, 6.3963974], [2.3292351, 6.3963965], [2.3292341, 6.3964069], [2.3292305, 6.3964033], [2.3292241, 6.3964091], [2.3292318, 6.3964105], [2.3292322, 6.3964155], [2.3292359, 6.396411], [2.3292386, 6.3964173], [2.3292413, 6.3964119], [2.3292449, 6.3964141], [2.3292485, 6.3964295], [2.3292422, 6.3964223], [2.3292381, 6.3964295], [2.3292274, 6.3964211], [2.3292318, 6.3964159], [2.329225, 6.3964182], [2.3292259, 6.3964201], [2.3292241, 6.3964186], [2.3292259, 6.3964322], [2.3292218, 6.396424], [2.3292182, 6.3964286], [2.3292225, 6.3964326], [2.3292169, 6.3964326], [2.3292173, 6.3964231], [2.3292128, 6.3964258], [2.3292065, 6.39642], [2.3292142, 6.3964213], [2.3292096, 6.3964145], [2.3292146, 6.3964164], [2.329216, 6.3964091], [2.3292173, 6.3964168], [2.3292223, 6.3964159], [2.3292241, 6.3963978], [2.3292155, 6.3964078], [2.3292119, 6.3964055], [2.3292173, 6.3964005], [2.3292128, 6.3963892], [2.3292196, 6.3963888], [2.3292092, 6.3963869], [2.3292101, 6.3963955], [2.329207, 6.3963915], [2.3292024, 6.3963978], [2.3292038, 6.3963928], [2.3291957, 6.3963892], [2.3291966, 6.3963969], [2.3292024, 6.3964014], [2.3292047, 6.3963964], [2.3292065, 6.396405], [2.3292106, 6.3964019], [2.3292115, 6.39641], [2.3292042, 6.396405], [2.3292011, 6.3964095], [2.3292029, 6.3964041], [2.3291952, 6.3963982], [2.3291979, 6.3964104], [2.3291889, 6.3964068], [2.3291888, 6.3964122], [2.3291871, 6.3964027], [2.3291852, 6.3964249], [2.3291825, 6.3964217], [2.3291775, 6.3964335], [2.329182, 6.3964299], [2.3291843, 6.3964349], [2.3291848, 6.3964285], [2.3291933, 6.396434], [2.3291983, 6.3964272], [2.3292024, 6.3964304], [2.3291884, 6.3964444], [2.3291874, 6.3964543], [2.3291911, 6.3964579], [2.3292019, 6.3964516], [2.3292091, 6.3964683], [2.3292023, 6.3964652], [2.3291933, 6.3964778], [2.3291928, 6.3964719], [2.3291912, 6.3964712], [2.3291942, 6.3964697], [2.329187, 6.396467], [2.3291886, 6.3964699], [2.3291834, 6.3964674], [2.3291743, 6.396466], [2.3291739, 6.3964715], [2.3291662, 6.3964678], [2.3291711, 6.3964728], [2.3291648, 6.3964791], [2.3291671, 6.3964837], [2.3291499, 6.39648], [2.329153, 6.3964886], [2.3291467, 6.3964882], [2.3291476, 6.3964931], [2.3291399, 6.3964809], [2.3291354, 6.3964845], [2.3291417, 6.39649], [2.3291322, 6.3964918], [2.3291354, 6.3965022], [2.3291377, 6.3964972], [2.3291467, 6.3965044], [2.3291431, 6.3964986], [2.3291494, 6.3965013], [2.3291499, 6.3964954], [2.3291666, 6.3965008], [2.329163, 6.3964941], [2.3291666, 6.3964972], [2.3291707, 6.39649], [2.329182, 6.3964973], [2.3291765, 6.3964927], [2.3291838, 6.3964936], [2.3291793, 6.3964823], [2.3291888, 6.396486], [2.3291856, 6.3964796], [2.3291933, 6.3964832], [2.3292051, 6.3964697], [2.3292105, 6.3964756], [2.3292105, 6.3964824], [2.329205, 6.3964828], [2.3292091, 6.3964986], [2.3292172, 6.3964932], [2.3292122, 6.3965036], [2.3292177, 6.3965032], [2.329219, 6.3965113], [2.3292249, 6.3965113], [2.3292235, 6.396505], [2.3292276, 6.3965073], [2.3292272, 6.396495], [2.3292312, 6.3965046], [2.3292299, 6.3964937], [2.3292208, 6.3964937], [2.3292344, 6.3964892], [2.3292249, 6.3964846], [2.3292435, 6.3964869], [2.3292484, 6.3964797], [2.3292502, 6.3964874], [2.3292597, 6.3964933], [2.329262, 6.3964883], [2.3292665, 6.3964974], [2.3292679, 6.3964833], [2.329262, 6.3964806], [2.3292683, 6.3964788], [2.3292566, 6.3964711], [2.3292657, 6.3964549], [2.3292453, 6.3964575], [2.3292462, 6.3964489], [2.3292521, 6.396453], [2.3292548, 6.3964444], [2.3292489, 6.3964431], [2.3292494, 6.396448], [2.3292349, 6.3964426], [2.3292304, 6.3964467], [2.3292263, 6.3964381], [2.3292281, 6.3964512], [2.3292245, 6.3964345], [2.3292336, 6.3964431], [2.3292381, 6.3964408], [2.3292354, 6.3964354], [2.3292327, 6.3964385], [2.3292349, 6.3964281], [2.3292422, 6.3964426], [2.3292462, 6.396444], [2.3292476, 6.3964336], [2.3292571, 6.396439], [2.3292603, 6.3964345], [2.3292602, 6.3964404], [2.3292765, 6.3964472], [2.3292734, 6.3964381], [2.3292675, 6.3964386], [2.3292724, 6.3964325], [2.3292698, 6.3964268], [2.3292738, 6.3964246], [2.329272, 6.3964128], [2.3292802, 6.3964309], [2.3292747, 6.3964237], [2.3292726, 6.3964323], [2.3292752, 6.3964291], [2.3292783, 6.396449], [2.3292892, 6.3964486], [2.3292946, 6.3964562], [2.3293027, 6.3964508], [2.3293118, 6.3964581], [2.32931, 6.3964517], [2.3293145, 6.3964495], [2.329314, 6.3964617], [2.3293172, 6.3964649], [2.3293235, 6.3964595], [2.3293258, 6.3964658], [2.3293158, 6.3964762], [2.3293172, 6.396483], [2.3293271, 6.3964843], [2.3293208, 6.3964726], [2.3293244, 6.3964748], [2.3293258, 6.3964699], [2.329328, 6.3964803], [2.3293375, 6.3964807], [2.3293366, 6.3964871], [2.3293312, 6.3964875], [2.3293384, 6.3964916], [2.3293352, 6.3964965], [2.3293506, 6.3964979], [2.3293415, 6.3964997], [2.3293415, 6.3965106], [2.3293402, 6.3965029], [2.3293311, 6.396506], [2.3293338, 6.3965173], [2.3293298, 6.3965196], [2.329337, 6.3965246], [2.3293402, 6.3965205], [2.3293415, 6.3965291], [2.3293438, 6.3965196], [2.3293433, 6.3965273], [2.3293496, 6.3965278], [2.329346, 6.3965219], [2.3293515, 6.3965251], [2.3293501, 6.3965323], [2.3293415, 6.39653], [2.3293492, 6.3965377], [2.3293469, 6.3965436], [2.3293546, 6.3965445], [2.3293587, 6.3965359], [2.3293573, 6.3965427], [2.3293609, 6.3965373], [2.3293682, 6.3965391], [2.3293645, 6.3965522], [2.3293686, 6.3965472], [2.3293776, 6.39655], [2.3293745, 6.3965414], [2.3293921, 6.396536], [2.3293872, 6.3965296], [2.3293944, 6.3965269], [2.3293949, 6.3965201], [2.3293953, 6.3965269], [2.3293971, 6.3965215], [2.3294025, 6.3965278], [2.3294071, 6.3965242], [2.3294075, 6.3965319], [2.3294202, 6.3965279], [2.329418, 6.3965137], [2.329413, 6.3965116], [2.3294148, 6.3965057], [2.3294178, 6.3965124], [2.3294161, 6.3965021], [2.3294075, 6.3965084], [2.3294084, 6.3965143], [2.3294044, 6.3965102], [2.3294053, 6.3965012], [2.3294134, 6.3965003], [2.3294139, 6.3964921], [2.3294116, 6.3964994], [2.329408, 6.3964975], [2.3294148, 6.3964885], [2.3294062, 6.3964921], [2.3294031, 6.3964849], [2.3294085, 6.396479], [2.3293995, 6.3964695], [2.3294053, 6.3964668], [2.3294103, 6.3964763], [2.3294139, 6.3964709], [2.3294211, 6.3964759], [2.3294239, 6.3964799], [2.3294157, 6.3964903], [2.3294238, 6.3964894], [2.329437, 6.3964741], [2.3294343, 6.3964677], [2.3294284, 6.3964691], [2.3294777, 6.3964126], [2.32948, 6.396419], [2.3294777, 6.3964153], [2.3294655, 6.3964298], [2.3294755, 6.396428], [2.3294877, 6.396414], [2.3294759, 6.396428], [2.3294791, 6.3964325], [2.3294714, 6.3964407], [2.3294741, 6.3964447], [2.3294705, 6.3964416], [2.329451, 6.396465], [2.3294496, 6.3964745], [2.3294465, 6.39647], [2.3294352, 6.3964836], [2.3294347, 6.3964931], [2.3294437, 6.3964872], [2.3294428, 6.3964962], [2.3294496, 6.3964967], [2.3294736, 6.3964682], [2.3294646, 6.3964673], [2.3294655, 6.3964569], [2.3294732, 6.3964578], [2.3294682, 6.3964633], [2.3294813, 6.3964592], [2.3294931, 6.3964429], [2.3294949, 6.3964488], [2.3294836, 6.3964579], [2.3294849, 6.3964701], [2.3294759, 6.3964669], [2.3294686, 6.3964768], [2.3294749, 6.3964814], [2.3294781, 6.396475], [2.3294754, 6.3964814], [2.329489, 6.3964787], [2.3294921, 6.3964841], [2.3295012, 6.3964778], [2.3295025, 6.3964952], [2.329503, 6.3964818], [2.3295098, 6.396476], [2.3295129, 6.39648], [2.3295098, 6.3964742], [2.3295206, 6.3964697], [2.3295192, 6.3964805], [2.3295066, 6.3964828], [2.3295057, 6.3964882], [2.3295174, 6.3964855], [2.3295179, 6.3964914], [2.3295301, 6.3964982], [2.3295418, 6.3964842], [2.3295342, 6.396476], [2.3295387, 6.3964633], [2.3295441, 6.3964625], [2.3295378, 6.396471], [2.3295459, 6.3964729], [2.3295573, 6.3964539], [2.3295541, 6.3964475], [2.3295509, 6.3964534], [2.3295482, 6.3964475], [2.3295423, 6.3964493], [2.3295433, 6.396443], [2.3295577, 6.396443], [2.3295632, 6.3964331], [2.3295595, 6.3964421], [2.3295704, 6.3964444], [2.3295835, 6.3964195], [2.3295844, 6.3964277], [2.3295862, 6.3964195], [2.329598, 6.396411], [2.3295962, 6.3964051], [2.3296052, 6.3964033], [2.3296102, 6.3963911], [2.3296139, 6.3963934], [2.3296487, 6.3963513], [2.329651, 6.3963369], [2.3296555, 6.3963378], [2.3296546, 6.3963441], [2.3296677, 6.3963315], [2.3296116, 6.3963979], [2.3296193, 6.3964128], [2.3296084, 6.3964092], [2.3296143, 6.3964151], [2.329607, 6.39642], [2.3296025, 6.396415], [2.329603, 6.3964282], [2.3295984, 6.3964196], [2.3295921, 6.3964214], [2.3295754, 6.3964408], [2.3295799, 6.3964394], [2.3295776, 6.3964444], [2.3295686, 6.3964494], [2.3295699, 6.3964566], [2.329574, 6.3964551], [2.3295735, 6.3964557], [2.3295809, 6.3964616], [2.3295772, 6.3964544], [2.3295867, 6.3964503], [2.3295875, 6.3964589], [2.3295957, 6.3964535], [2.3295925, 6.3964643], [2.329583, 6.3964657], [2.3295819, 6.3964635], [2.3295762, 6.3964684], [2.3295871, 6.3964684], [2.3295902, 6.3964734], [2.3295857, 6.3964761], [2.3295943, 6.396477], [2.3295988, 6.3964874], [2.3295884, 6.3964946], [2.329588, 6.3964792], [2.3295785, 6.3964819], [2.3295672, 6.3964697], [2.3295731, 6.3964643], [2.3295649, 6.3964629], [2.3295636, 6.396472], [2.3295554, 6.3964647], [2.3295563, 6.3964756], [2.3295618, 6.3964751], [2.329554, 6.3964914], [2.329559, 6.3964855], [2.3295681, 6.3964932], [2.329559, 6.396491], [2.3295622, 6.3964973], [2.3295567, 6.3965045], [2.3295617, 6.3965005], [2.3295676, 6.3965041], [2.3295681, 6.3964982], [2.3295789, 6.3964955], [2.3295721, 6.3964987], [2.3295757, 6.3965032], [2.3295784, 6.3964996], [2.3295784, 6.3965077], [2.3295857, 6.3965014], [2.3295839, 6.3964969], [2.3295956, 6.3964991], [2.3296038, 6.3964937], [2.3296102, 6.3964964], [2.3296069, 6.3964942], [2.3296196, 6.3964834], [2.3296126, 6.3964974], [2.3296137, 6.3964978], [2.3296087, 6.3965064], [2.3296155, 6.3965082], [2.3296083, 6.3965191], [2.3296151, 6.3965136], [2.3296137, 6.3965222], [2.3296205, 6.3965222], [2.32962, 6.3965272], [2.3296349, 6.3965123], [2.3296444, 6.3965196], [2.329644, 6.3965146], [2.3296503, 6.3965187], [2.3296566, 6.396516], [2.3296553, 6.3965105], [2.3296616, 6.396511], [2.329654, 6.3964979], [2.3296481, 6.3965042], [2.3296413, 6.3964992], [2.3296589, 6.3964934], [2.3296621, 6.3964852], [2.3296571, 6.3964866], [2.3296599, 6.3964789], [2.329654, 6.3964784], [2.3296576, 6.3964698], [2.3296712, 6.3964744], [2.3296707, 6.3964812], [2.3296761, 6.3964771], [2.3296793, 6.3964866], [2.3296825, 6.3964825], [2.3296838, 6.3964884], [2.3296883, 6.3964862], [2.329677, 6.3965024], [2.3296802, 6.3965101], [2.3296698, 6.3965133], [2.3296734, 6.3965232], [2.3296675, 6.3965128], [2.3296539, 6.3965209], [2.3296512, 6.3965291], [2.3296584, 6.3965309], [2.3296575, 6.3965368], [2.3296607, 6.3965336], [2.3296675, 6.3965395], [2.3296697, 6.3965336], [2.329672, 6.3965399], [2.3296774, 6.3965386], [2.329672, 6.3965494], [2.3296643, 6.3965521], [2.3296661, 6.3965635], [2.3296792, 6.3965567], [2.3296851, 6.3965635], [2.3296746, 6.3965761], [2.3296715, 6.3965702], [2.3296674, 6.3965779], [2.3296647, 6.3965739], [2.3296633, 6.3965802], [2.3296697, 6.3965806], [2.3296647, 6.396591], [2.3296701, 6.3965874], [2.3296719, 6.3965969], [2.3296769, 6.3965906], [2.3296819, 6.3965969], [2.3296954, 6.3965771], [2.329704, 6.3965771], [2.3297063, 6.3965829], [2.3296932, 6.396592], [2.3296968, 6.3966001], [2.3296886, 6.3966033], [2.3296922, 6.3966182], [2.3296967, 6.3966159], [2.3296981, 6.3966209], [2.3296872, 6.3966313], [2.329685, 6.3966263], [2.3296836, 6.3966327], [2.3296836, 6.3966268], [2.3296755, 6.3966322], [2.3296786, 6.3966444], [2.3296664, 6.3966534], [2.3296673, 6.3966435], [2.3296583, 6.3966421], [2.3296628, 6.3966376], [2.3296583, 6.3966335], [2.3296357, 6.3966638], [2.3296388, 6.3966679], [2.3296438, 6.3966606], [2.3296429, 6.3966683], [2.3296483, 6.396662], [2.3296546, 6.396667], [2.3296605, 6.3966602], [2.3296596, 6.3966643], [2.3296682, 6.3966647], [2.3296659, 6.3966684], [2.3296709, 6.3966657], [2.3296682, 6.3966738], [2.3296659, 6.3966697], [2.3296614, 6.3966747], [2.3296673, 6.3966783], [2.3296632, 6.3966828], [2.3296664, 6.3966883], [2.3296763, 6.3966756], [2.3296704, 6.3966783], [2.3296718, 6.3966724], [2.329679, 6.3966729], [2.3296863, 6.3966639], [2.3296818, 6.3966616], [2.329675, 6.3966702], [2.3296795, 6.3966643], [2.3296759, 6.3966498], [2.3296913, 6.3966526], [2.3296908, 6.3966386], [2.3296949, 6.396644], [2.3297003, 6.3966363], [2.3297012, 6.3966422], [2.3297058, 6.3966413], [2.3297049, 6.3966359], [2.3297125, 6.3966336], [2.3297307, 6.3966074], [2.3297311, 6.3966173], [2.3297044, 6.396644], [2.3297103, 6.3966431], [2.3297116, 6.3966499], [2.3297184, 6.3966467], [2.3297202, 6.3966589], [2.3297125, 6.3966639], [2.3297112, 6.3966585], [2.3297066, 6.396668], [2.3297021, 6.3966607], [2.3297062, 6.3966571], [2.3296944, 6.3966562], [2.3296998, 6.3966648], [2.3296904, 6.3966648], [2.3296863, 6.3966756], [2.3296903, 6.3966797], [2.3296813, 6.3966829], [2.3296926, 6.3966842], [2.3296899, 6.3966951], [2.3296998, 6.3966928], [2.3297052, 6.3967041], [2.3297279, 6.396677], [2.3297215, 6.3966702], [2.3297229, 6.3966617], [2.3297288, 6.3966603], [2.3297247, 6.3966666], [2.3297292, 6.3966707], [2.329732, 6.3966635], [2.3297337, 6.3966703], [2.3297342, 6.3966639], [2.3297374, 6.3966662], [2.3297502, 6.3966517], [2.3297559, 6.3966499], [2.3297541, 6.3966576], [2.3297505, 6.3966554], [2.3297396, 6.396668], [2.329736, 6.3966843], [2.329717, 6.3967064], [2.3297192, 6.3967109], [2.3297328, 6.3966997], [2.3297283, 6.3967105], [2.3297323, 6.3967087], [2.3297301, 6.3967191], [2.329735, 6.3967191], [2.3297355, 6.3967119], [2.3297409, 6.3967123], [2.3297369, 6.3966947], [2.3297513, 6.396697], [2.3297554, 6.3966911], [2.3297635, 6.3967006], [2.3297613, 6.3967092], [2.3297694, 6.3967002], [2.3297685, 6.396711], [2.3297735, 6.3967115], [2.3297608, 6.396725], [2.3297549, 6.3967214], [2.3297522, 6.3967408], [2.3297594, 6.3967449], [2.3297544, 6.3967472], [2.3297531, 6.3967422], [2.3297486, 6.3967463], [2.3297495, 6.3967386], [2.3297346, 6.3967458], [2.3297386, 6.3967286], [2.3297323, 6.3967363], [2.3297323, 6.3967318], [2.3297282, 6.3967381], [2.3297264, 6.3967345], [2.3297237, 6.3967435], [2.3297215, 6.3967367], [2.329716, 6.396739], [2.3297151, 6.3967534], [2.3297147, 6.3967448], [2.3297061, 6.3967421], [2.3297034, 6.3967471], [2.3296975, 6.3967439], [2.3296862, 6.396753], [2.3296803, 6.3967511], [2.3296835, 6.3967566], [2.3296735, 6.3967538], [2.3296735, 6.3967606], [2.3296649, 6.3967629], [2.3296582, 6.3967754], [2.3296581, 6.3967746], [2.3296377, 6.3967958], [2.3296395, 6.3968008], [2.3296545, 6.396795], [2.3296504, 6.3967913], [2.3296595, 6.3967846], [2.3296586, 6.3967784], [2.3296626, 6.3967814], [2.3296726, 6.3967769], [2.3296708, 6.3967715], [2.3296644, 6.3967746], [2.3296753, 6.3967647], [2.3296708, 6.396771], [2.3296875, 6.3967738], [2.3296775, 6.3967882], [2.3296866, 6.3967914], [2.3296857, 6.3967959], [2.3296798, 6.3968049], [2.3296581, 6.3967945], [2.3296481, 6.3968035], [2.3296527, 6.3968022], [2.3296531, 6.3968085], [2.3296626, 6.3968022], [2.3296599, 6.3968126], [2.329673, 6.3968171], [2.329678, 6.3968131], [2.3296739, 6.3968199], [2.3296784, 6.3968226], [2.3296924, 6.3968185], [2.3296965, 6.396824], [2.3296983, 6.3968176], [2.3296987, 6.3968258], [2.3297082, 6.3968181], [2.3297042, 6.3968149], [2.3297083, 6.3968036], [2.3297128, 6.3968091], [2.3297164, 6.3968041], [2.3297128, 6.3967978], [2.3297236, 6.3967928], [2.3297259, 6.3967964], [2.3297309, 6.3967892], [2.3297304, 6.3967991], [2.3297209, 6.3968005], [2.3297168, 6.3968082], [2.3297223, 6.3968059], [2.3297227, 6.3968154], [2.3297268, 6.3968118], [2.3297268, 6.3968245], [2.3297349, 6.3968227], [2.3297317, 6.3968331], [2.329739, 6.3968335], [2.3297439, 6.3968254], [2.329739, 6.3968367], [2.329743, 6.3968394], [2.3297481, 6.3968275], [2.3297439, 6.3968317], [2.3297462, 6.3968236], [2.329753, 6.3968227], [2.3297487, 6.3968269], [2.3297561, 6.3968313], [2.3297534, 6.3968258], [2.3297625, 6.396829], [2.3297593, 6.3968358], [2.3297652, 6.3968241], [2.3297747, 6.3968232], [2.3297593, 6.3968399], [2.3297647, 6.3968358], [2.3297661, 6.396843], [2.3297715, 6.3968327], [2.3297729, 6.3968367], [2.3297828, 6.3968327], [2.3297792, 6.3968186], [2.329772, 6.3968155], [2.3297878, 6.3968141], [2.3297797, 6.3968105], [2.3297919, 6.3967979], [2.3298104, 6.3968051], [2.3298118, 6.3967943], [2.3298204, 6.3967938], [2.3298181, 6.3967997], [2.3298267, 6.3968015], [2.3298217, 6.3968038], [2.3298249, 6.3968142], [2.3298312, 6.3968119], [2.3298303, 6.3968056], [2.3298389, 6.3968083], [2.3298393, 6.3968178], [2.3298335, 6.3968169], [2.329828, 6.3968268], [2.3298222, 6.396821], [2.3298226, 6.3968286], [2.3298303, 6.3968318], [2.3298203, 6.3968277], [2.3298068, 6.3968359], [2.3298077, 6.3968445], [2.3297962, 6.3968314], [2.329791, 6.396834], [2.3297959, 6.3968345], [2.3297968, 6.3968422], [2.3298009, 6.3968386], [2.3298022, 6.3968467], [2.3297927, 6.3968462], [2.3297923, 6.3968408], [2.3297855, 6.3968467], [2.3297878, 6.3968381], [2.3297833, 6.3968367], [2.3297801, 6.396844], [2.3297615, 6.3968483], [2.3297634, 6.3968426], [2.3297543, 6.396843], [2.3297511, 6.3968494], [2.3297385, 6.3968421], [2.3297398, 6.3968493], [2.3297453, 6.3968507], [2.3297402, 6.3968515], [2.329738, 6.3968507], [2.3297407, 6.3968611], [2.3297457, 6.3968534], [2.3297404, 6.3968515], [2.3297457, 6.3968512], [2.3297462, 6.3968557], [2.3297471, 6.3968498], [2.3297593, 6.3968512], [2.3297588, 6.3968561], [2.329761, 6.3968497], [2.3297629, 6.3968566], [2.3297701, 6.3968535], [2.3297688, 6.3968593], [2.329776, 6.3968589], [2.3297791, 6.3968665], [2.3297778, 6.3968661], [2.3297796, 6.3968788], [2.3297877, 6.3968833], [2.3297977, 6.3968775], [2.3297868, 6.3968783], [2.329785, 6.3968684], [2.3297792, 6.3968666], [2.3298018, 6.3968612], [2.3297914, 6.3968698], [2.3298054, 6.3968693], [2.3298022, 6.3968752], [2.3298099, 6.3968716], [2.3298113, 6.3968558], [2.3298194, 6.3968535], [2.3298054, 6.3968544], [2.3298054, 6.3968454], [2.3298199, 6.3968458], [2.329824, 6.3968363], [2.3298316, 6.3968363], [2.3298276, 6.3968395], [2.3298307, 6.3968436], [2.3298226, 6.3968431], [2.3298267, 6.3968445], [2.329818, 6.3968635], [2.3298131, 6.3968598], [2.3298167, 6.3968689], [2.3298113, 6.3968653], [2.3298153, 6.396872], [2.3298094, 6.3968779], [2.329818, 6.396873], [2.3298198, 6.3968648], [2.3298239, 6.3968671], [2.3298248, 6.3968571], [2.3298307, 6.3968603], [2.3298348, 6.3968531], [2.329842, 6.3968531], [2.3298352, 6.3968499], [2.3298425, 6.396844], [2.3298425, 6.3968544], [2.3298447, 6.3968545], [2.3298474, 6.3968545], [2.3298497, 6.3968472], [2.3298646, 6.3968436], [2.3298624, 6.396831], [2.3298479, 6.3968422], [2.3298402, 6.3968391], [2.3298484, 6.3968278], [2.3298434, 6.396826], [2.3298461, 6.3968205], [2.3298538, 6.3968233], [2.329857, 6.3968187], [2.3298529, 6.3968133], [2.329857, 6.3968065], [2.3298484, 6.3968083], [2.3298556, 6.3968007], [2.3298502, 6.3967853], [2.3298534, 6.396783], [2.3298575, 6.3967907], [2.3298602, 6.3967821], [2.3298638, 6.3967853], [2.3298588, 6.396793], [2.3298661, 6.3967912], [2.3298643, 6.3967857], [2.3298683, 6.3967934], [2.329872, 6.3967754], [2.3298787, 6.3967749], [2.3298788, 6.3967645], [2.3298706, 6.3967618], [2.3298761, 6.3967559], [2.3298688, 6.3967536], [2.3298806, 6.3967496], [2.3298806, 6.3967428], [2.329896, 6.3967483], [2.3298987, 6.3967573], [2.3298987, 6.3967428], [2.3299055, 6.3967406], [2.3299005, 6.3967532], [2.3299091, 6.3967519], [2.3298982, 6.3967591], [2.3299086, 6.3967623], [2.3299014, 6.3967668], [2.3299023, 6.3967614], [2.3298937, 6.3967636], [2.3298932, 6.3967713], [2.3298982, 6.3967704], [2.3298937, 6.396774], [2.3298873, 6.3967627], [2.3298796, 6.3967713], [2.3298909, 6.3967758], [2.3298873, 6.3967808], [2.3298932, 6.3967785], [2.3298896, 6.3967835], [2.3298941, 6.3967876], [2.3298991, 6.3967795], [2.3298977, 6.3967862], [2.3299045, 6.396789], [2.3298959, 6.3967899], [2.3299018, 6.3967953], [2.3299226, 6.3967732], [2.3299208, 6.3967799], [2.3299343, 6.3967741], [2.3299267, 6.39677], [2.3299357, 6.3967637], [2.3299308, 6.3967515], [2.3299217, 6.3967655], [2.3299167, 6.3967618], [2.329928, 6.3967542], [2.3299308, 6.3967469], [2.3299267, 6.3967438], [2.3299349, 6.396732], [2.3299416, 6.3967325], [2.3299398, 6.3967442], [2.3299479, 6.3967452], [2.3299516, 6.3967388], [2.3299516, 6.3967456], [2.3299566, 6.3967325], [2.3299561, 6.3967452], [2.3299678, 6.3967456], [2.3299687, 6.3967556], [2.3299715, 6.3967465], [2.3299764, 6.3967465], [2.3299823, 6.3967466], [2.3299859, 6.3967339], [2.3299746, 6.396742], [2.3299792, 6.3967312], [2.3299733, 6.3967262], [2.3299846, 6.3967298], [2.3299864, 6.3967185], [2.3300068, 6.3967109], [2.3300072, 6.3967005], [2.3300027, 6.3966996], [2.330009, 6.3966941], [2.3300009, 6.3966964], [2.3300023, 6.3966855], [2.3300095, 6.3966883], [2.3300104, 6.3966788], [2.3300163, 6.3966765], [2.3300158, 6.3966806], [2.3300199, 6.3966752], [2.330015, 6.3966684], [2.3300208, 6.3966688], [2.3300199, 6.3966733], [2.3300245, 6.3966693], [2.3300132, 6.396662], [2.3300218, 6.3966535], [2.3300177, 6.396639], [2.3300263, 6.3966381], [2.3300263, 6.396644], [2.3300295, 6.3966349], [2.3300394, 6.3966367], [2.3300354, 6.3966286], [2.3300444, 6.3966268], [2.3300372, 6.3966205], [2.3300412, 6.3966187], [2.3300358, 6.3966146], [2.3300381, 6.3966083], [2.3300318, 6.3966055], [2.3300295, 6.3966137], [2.3300245, 6.3966037], [2.33003, 6.3966028], [2.3300245, 6.3966033], [2.3300213, 6.3965946], [2.3300241, 6.3965938], [2.3300196, 6.3965843], [2.3300155, 6.3965856], [2.3300191, 6.3965761], [2.3300137, 6.3965847], [2.3300092, 6.3965797], [2.3300155, 6.3965761], [2.3300101, 6.396572], [2.3300106, 6.3965779], [2.3300051, 6.3965743], [2.3300092, 6.3965833], [2.3300015, 6.3965788], [2.330002, 6.3965711], [2.3299943, 6.396577], [2.3299911, 6.3965725], [2.3299898, 6.3965788], [2.3299827, 6.3965776], [2.3299839, 6.3965788], [2.3299753, 6.3965833], [2.3299753, 6.3965901], [2.3299712, 6.3965837], [2.3299789, 6.3965738], [2.329982, 6.3965769], [2.3299934, 6.3965594], [2.3299875, 6.3965435], [2.3299817, 6.3965476], [2.3299857, 6.396558], [2.3299803, 6.3965544], [2.3299785, 6.3965621], [2.3299731, 6.3965602], [2.329974, 6.3965521], [2.329983, 6.3965462], [2.329979, 6.3965394], [2.3299848, 6.3965394], [2.3299844, 6.3965268], [2.3299799, 6.3965381], [2.3299744, 6.396539], [2.3299749, 6.3965317], [2.3299717, 6.3965403], [2.3299735, 6.3965327], [2.3299659, 6.3965313], [2.3299659, 6.3965376], [2.3299613, 6.396534], [2.329965, 6.3965259], [2.3299591, 6.3965258], [2.3299604, 6.3965335], [2.3299559, 6.3965335], [2.3299537, 6.3965277], [2.3299591, 6.3965218], [2.329951, 6.3965182], [2.3299573, 6.3965154], [2.3299632, 6.3965231], [2.3299699, 6.3965186], [2.3299803, 6.3965268], [2.3299817, 6.3965101], [2.3299772, 6.3965105], [2.3299835, 6.396501], [2.3299804, 6.3965046], [2.3299808, 6.396496], [2.3299768, 6.396496], [2.32997, 6.3965028], [2.3299767, 6.3965028], [2.3299718, 6.3965132], [2.3299636, 6.3965112], [2.3299722, 6.3965082], [2.3299659, 6.3964951], [2.3299614, 6.3964983], [2.3299631, 6.3965111], [2.3299623, 6.3965109], [2.3299618, 6.396515], [2.3299559, 6.3965118], [2.3299582, 6.396506], [2.3299514, 6.3965087], [2.3299578, 6.3965019], [2.3299505, 6.3965087], [2.3299451, 6.396505], [2.3299514, 6.3965023], [2.329951, 6.396496], [2.3299551, 6.3964987], [2.3299519, 6.3964883], [2.3299596, 6.3964788], [2.3299492, 6.3964689], [2.3299555, 6.3964671], [2.3299397, 6.396463], [2.3299397, 6.3964729], [2.3299248, 6.3964779], [2.3299225, 6.3964856], [2.3299311, 6.3965009], [2.3299297, 6.3964901], [2.3299415, 6.3964937], [2.3299365, 6.3965028], [2.3299455, 6.3965082], [2.3299442, 6.3965177], [2.3299338, 6.396515], [2.3299356, 6.3965082], [2.3299379, 6.3965141], [2.329941, 6.3965091], [2.3299347, 6.3965009], [2.3299342, 6.3965086], [2.3299279, 6.3964996], [2.3299085, 6.3965104], [2.3299044, 6.3965018], [2.3299062, 6.3965077], [2.3299017, 6.3965045], [2.3298822, 6.3965153], [2.3298881, 6.3965249], [2.3298904, 6.3965154], [2.3298967, 6.3965176], [2.3298913, 6.3965194], [2.3298913, 6.3965267], [2.3298949, 6.3965226], [2.3298962, 6.3965276], [2.3298863, 6.396528], [2.3298831, 6.3965375], [2.3298813, 6.3965208], [2.3298764, 6.3965248], [2.3298773, 6.3965162], [2.3298736, 6.3965194], [2.3298696, 6.3965149], [2.3298651, 6.3965226], [2.3298745, 6.396523], [2.3298691, 6.396528], [2.329875, 6.3965303], [2.3298646, 6.3965316], [2.3298655, 6.3965366], [2.3298555, 6.3965316], [2.3298596, 6.3965384], [2.329856, 6.3965438], [2.3298623, 6.3965488], [2.3298668, 6.3965456], [2.3298677, 6.3965533], [2.3298646, 6.3965583], [2.3298609, 6.3965497], [2.3298605, 6.3965556], [2.3298591, 6.3965501], [2.3298524, 6.3965547], [2.3298605, 6.3965574], [2.3298569, 6.3965583], [2.3298623, 6.3965705], [2.3298505, 6.3965664], [2.3298424, 6.3965705], [2.3298451, 6.3965669], [2.3298334, 6.3965619], [2.3298311, 6.3965754], [2.3298229, 6.3965807], [2.3298238, 6.3965741], [2.3298125, 6.3965831], [2.3298227, 6.3965809], [2.3298166, 6.3965849], [2.3298247, 6.3965881], [2.3298338, 6.3965813], [2.3298324, 6.3965876], [2.3298188, 6.3965953], [2.3298338, 6.3966003], [2.3298252, 6.3966102], [2.3298288, 6.3966247], [2.3298238, 6.3966238], [2.3298265, 6.3966179], [2.3298193, 6.3966075], [2.3298138, 6.396622], [2.3298188, 6.3966215], [2.3298138, 6.3966279], [2.3298188, 6.3966301], [2.329812, 6.3966337], [2.3298079, 6.3966297], [2.329803, 6.3966437], [2.3298088, 6.3966432], [2.3298088, 6.3966482], [2.3298138, 6.3966423], [2.3298133, 6.3966491], [2.3298188, 6.3966428], [2.3298251, 6.3966446], [2.329826, 6.3966383], [2.3298269, 6.3966455], [2.329831, 6.3966374], [2.3298319, 6.396646], [2.3298364, 6.3966424], [2.3298328, 6.3966387], [2.3298409, 6.3966351], [2.3298513, 6.3966415], [2.3298382, 6.3966433], [2.3298355, 6.3966473], [2.3298445, 6.3966473], [2.3298341, 6.3966478], [2.3298174, 6.3966663], [2.3298093, 6.3966667], [2.329807, 6.3966844], [2.329792, 6.3966902], [2.3297975, 6.3966821], [2.3298038, 6.3966839], [2.329797, 6.3966798], [2.3298065, 6.3966753], [2.3297988, 6.3966749], [2.3297998, 6.3966708], [2.3297866, 6.3966803], [2.3297799, 6.3966653], [2.3297731, 6.3966649], [2.329774, 6.3966577], [2.3297668, 6.3966626], [2.3297799, 6.3966518], [2.3297754, 6.3966513], [2.3297817, 6.3966423], [2.3297704, 6.3966427], [2.3297645, 6.3966504], [2.3297586, 6.3966459], [2.3297691, 6.3966337], [2.3297664, 6.3966305], [2.32976, 6.3966359], [2.3297659, 6.3966233], [2.3297908, 6.3965957], [2.3297863, 6.3965894], [2.3297931, 6.3965817], [2.329784, 6.3965849], [2.3297859, 6.3965776], [2.3297958, 6.3965785], [2.3297877, 6.3965772], [2.329789, 6.3965727], [2.3297854, 6.3965754], [2.329789, 6.3965681], [2.3297759, 6.3965717], [2.3297841, 6.3965564], [2.3297751, 6.3965482], [2.3297578, 6.396569], [2.3297651, 6.3965717], [2.3297646, 6.3965776], [2.3297556, 6.3965789], [2.3297528, 6.3965862], [2.3297456, 6.3965835], [2.3297239, 6.3966069], [2.3297479, 6.3965771], [2.329742, 6.3965758], [2.3297461, 6.3965631], [2.3297371, 6.3965608], [2.3297484, 6.3965581], [2.3297461, 6.3965676], [2.3297533, 6.3965699], [2.329752, 6.396564], [2.3297588, 6.3965654], [2.3297741, 6.3965478], [2.3297601, 6.3965527], [2.3297665, 6.3965473], [2.3297597, 6.3965473], [2.3297665, 6.3965346], [2.3297579, 6.3965373], [2.3297656, 6.3965297], [2.3297746, 6.3965315], [2.3297656, 6.3965116], [2.3297801, 6.3965247], [2.3297733, 6.3965093], [2.3297787, 6.3965044], [2.329776, 6.3965089], [2.3297855, 6.3965197], [2.3297814, 6.3965261], [2.3297895, 6.3965265], [2.3297936, 6.3965179], [2.3298013, 6.3965193], [2.3298018, 6.3965143], [2.3297963, 6.3965143], [2.3298063, 6.3965085], [2.3298004, 6.3965017], [2.3298049, 6.396503], [2.3298063, 6.3964967], [2.3298099, 6.3965053], [2.3298167, 6.3964976], [2.3298108, 6.3965238], [2.329814, 6.3965198], [2.3298226, 6.3965234], [2.3298167, 6.3965324], [2.3298257, 6.3965415], [2.3298307, 6.3965365], [2.3298266, 6.3965365], [2.3298284, 6.3965297], [2.3298402, 6.3965316], [2.3298452, 6.3965212], [2.3298515, 6.3965266], [2.329852, 6.3965153], [2.3298596, 6.3965194], [2.329885, 6.3964887], [2.32988, 6.3964814], [2.3298882, 6.3964805], [2.3298805, 6.3964765], [2.3298828, 6.3964688], [2.3298764, 6.3964633], [2.3298814, 6.3964661], [2.3298837, 6.3964611], [2.3298805, 6.3964575], [2.3298746, 6.396462], [2.3298787, 6.3964484], [2.3298724, 6.3964471], [2.3298796, 6.396443], [2.3298733, 6.3964317], [2.3298792, 6.3964199], [2.329876, 6.3964258], [2.3298702, 6.3964226], [2.3298692, 6.3964344], [2.3298697, 6.3964249], [2.3298665, 6.3964299], [2.3298674, 6.3964244], [2.3298638, 6.3964258], [2.3298611, 6.3964375], [2.3298602, 6.3964308], [2.3298511, 6.3964389], [2.329853, 6.3964271], [2.3298457, 6.3964298], [2.3298498, 6.3964402], [2.3298453, 6.3964461], [2.3298421, 6.3964407], [2.3298425, 6.3964506], [2.3298416, 6.3964452], [2.3298326, 6.3964452], [2.3298312, 6.3964547], [2.3298285, 6.3964456], [2.3298299, 6.3964556], [2.3298213, 6.3964678], [2.3298271, 6.3964678], [2.3298213, 6.3964737], [2.329824, 6.3964777], [2.3298158, 6.3964737], [2.3298063, 6.3964904], [2.3298149, 6.3964737], [2.3298077, 6.3964736], [2.3298086, 6.3964614], [2.329814, 6.3964646], [2.3298177, 6.3964574], [2.3298104, 6.3964574], [2.3298091, 6.3964474], [2.3298014, 6.396451], [2.3297946, 6.3964465], [2.3298073, 6.396447], [2.3298173, 6.3964298], [2.3298227, 6.3964339], [2.3298277, 6.3964257], [2.329834, 6.3964262], [2.3298408, 6.3964181], [2.3298385, 6.396404], [2.3298227, 6.3963982], [2.3298182, 6.3964058], [2.3298177, 6.3964004], [2.3298087, 6.3964004], [2.3298074, 6.3963828], [2.3298033, 6.3963873], [2.3297983, 6.3963814], [2.3297974, 6.3963886], [2.3298055, 6.3963891], [2.3298001, 6.3963945], [2.3298037, 6.3964031], [2.3297969, 6.3964081], [2.3297992, 6.3964117], [2.3297947, 6.3964135], [2.3297942, 6.396409], [2.3297938, 6.3964171], [2.3297856, 6.3964148], [2.3297874, 6.3964094], [2.3297843, 6.3964121], [2.3297861, 6.3964257], [2.3297806, 6.3964356], [2.3297766, 6.3964334], [2.3297829, 6.3964406], [2.3297752, 6.3964442], [2.3297734, 6.3964392], [2.3297725, 6.3964478], [2.3297666, 6.3964415], [2.3297648, 6.3964523], [2.3297607, 6.3964419], [2.3297548, 6.3964546], [2.3297558, 6.3964383], [2.3297526, 6.3964528], [2.329739, 6.3964604], [2.3297419, 6.3964561], [2.3297399, 6.3964505], [2.3297444, 6.3964505], [2.329743, 6.3964546], [2.3297503, 6.3964437], [2.3297449, 6.3964383], [2.3297467, 6.3964311], [2.3297417, 6.3964401], [2.3297395, 6.396432], [2.3297467, 6.3964288], [2.3297418, 6.3964193], [2.3297368, 6.3964179], [2.3297345, 6.3964292], [2.3297255, 6.3964261], [2.3297314, 6.3964157], [2.3297268, 6.396417], [2.3297241, 6.3964089], [2.3297282, 6.3964148], [2.3297327, 6.3964035], [2.3297264, 6.3964021], [2.3297246, 6.3963935], [2.3297296, 6.3963836], [2.3297323, 6.3963908], [2.3297368, 6.3963818], [2.3297373, 6.3963926], [2.3297436, 6.3963827], [2.3297422, 6.3963779], [2.329749, 6.3963795], [2.329745, 6.3963768], [2.3297531, 6.3963736], [2.32975, 6.396365], [2.3297454, 6.3963678], [2.3297491, 6.39637], [2.329742, 6.3963771], [2.3297378, 6.3963628], [2.3297224, 6.3963555], [2.3297215, 6.3963614], [2.3297296, 6.396365], [2.3297219, 6.3963646], [2.3297237, 6.3963727], [2.329717, 6.3963691], [2.3297246, 6.3963759], [2.329716, 6.3963826], [2.3297206, 6.3963736], [2.3297038, 6.396374], [2.3297111, 6.3963813], [2.3297088, 6.3963899], [2.3297025, 6.3963867], [2.3297006, 6.3964034], [2.3296934, 6.3964048], [2.3296938, 6.3964129], [2.3296916, 6.396407], [2.3296907, 6.3964228], [2.3296839, 6.396426], [2.3296906, 6.3964409], [2.3296821, 6.3964459], [2.329678, 6.3964572], [2.3296703, 6.3964581], [2.3296743, 6.3964649], [2.3296626, 6.3964694], [2.3296658, 6.3964613], [2.329659, 6.3964522], [2.3296649, 6.3964531], [2.329673, 6.3964414], [2.3296726, 6.3964273], [2.3296667, 6.3964255], [2.3296681, 6.3964341], [2.3296586, 6.3964305], [2.3296523, 6.3964151], [2.3296459, 6.3964137], [2.3296378, 6.3964137], [2.3296396, 6.3964196], [2.3296323, 6.3964237], [2.3296396, 6.3964088], [2.3296369, 6.3964015], [2.3296428, 6.3963984], [2.3296392, 6.3963925], [2.3296469, 6.3963939], [2.3296487, 6.3963771], [2.329655, 6.3963794], [2.3296514, 6.3963708], [2.3296586, 6.3963636], [2.3296555, 6.3963532], [2.3296673, 6.3963455], [2.3296713, 6.3963496], [2.3296745, 6.3963437], [2.3296804, 6.3963464], [2.329679, 6.3963401], [2.3296858, 6.3963401], [2.3296822, 6.3963356], [2.3296912, 6.3963274], [2.3296958, 6.396327], [2.3296976, 6.3963347], [2.3297044, 6.3963311], [2.3297034, 6.3963356], [2.3297152, 6.396327], [2.3297021, 6.3963243], [2.3297044, 6.3963171], [2.3296998, 6.3963189], [2.3296994, 6.3963143], [2.329708, 6.3963062], [2.3297026, 6.3963107], [2.329703, 6.396299], [2.3296967, 6.3962994], [2.3296981, 6.3963057], [2.3296908, 6.396308], [2.3296863, 6.3963211], [2.3296845, 6.3963021], [2.3296768, 6.3963057], [2.3296691, 6.3963016], [2.3296687, 6.3963116], [2.3296614, 6.3963116], [2.329665, 6.396322], [2.3296578, 6.3963183], [2.3296515, 6.3963224], [2.3296564, 6.3963247], [2.3296551, 6.3963306], [2.3296451, 6.3963274], [2.3296492, 6.3963351], [2.3296406, 6.3963423], [2.3296415, 6.3963337], [2.3296367, 6.3963273], [2.3296442, 6.3963269], [2.3296411, 6.3963197], [2.3296364, 6.3963269], [2.3296335, 6.3963231], [2.3296343, 6.3963278], [2.3296275, 6.3963269], [2.329627, 6.3963337], [2.3296248, 6.396326], [2.3296298, 6.3963206], [2.3296221, 6.3963111], [2.3296244, 6.3963065], [2.3296325, 6.3963093], [2.3296266, 6.3962993], [2.3296402, 6.396302], [2.329637, 6.3963057], [2.3296474, 6.3963111], [2.3296488, 6.396303], [2.3296556, 6.3963052], [2.3296515, 6.3963012], [2.329656, 6.3962944], [2.3296601, 6.3963007], [2.3296615, 6.3962903], [2.329652, 6.3962822], [2.329656, 6.3962781], [2.3296475, 6.3962754], [2.3296633, 6.3962695], [2.3296674, 6.3962605], [2.3296624, 6.3962564], [2.3296692, 6.3962478], [2.3296746, 6.3962551], [2.3296796, 6.3962537], [2.329676, 6.3962456], [2.329671, 6.3962483], [2.3296755, 6.3962397], [2.3296719, 6.3962438], [2.3296679, 6.3962406], [2.3296516, 6.3962586], [2.3296534, 6.3962514], [2.3296461, 6.3962415], [2.3296385, 6.396241], [2.3296407, 6.3962491], [2.3296502, 6.3962546], [2.3296439, 6.3962555], [2.329638, 6.3962713], [2.3296294, 6.3962772], [2.3296253, 6.3962744], [2.3296294, 6.396269], [2.3296213, 6.3962636], [2.3296181, 6.3962704], [2.329623, 6.396274], [2.3296167, 6.3962731], [2.3296194, 6.3962771], [2.3296131, 6.3962826], [2.3296126, 6.3962758], [2.329605, 6.3962762], [2.3296104, 6.396274], [2.3296054, 6.3962685], [2.3296049, 6.3962706], [2.3296023, 6.3962636], [2.3296059, 6.3962681], [2.3296036, 6.3962618], [2.3295982, 6.3962672], [2.3295932, 6.3962613], [2.3295982, 6.3962572], [2.3295951, 6.3962495], [2.3295869, 6.396254], [2.3295847, 6.3962477], [2.329591, 6.3962473], [2.3295914, 6.3962418], [2.3295833, 6.396231], [2.3295838, 6.3962151], [2.3295815, 6.3962242], [2.3295756, 6.3962219], [2.3295725, 6.3962296], [2.3295783, 6.3962319], [2.329577, 6.3962405], [2.3295792, 6.3962412], [2.3295761, 6.3962423], [2.3295792, 6.3962491], [2.3295747, 6.3962481], [2.3295733, 6.3962576], [2.3295796, 6.3962757], [2.3295738, 6.3962762], [2.329576, 6.3962807], [2.3295715, 6.396278], [2.3295819, 6.3962898], [2.3295896, 6.3962852], [2.3295882, 6.396278], [2.3295846, 6.3962812], [2.3295891, 6.3962739], [2.3295968, 6.3962798], [2.3295932, 6.3962703], [2.3296049, 6.3962708], [2.3296022, 6.3962816], [2.3295968, 6.396283], [2.3295973, 6.3962893], [2.3296054, 6.3962916], [2.3295968, 6.396292], [2.3295986, 6.3963002], [2.3295932, 6.3962975], [2.3295882, 6.3963074], [2.3295963, 6.3963088], [2.329595, 6.3963128], [2.3295995, 6.3963124], [2.3295922, 6.3963169], [2.3295809, 6.396316], [2.3295787, 6.3963305], [2.3295732, 6.3963273], [2.3295787, 6.3963268], [2.3295778, 6.3963065], [2.3295764, 6.3963124], [2.3295678, 6.3963119], [2.3295619, 6.3963268], [2.3295484, 6.3963196], [2.3295439, 6.3963259], [2.3295398, 6.3963223], [2.3295407, 6.3963277], [2.3295348, 6.3963263], [2.3295335, 6.3963304], [2.3295439, 6.3963304], [2.3295339, 6.3963345], [2.3295334, 6.3963417], [2.3295366, 6.3963363], [2.3295475, 6.3963363], [2.3295398, 6.3963413], [2.329542, 6.3963535], [2.3295398, 6.3963458], [2.3295312, 6.396348], [2.3295307, 6.3963336], [2.3295231, 6.3963385], [2.3295226, 6.3963295], [2.3295312, 6.3963299], [2.3295271, 6.396329], [2.329528, 6.3963213], [2.329533, 6.3963236], [2.3295294, 6.3963159], [2.3295348, 6.396311], [2.3295403, 6.3963137], [2.3295367, 6.3963082], [2.3295444, 6.3962992], [2.3295511, 6.3962979], [2.3295525, 6.3963024], [2.3295606, 6.396292], [2.3295529, 6.3962933], [2.3295493, 6.3962856], [2.3295602, 6.3962807], [2.3295552, 6.3962757], [2.329553, 6.3962798], [2.3295498, 6.3962653], [2.329558, 6.3962658], [2.3295507, 6.3962608], [2.3295566, 6.396259], [2.3295521, 6.3962531], [2.3295598, 6.3962549], [2.3295575, 6.3962418], [2.3295652, 6.3962418], [2.3295625, 6.396235], [2.3295575, 6.3962391], [2.3295544, 6.3962337], [2.3295485, 6.396235], [2.3295522, 6.3962295], [2.3295485, 6.39623], [2.3295444, 6.396225], [2.3295467, 6.3962323], [2.3295399, 6.3962354], [2.3295467, 6.3962418], [2.3295417, 6.3962513], [2.3295317, 6.3962544], [2.3295227, 6.3962481], [2.3295082, 6.396263], [2.3294978, 6.3962575], [2.3294996, 6.3962725], [2.3294883, 6.3962801], [2.3294928, 6.3962829], [2.3294842, 6.3962878], [2.3294892, 6.3962892], [2.3294747, 6.3962941], [2.3294712, 6.3962888], [2.3294734, 6.3962865], [2.3294671, 6.3962842], [2.329468, 6.3962788], [2.3294725, 6.396281], [2.3294689, 6.3962733], [2.3294657, 6.3962769], [2.3294585, 6.3962688], [2.3294644, 6.3962729], [2.3294693, 6.396262], [2.3294788, 6.3962629], [2.3294743, 6.3962562], [2.3294779, 6.3962593], [2.3294816, 6.3962566], [2.3294775, 6.3962507], [2.3294816, 6.3962548], [2.3294852, 6.3962462], [2.3294902, 6.3962485], [2.3294893, 6.3962372], [2.3294924, 6.3962453], [2.3295069, 6.3962503], [2.3294947, 6.3962408], [2.3294988, 6.3962327], [2.3294694, 6.3962358], [2.3294721, 6.3962399], [2.3294644, 6.3962417], [2.3294639, 6.3962436], [2.3294599, 6.3962444], [2.3294626, 6.396248], [2.329463, 6.396247], [2.3294621, 6.3962503], [2.3294694, 6.3962539], [2.3294657, 6.3962611], [2.3294635, 6.3962534], [2.3294567, 6.3962561], [2.3294495, 6.3962507], [2.329454, 6.3962385], [2.3294432, 6.3962362], [2.3294432, 6.3962317], [2.3294355, 6.3962339], [2.3294418, 6.3962362], [2.3294427, 6.3962516], [2.3294373, 6.3962453], [2.3294323, 6.396252], [2.32943, 6.3962466], [2.3294391, 6.3962425], [2.3294246, 6.3962326], [2.3294264, 6.3962272], [2.3294169, 6.3962366], [2.3294056, 6.3962366], [2.3294061, 6.3962439], [2.3294016, 6.3962443], [2.3294065, 6.3962488], [2.3293952, 6.396252], [2.3293889, 6.3962619], [2.3293812, 6.3962529], [2.3293902, 6.3962524], [2.3293758, 6.3962425], [2.3293767, 6.3962506], [2.3293686, 6.3962452], [2.3293654, 6.3962492], [2.3293699, 6.396252], [2.3293572, 6.3962524], [2.3293654, 6.3962678], [2.3293509, 6.3962537], [2.329355, 6.3962447], [2.3293437, 6.3962483], [2.3293464, 6.3962384], [2.3293419, 6.396232], [2.3293609, 6.3962298], [2.3293595, 6.3962225], [2.3293736, 6.3962244], [2.3293681, 6.396209], [2.3293727, 6.3962104], [2.3293745, 6.3962036], [2.3293785, 6.3962076], [2.3293871, 6.396204], [2.3293736, 6.3961959], [2.3293768, 6.3961923], [2.3293894, 6.3961968], [2.3293826, 6.3961855], [2.3293786, 6.3961877], [2.329384, 6.3961801], [2.3293781, 6.3961783], [2.3293827, 6.3961742], [2.3293885, 6.3961814], [2.3293935, 6.3961679], [2.3294007, 6.3961715], [2.329398, 6.3961647], [2.3293872, 6.3961629], [2.3293872, 6.396157], [2.3294071, 6.3961674], [2.3294107, 6.3961656], [2.3294044, 6.3961597], [2.3294243, 6.3961652], [2.3294234, 6.3961589], [2.3294297, 6.3961625], [2.3294329, 6.3961566], [2.3294216, 6.3961435], [2.3294216, 6.3961322], [2.3294324, 6.3961331], [2.3294343, 6.3961272], [2.3294424, 6.3961318], [2.3294483, 6.3961205], [2.3294542, 6.3961263], [2.329446, 6.3961263], [2.3294501, 6.3961313], [2.3294664, 6.3961341], [2.3294614, 6.3961286], [2.329465, 6.3961218], [2.3294709, 6.3961182], [2.3294754, 6.3961223], [2.3294686, 6.396111], [2.3294804, 6.3961083], [2.329479, 6.3961142], [2.3294885, 6.3961169], [2.3294845, 6.3961047], [2.3294913, 6.396102], [2.3294971, 6.3961128], [2.3294931, 6.3961119], [2.3294899, 6.3961219], [2.329498, 6.3961128], [2.3295057, 6.3961169], [2.3295084, 6.3961233], [2.3295016, 6.3961291], [2.3295057, 6.3961337], [2.3295081, 6.3961323], [2.3295048, 6.3961364], [2.3295138, 6.396135], [2.3295092, 6.3961317], [2.3295161, 6.3961278], [2.3295107, 6.3961233], [2.3295138, 6.3961165], [2.3295184, 6.3961151], [2.3295152, 6.3961224], [2.3295202, 6.396116], [2.3295247, 6.3961197], [2.329517, 6.396107], [2.3295093, 6.3961088], [2.3295116, 6.3961038], [2.3295238, 6.3961056], [2.3295216, 6.3960957], [2.3295302, 6.3960939], [2.3295338, 6.3961029], [2.3295428, 6.3961039], [2.3295338, 6.3960952], [2.3295324, 6.3960839], [2.3295365, 6.3960916], [2.3295442, 6.3960858], [2.3295284, 6.3960799], [2.3295342, 6.3960799], [2.3295311, 6.3960704], [2.329522, 6.3960762], [2.329522, 6.3960704], [2.3295053, 6.3960685], [2.3295004, 6.3960599], [2.3295008, 6.396069], [2.3294918, 6.3960672], [2.329494, 6.3960866], [2.3294859, 6.3960766], [2.3294963, 6.3960595], [2.3294845, 6.3960662], [2.3294872, 6.396073], [2.3294809, 6.3960671], [2.32948, 6.3960748], [2.3294777, 6.3960712], [2.3294745, 6.3960743], [2.329471, 6.3960617], [2.3294682, 6.3960676], [2.3294524, 6.3960603], [2.3294597, 6.3960671], [2.3294497, 6.3960617], [2.3294465, 6.3960685], [2.3294362, 6.3960485], [2.3294276, 6.3960445], [2.3294299, 6.3960386], [2.3294421, 6.3960382], [2.3294412, 6.3960449], [2.3294457, 6.3960422], [2.3294497, 6.396049], [2.3294516, 6.3960409], [2.3294303, 6.3960327], [2.3294303, 6.3960282], [2.3294353, 6.3960304], [2.3294348, 6.3960327], [2.3294394, 6.3960287], [2.3294448, 6.3960318], [2.3294457, 6.3960219], [2.3294534, 6.3960296], [2.3294461, 6.3960386], [2.3294565, 6.3960382], [2.3294579, 6.3960309], [2.3294638, 6.3960309], [2.3294588, 6.396026], [2.3294629, 6.3960282], [2.3294638, 6.3960237], [2.3294678, 6.3960291], [2.3294706, 6.3960192], [2.3294814, 6.3960287], [2.3294841, 6.3960192], [2.3294914, 6.3960247], [2.3294896, 6.3960179], [2.3294941, 6.3960219], [2.3294945, 6.3960152], [2.3294972, 6.3960206], [2.3295, 6.3960156], [2.3295031, 6.3960215], [2.3295081, 6.3960188], [2.3295076, 6.3960319], [2.329514, 6.3960355], [2.3295167, 6.3960206], [2.3295188, 6.3960218], [2.329518, 6.3960292], [2.3295216, 6.396031], [2.3295193, 6.3960221], [2.3295266, 6.3960261], [2.3295199, 6.3960093], [2.3295307, 6.3960062], [2.3295312, 6.3960151], [2.3295275, 6.3960125], [2.3295298, 6.3960202], [2.3295325, 6.3960161], [2.3295312, 6.3960152], [2.3295366, 6.3960125], [2.3295506, 6.3960198], [2.3295488, 6.396013], [2.3295529, 6.3960143], [2.3295556, 6.3960044], [2.3295615, 6.3960062], [2.3295601, 6.3959994], [2.32957, 6.396008], [2.3295714, 6.3960017], [2.3295651, 6.3960008], [2.3295746, 6.3959922], [2.3295737, 6.3960012], [2.3295809, 6.3960094], [2.3295709, 6.3960098], [2.3295804, 6.396013], [2.3295791, 6.3960211], [2.3295868, 6.396023], [2.3295877, 6.3960184], [2.329599, 6.3960298], [2.3295999, 6.3960225], [2.3296085, 6.3960225], [2.3296098, 6.3960302], [2.3296026, 6.3960239], [2.3296071, 6.3960352], [2.3296157, 6.3960298], [2.3296098, 6.3960275], [2.3296125, 6.3960207], [2.3296152, 6.396028], [2.3296189, 6.3960262], [2.3296161, 6.396032], [2.3296202, 6.3960262], [2.3296247, 6.3960293], [2.3296234, 6.3960375], [2.3296315, 6.3960334], [2.3296319, 6.396042], [2.3296383, 6.3960334], [2.3296491, 6.3960344], [2.3296514, 6.3960262], [2.3296509, 6.3960321], [2.3296618, 6.3960353], [2.3296641, 6.3960267], [2.3296649, 6.3960393], [2.3296708, 6.3960407], [2.3296681, 6.3960538], [2.3296735, 6.3960543], [2.3296667, 6.3960588], [2.3296645, 6.3960529], [2.3296645, 6.3960624], [2.329678, 6.396052], [2.3296771, 6.3960457], [2.3296708, 6.3960466], [2.3296763, 6.3960394], [2.3296767, 6.3960439], [2.3296835, 6.396043], [2.329683, 6.396057], [2.3296957, 6.396043], [2.3297056, 6.3960625], [2.3296911, 6.3960724], [2.3297011, 6.396086], [2.329702, 6.3960783], [2.3297065, 6.3960806], [2.3297074, 6.3960729], [2.3297192, 6.3960634], [2.3297214, 6.3960503], [2.3297151, 6.3960444], [2.329711, 6.396057], [2.329712, 6.3960439], [2.3297192, 6.3960381], [2.3297169, 6.3960453], [2.3297228, 6.3960453], [2.3297228, 6.3960503], [2.3297246, 6.3960439], [2.3297264, 6.3960476], [2.3297337, 6.3960422], [2.3297292, 6.3960308], [2.3297233, 6.3960304], [2.3297255, 6.3960263], [2.329698, 6.3960249], [2.3297115, 6.3960127], [2.3297048, 6.3960046], [2.3296826, 6.3960018], [2.3296785, 6.3960104], [2.3296578, 6.396], [2.3296713, 6.3959937], [2.32967, 6.3959874], [2.3296469, 6.39599], [2.3296329, 6.3959986], [2.3296356, 6.3959796], [2.3296266, 6.3959434], [2.3295919, 6.395928], [2.329605, 6.3959217], [2.3296063, 6.3959158], [2.329595, 6.3959163], [2.3295833, 6.3959086], [2.3295706, 6.3959126], [2.3295774, 6.3958963], [2.3295765, 6.3958814], [2.3295462, 6.3959049], [2.3295345, 6.395899], [2.3295173, 6.3959017], [2.3295119, 6.3959094], [2.3295164, 6.395918], [2.3295082, 6.3959229], [2.3295136, 6.3959238], [2.3295028, 6.3959238], [2.32951, 6.3959333], [2.3294933, 6.3959279], [2.3294648, 6.3959283], [2.3294603, 6.3959333], [2.3294585, 6.3959274], [2.329439, 6.3959233], [2.32943, 6.3959319], [2.3294246, 6.3959291], [2.3294296, 6.3959224], [2.3294011, 6.3959246], [2.3293988, 6.3959341], [2.3294087, 6.3959318], [2.3294309, 6.3959409], [2.3294363, 6.3959364], [2.3294399, 6.3959427], [2.3294472, 6.3959328], [2.3294517, 6.395936], [2.3294454, 6.3959373], [2.3294472, 6.3959436], [2.3294603, 6.3959414], [2.3294716, 6.3959491], [2.3294711, 6.3959437], [2.3294747, 6.3959505], [2.3294815, 6.3959451], [2.3294883, 6.3959555], [2.3294933, 6.3959487], [2.3295032, 6.3959564], [2.3295145, 6.3959487], [2.3295122, 6.3959578], [2.329519, 6.395965], [2.3295145, 6.3959618], [2.3295104, 6.3959695], [2.3295073, 6.3959645], [2.3295104, 6.3959754], [2.3295009, 6.3959889], [2.3294883, 6.3959785], [2.3295027, 6.3959785], [2.3294955, 6.3959623], [2.3295009, 6.3959559], [2.329486, 6.3959577], [2.3294734, 6.3959505], [2.329458, 6.3959532], [2.3294612, 6.3959559], [2.3294499, 6.3959527], [2.3294503, 6.3959599], [2.3294598, 6.3959676], [2.3294485, 6.3959622], [2.3294485, 6.3959685], [2.3294589, 6.3959722], [2.3294611, 6.3959681], [2.3294697, 6.3959771], [2.3294855, 6.3959812], [2.3294788, 6.395983], [2.3294837, 6.3959939], [2.3294733, 6.3959939], [2.3294769, 6.3959998], [2.3294575, 6.3959943], [2.329457, 6.3960052], [2.3294557, 6.3959984], [2.3294462, 6.3960002], [2.3294426, 6.3959929], [2.3294371, 6.3960042], [2.3294313, 6.3959992], [2.3294322, 6.3959898], [2.329424, 6.3959997], [2.3294263, 6.3959925], [2.3294191, 6.3959947], [2.3294037, 6.395982], [2.3293983, 6.3959847], [2.3293978, 6.3959775], [2.329382, 6.3959761], [2.3293816, 6.3959662], [2.3293825, 6.3959716], [2.3293861, 6.3959671], [2.3293762, 6.3959616], [2.3293549, 6.3959639], [2.3293522, 6.3959756], [2.3293468, 6.3959743], [2.3293458, 6.3959806], [2.3293427, 6.3959774], [2.3293454, 6.3959851], [2.3293404, 6.395988], [2.3293463, 6.3959969], [2.3293399, 6.395996], [2.3293381, 6.396005], [2.3293268, 6.3959932], [2.3293318, 6.3959923], [2.3293296, 6.3959878], [2.3293205, 6.3959896], [2.3293281, 6.3960262], [2.3293209, 6.3960231], [2.3293218, 6.3960285], [2.3293091, 6.3960344], [2.3293164, 6.3960384], [2.3293114, 6.3960389], [2.3293118, 6.3960466], [2.3293046, 6.3960389], [2.3293096, 6.3960398], [2.329306, 6.3960289], [2.3293019, 6.3960307], [2.3293019, 6.3960384], [2.3292951, 6.3960402], [2.3292987, 6.3960515], [2.3292906, 6.3960524], [2.3292942, 6.3960606], [2.3292784, 6.3960506], [2.3292856, 6.3960479], [2.3292811, 6.3960407], [2.3292892, 6.3960438], [2.3292847, 6.396033], [2.329277, 6.396037], [2.3292721, 6.3960334], [2.3292707, 6.3960162], [2.3292757, 6.3960122], [2.3292662, 6.396014], [2.329264, 6.3960081], [2.3292739, 6.3960081], [2.329259, 6.3960026], [2.3292563, 6.396013], [2.3292617, 6.3960185], [2.3292463, 6.3960148], [2.3292386, 6.3960239], [2.329216, 6.396013], [2.3292219, 6.3959994], [2.3292274, 6.3960021], [2.3292337, 6.3959958], [2.3292405, 6.3960004], [2.3292491, 6.3959818], [2.3292617, 6.3959827], [2.3292487, 6.3959714], [2.3292423, 6.3959741], [2.3292432, 6.3959836], [2.3292319, 6.3959777], [2.3292364, 6.3959909], [2.3292315, 6.3959809], [2.3292111, 6.3959822], [2.329217, 6.3959777], [2.3292301, 6.3959809], [2.3292292, 6.395975], [2.3292215, 6.3959782], [2.3292184, 6.39597], [2.3292288, 6.3959655], [2.3292197, 6.395961], [2.3292247, 6.3959488], [2.3292193, 6.3959424], [2.3292179, 6.3959646], [2.329208, 6.3959546], [2.3292107, 6.395965], [2.3292034, 6.3959772], [2.3291908, 6.3959732], [2.3291975, 6.3959836], [2.3291849, 6.3959713], [2.329179, 6.3959718], [2.3291777, 6.3959795], [2.3291709, 6.3959754], [2.32917, 6.3959808], [2.3291632, 6.3959808], [2.3291487, 6.3959736], [2.3291487, 6.3959636], [2.3291451, 6.3959704], [2.3291384, 6.3959609], [2.3291334, 6.3959618], [2.3291307, 6.3959487], [2.3291221, 6.3959487], [2.3291216, 6.395941], [2.3290923, 6.3959142], [2.3290909, 6.3959197], [2.329086, 6.3959188], [2.3290873, 6.3959242], [2.3290814, 6.3959197], [2.3290756, 6.3959246], [2.3290579, 6.3959228], [2.3290552, 6.3959128], [2.3290493, 6.395925], [2.3290367, 6.3959137], [2.329043, 6.3959359], [2.3290376, 6.3959413], [2.3290416, 6.3959472], [2.3290475, 6.3959454], [2.3290515, 6.395959], [2.3290136, 6.3959625], [2.3290063, 6.3959725], [2.3289991, 6.3959657], [2.3290023, 6.3959711], [2.3289959, 6.3959734], [2.3289909, 6.3959919], [2.328995, 6.3960195], [2.3289999, 6.3960204], [2.329, 6.395991], [2.3290086, 6.3959874], [2.3290085, 6.3960245], [2.3290144, 6.3960394], [2.3290388, 6.3960236], [2.3290533, 6.3960232], [2.329061, 6.3960146], [2.3290953, 6.3960178], [2.329065, 6.3960187], [2.3290569, 6.3960272], [2.3290415, 6.3960277], [2.3290166, 6.3960435], [2.3290297, 6.3960521], [2.3290306, 6.3960824], [2.3290504, 6.396119], [2.3290635, 6.396129], [2.3290631, 6.3961403], [2.3290843, 6.3961801], [2.3290856, 6.3961964], [2.3290634, 6.3962217], [2.3290539, 6.3962131], [2.3290489, 6.3962217], [2.3290358, 6.3962135], [2.3290327, 6.3962221], [2.3290083, 6.3962216], [2.3289662, 6.3962379], [2.3289775, 6.3962424], [2.3289824, 6.3962736], [2.3289756, 6.3962908], [2.328986, 6.3963048], [2.3289801, 6.3963075], [2.3289774, 6.3963193], [2.3289896, 6.3963243], [2.3289864, 6.3963306], [2.3289982, 6.3963347], [2.3289999, 6.3963523]], [[2.3295756, 6.3964533], [2.3295731, 6.3964494], [2.329579, 6.3964494], [2.3295756, 6.3964533]], [[2.3295802, 6.3962416], [2.329586, 6.3962436], [2.329581, 6.3962473], [2.3295802, 6.3962416]], [[2.3294353, 6.3960304], [2.3294312, 6.3960164], [2.3294376, 6.3960178], [2.3294353, 6.3960304]], [[2.3294745, 6.3960743], [2.3294678, 6.3960807], [2.3294673, 6.3960721], [2.3294745, 6.3960743]], [[2.3294712, 6.3962889], [2.3294738, 6.3963032], [2.3294675, 6.3963032], [2.3294661, 6.3963086], [2.3294711, 6.3963082], [2.3294688, 6.3963045], [2.3294774, 6.3963073], [2.3294634, 6.396314], [2.3294657, 6.3963208], [2.3294503, 6.3963131], [2.3294485, 6.3963022], [2.3294553, 6.3963018], [2.3294611, 6.3963113], [2.3294639, 6.3963005], [2.3294503, 6.3962964], [2.3294621, 6.396286], [2.3294689, 6.3962878], [2.329468, 6.3962923], [2.3294712, 6.3962889]], [[2.3300345, 6.3966159], [2.3300281, 6.3966209], [2.3300281, 6.3966155], [2.3300345, 6.3966159]], [[2.3300006, 6.3965802], [2.3299997, 6.396586], [2.3299965, 6.3965811], [2.3300006, 6.3965802]], [[2.3299783, 6.3966959], [2.3299774, 6.3966905], [2.3299842, 6.3966909], [2.3299869, 6.3966846], [2.3299973, 6.3966882], [2.3299914, 6.3967018], [2.3299896, 6.3966905], [2.3299783, 6.3966959]], [[2.3299234, 6.396514], [2.3299202, 6.39651], [2.3299275, 6.3965032], [2.3299234, 6.396514]], [[2.3298809, 6.3964832], [2.3298778, 6.3964878], [2.3298764, 6.3964828], [2.3298809, 6.3964832]], [[2.329866, 6.3964841], [2.3298769, 6.3964859], [2.3298732, 6.3964918], [2.329866, 6.3964841]], [[2.3298665, 6.3964466], [2.3298688, 6.3964357], [2.3298724, 6.3964394], [2.3298665, 6.3964466]], [[2.3298264, 6.3966586], [2.3298409, 6.396655], [2.3298368, 6.396665], [2.3298282, 6.396665], [2.3298264, 6.3966586]], [[2.3298156, 6.3964108], [2.3298073, 6.3964117], [2.329811, 6.3964027], [2.3298156, 6.3964108]], [[2.3298157, 6.3964111], [2.3298227, 6.3964235], [2.3298118, 6.3964162], [2.3298157, 6.3964111]], [[2.3298092, 6.3966758], [2.3298138, 6.3966681], [2.3298174, 6.3966722], [2.3298092, 6.3966758]], [[2.3297749, 6.3966477], [2.3297717, 6.3966567], [2.3297672, 6.396654], [2.3297749, 6.3966477]], [[2.3297673, 6.3965762], [2.3297678, 6.3965668], [2.3297732, 6.3965668], [2.3297673, 6.3965762]], [[2.3297094, 6.3966295], [2.3296958, 6.3966354], [2.3297058, 6.3966268], [2.3297094, 6.3966295]], [[2.3296992, 6.3967787], [2.3296965, 6.3967855], [2.329687, 6.3967846], [2.3296911, 6.3967742], [2.3296992, 6.3967787]], [[2.3296994, 6.3963252], [2.3296895, 6.396317], [2.3296962, 6.3963139], [2.3296994, 6.3963252]], [[2.3296815, 6.396554], [2.3296873, 6.3965445], [2.3296828, 6.3965544], [2.32969, 6.3965526], [2.3296959, 6.3965603], [2.3296896, 6.3965748], [2.3296855, 6.3965675], [2.3296914, 6.3965621], [2.3296869, 6.396559], [2.3296851, 6.396563], [2.3296815, 6.396554]], [[2.3296739, 6.3968086], [2.3296689, 6.3968086], [2.3296698, 6.396814], [2.3296644, 6.3968072], [2.3296716, 6.3968045], [2.3296739, 6.3968086]], [[2.3296596, 6.3963346], [2.3296546, 6.3963351], [2.3296564, 6.396331], [2.3296596, 6.3963346]], [[2.3296389, 6.3962951], [2.3296307, 6.3962867], [2.3296348, 6.3962876], [2.3296393, 6.3962767], [2.3296497, 6.3962767], [2.3296506, 6.3962885], [2.3296407, 6.3962898], [2.3296389, 6.3962951]], [[2.3296392, 6.3962954], [2.3296438, 6.3962975], [2.3296429, 6.396293], [2.3296529, 6.3962903], [2.329647, 6.3963034], [2.3296392, 6.3962954]], [[2.3296194, 6.3962871], [2.3296135, 6.3962943], [2.3296144, 6.3962898], [2.329609, 6.3962898], [2.3296094, 6.396302], [2.3296004, 6.3963047], [2.3296063, 6.3962993], [2.3296031, 6.3962952], [2.3296076, 6.3962975], [2.3296054, 6.3962835], [2.3296194, 6.3962871]], [[2.3296007, 6.3963915], [2.3296044, 6.3963979], [2.3295967, 6.3963979], [2.3295908, 6.3964064], [2.3295863, 6.3963947], [2.3295922, 6.3963929], [2.3295949, 6.3963983], [2.3296007, 6.3963915]], [[2.3295095, 6.3959853], [2.3295163, 6.3960003], [2.3295285, 6.395998], [2.3295298, 6.3960039], [2.3295244, 6.3960012], [2.329523, 6.396008], [2.3295158, 6.3960093], [2.3295117, 6.3960021], [2.3295077, 6.3960088], [2.3295032, 6.3959953], [2.3295095, 6.3959853]], [[2.329494, 6.3964154], [2.3294809, 6.3964312], [2.3294782, 6.3964266], [2.329494, 6.3964154]], [[2.3294885, 6.3964542], [2.3294931, 6.396457], [2.3294872, 6.3964619], [2.3294885, 6.3964542]], [[2.3294827, 6.3960699], [2.3294872, 6.3960834], [2.329484, 6.3960879], [2.3294827, 6.3960699]], [[2.329484, 6.3960979], [2.3294863, 6.396102], [2.3294804, 6.3961056], [2.329484, 6.3960979]], [[2.3294652, 6.3959622], [2.3294684, 6.3959663], [2.3294639, 6.3959676], [2.3294652, 6.3959622]], [[2.3294101, 6.396257], [2.3294395, 6.396257], [2.3294368, 6.3962606], [2.3294418, 6.3962629], [2.3294508, 6.3962548], [2.3294476, 6.3962643], [2.3294589, 6.3962711], [2.3294508, 6.3962692], [2.329449, 6.3962738], [2.3294589, 6.3962751], [2.3294508, 6.3962787], [2.3294413, 6.3962715], [2.3294436, 6.3962783], [2.3294354, 6.3962742], [2.3294246, 6.3962846], [2.3294268, 6.3962742], [2.3294178, 6.3962787], [2.3294101, 6.396257]], [[2.329297, 6.3963531], [2.3292943, 6.3963559], [2.3293028, 6.3963636], [2.3292982, 6.3963529], [2.3293038, 6.3963523], [2.3292988, 6.3963477], [2.3293002, 6.3963432], [2.3293065, 6.3963482], [2.3293078, 6.3963446], [2.3293024, 6.3963233], [2.3293101, 6.3963292], [2.3293101, 6.3963193], [2.3293147, 6.3963193], [2.329311, 6.3963147], [2.3293196, 6.3963107], [2.3293151, 6.3963016], [2.3293188, 6.3962989], [2.3293205, 6.396308], [2.3293246, 6.3963043], [2.3293147, 6.396293], [2.3293305, 6.3962953], [2.3293355, 6.3963026], [2.3293441, 6.3962976], [2.3293468, 6.396303], [2.32935, 6.3962953], [2.3293545, 6.3963116], [2.3293599, 6.3963067], [2.3293536, 6.3963026], [2.3293585, 6.3962999], [2.329354, 6.3962908], [2.3293694, 6.3962899], [2.3293622, 6.3962827], [2.3293735, 6.3962868], [2.3293735, 6.3962922], [2.3293807, 6.3962859], [2.3293803, 6.3962814], [2.3293676, 6.3962831], [2.3293703, 6.3962795], [2.3293608, 6.3962682], [2.3293658, 6.3962732], [2.3293812, 6.3962714], [2.3293861, 6.3962805], [2.3293857, 6.3962728], [2.3293934, 6.3962737], [2.3293965, 6.3962918], [2.3294047, 6.3962868], [2.3294218, 6.3962977], [2.3294209, 6.3962905], [2.3294273, 6.3962896], [2.3294295, 6.3963004], [2.3294191, 6.3963103], [2.3294236, 6.3963153], [2.3294114, 6.396314], [2.3294137, 6.396323], [2.3294195, 6.3963235], [2.3294128, 6.3963257], [2.3294182, 6.3963311], [2.3294173, 6.3963406], [2.3294032, 6.3963442], [2.3294014, 6.3963497], [2.3294091, 6.3963578], [2.3294177, 6.3963488], [2.3294272, 6.3963502], [2.3294213, 6.3963637], [2.3294263, 6.3963705], [2.3294421, 6.3963723], [2.329438, 6.3963796], [2.3294443, 6.3963877], [2.3294344, 6.3963818], [2.3294375, 6.3963927], [2.3294199, 6.3964021], [2.3294253, 6.3964103], [2.3294158, 6.3964021], [2.3294113, 6.396427], [2.3294031, 6.3964247], [2.3294018, 6.3964166], [2.3293977, 6.3964184], [2.3294013, 6.3964116], [2.3293973, 6.3963962], [2.3293919, 6.3963976], [2.3293919, 6.3964053], [2.3293842, 6.3964035], [2.3293805, 6.3964166], [2.3293846, 6.3964166], [2.3293774, 6.396422], [2.3293841, 6.3964261], [2.3293855, 6.3964179], [2.3293936, 6.396441], [2.3293859, 6.3964383], [2.32939, 6.3964315], [2.3293805, 6.3964306], [2.3293764, 6.3964369], [2.3293755, 6.3964306], [2.3293683, 6.3964306], [2.3293652, 6.3964193], [2.3293751, 6.3964206], [2.3293724, 6.3964147], [2.3293625, 6.3964111], [2.3293634, 6.3964206], [2.3293561, 6.3964211], [2.3293525, 6.3964283], [2.3293412, 6.396421], [2.3293412, 6.396412], [2.3293358, 6.3964278], [2.3293263, 6.3964246], [2.3293299, 6.3964314], [2.3293254, 6.3964319], [2.329333, 6.3964391], [2.3293226, 6.3964332], [2.329324, 6.3964459], [2.3293204, 6.3964436], [2.3293181, 6.396449], [2.3293213, 6.39644], [2.3293172, 6.3964409], [2.3293168, 6.3964328], [2.3293109, 6.3964355], [2.3293055, 6.3964178], [2.3293019, 6.3964156], [2.3293032, 6.3964237], [2.3292978, 6.3964187], [2.3292937, 6.3964047], [2.3292978, 6.3964011], [2.3292928, 6.3964024], [2.329291, 6.3963952], [2.3292969, 6.3963893], [2.3292906, 6.3963884], [2.3292888, 6.3963803], [2.3292856, 6.3963861], [2.3292811, 6.3963825], [2.3292856, 6.396378], [2.3292789, 6.3963735], [2.3292829, 6.3963721], [2.329278, 6.3963685], [2.3292825, 6.3963653], [2.3292798, 6.3963567], [2.3292875, 6.3963595], [2.3292708, 6.3963509], [2.3292803, 6.3963527], [2.3292766, 6.3963477], [2.3292821, 6.3963463], [2.3292798, 6.3963391], [2.3292852, 6.3963414], [2.3292875, 6.396331], [2.3292916, 6.3963378], [2.3292875, 6.3963473], [2.3292934, 6.3963536], [2.3292925, 6.396345], [2.3292983, 6.3963464], [2.3292965, 6.3963531], [2.329297, 6.3963531]], [[2.329438, 6.3960088], [2.3294335, 6.3960078], [2.3294371, 6.3960047], [2.329438, 6.3960088]], [[2.3294335, 6.3960513], [2.3294307, 6.3960671], [2.3294262, 6.3960607], [2.3294312, 6.3960558], [2.3294285, 6.3960517], [2.3294335, 6.3960513]], [[2.3294281, 6.3960092], [2.3294317, 6.3960146], [2.3294254, 6.3960173], [2.3294281, 6.3960092]], [[2.3294249, 6.3960422], [2.3294208, 6.3960445], [2.329428, 6.3960485], [2.3294258, 6.3960585], [2.3294217, 6.396053], [2.3294181, 6.3960567], [2.3294208, 6.396063], [2.3294154, 6.3960576], [2.3294222, 6.3960476], [2.3294163, 6.3960426], [2.3294149, 6.3960494], [2.3294009, 6.3960404], [2.3294027, 6.3960476], [2.3293892, 6.3960485], [2.3293856, 6.3960367], [2.3293924, 6.3960236], [2.3293874, 6.396006], [2.3293951, 6.3960114], [2.3293933, 6.3960064], [2.3293983, 6.3960046], [2.3294082, 6.3960101], [2.3294172, 6.3960042], [2.3294163, 6.3960092], [2.3294254, 6.3960105], [2.3294245, 6.3960187], [2.329419, 6.3960196], [2.3294217, 6.3960291], [2.329429, 6.3960282], [2.3294267, 6.3960395], [2.3294172, 6.3960331], [2.3294249, 6.3960422]], [[2.32939, 6.3961303], [2.3294076, 6.3961344], [2.3293895, 6.3961376], [2.329399, 6.3961421], [2.3293994, 6.3961588], [2.3293868, 6.3961502], [2.32939, 6.3961303]], [[2.3294056, 6.3962855], [2.3293993, 6.3962787], [2.3293965, 6.3962827], [2.3293952, 6.3962764], [2.3294015, 6.3962737], [2.3294056, 6.3962855]], [[2.3293994, 6.3965156], [2.3293967, 6.3965215], [2.3293953, 6.3965147], [2.3293994, 6.3965156]], [[2.3293891, 6.3961027], [2.3293924, 6.3961097], [2.3293891, 6.3961118], [2.329394, 6.3961145], [2.3293933, 6.3961118], [2.3293958, 6.3961172], [2.3293949, 6.3961118], [2.3293999, 6.3961127], [2.329399, 6.396119], [2.3293886, 6.3961199], [2.3293891, 6.3961027]], [[2.3293922, 6.396124], [2.3293872, 6.3961276], [2.3293873, 6.3961204], [2.3293922, 6.396124]], [[2.3293818, 6.396455], [2.3293705, 6.3964582], [2.3293791, 6.3964491], [2.3293818, 6.396455]], [[2.3293641, 6.3965192], [2.3293682, 6.3964998], [2.3293777, 6.3965034], [2.3293809, 6.3964993], [2.3293723, 6.3965106], [2.3293687, 6.3965007], [2.3293641, 6.3965192]], [[2.329371, 6.3964401], [2.3293679, 6.3964346], [2.3293746, 6.3964396], [2.3293724, 6.3964527], [2.3293674, 6.3964482], [2.329366, 6.3964532], [2.3293633, 6.3964446], [2.329371, 6.3964401]], [[2.3293665, 6.3964695], [2.3293656, 6.396455], [2.3293732, 6.3964654], [2.3293683, 6.3964631], [2.3293665, 6.3964695]], [[2.3293565, 6.3964939], [2.3293597, 6.3964835], [2.3293633, 6.3964893], [2.3293587, 6.3964934], [2.3293651, 6.3964912], [2.3293673, 6.3965029], [2.3293642, 6.3964939], [2.3293592, 6.3964948], [2.3293619, 6.3965002], [2.3293574, 6.3964966], [2.3293569, 6.3965034], [2.3293488, 6.3964948], [2.3293565, 6.3964939]], [[2.3293519, 6.3965273], [2.3293515, 6.3965223], [2.329356, 6.3965255], [2.3293519, 6.3965273]], [[2.3293447, 6.3964884], [2.3293366, 6.3964902], [2.3293429, 6.3964839], [2.3293488, 6.3964916], [2.3293429, 6.3964925], [2.3293447, 6.3964884]], [[2.3293303, 6.3964482], [2.3293235, 6.3964364], [2.3293299, 6.3964396], [2.3293303, 6.3964482]], [[2.329291, 6.396075], [2.3293046, 6.3960846], [2.3292978, 6.3960918], [2.3292928, 6.3960859], [2.3293014, 6.3960832], [2.3292915, 6.3960787], [2.3292946, 6.3960832], [2.3292847, 6.3960832], [2.3292824, 6.3960786], [2.3292865, 6.3960809], [2.329291, 6.396075]], [[2.3292091, 6.3961247], [2.3292132, 6.3961242], [2.3292082, 6.3961183], [2.3292118, 6.3961174], [2.3292024, 6.396107], [2.3292091, 6.3961088], [2.3292064, 6.3960921], [2.3291893, 6.3960763], [2.3291961, 6.3960745], [2.3292074, 6.3960862], [2.3292078, 6.3960781], [2.3292155, 6.3960808], [2.3292137, 6.3960736], [2.3292254, 6.3960813], [2.3292196, 6.3960749], [2.3292241, 6.3960695], [2.3292277, 6.3960722], [2.3292228, 6.3960659], [2.3292327, 6.3960727], [2.3292259, 6.3960623], [2.329235, 6.3960732], [2.3292413, 6.3960718], [2.3292444, 6.3960885], [2.3292404, 6.3960903], [2.3292476, 6.3960913], [2.3292372, 6.3960962], [2.3292458, 6.3961021], [2.3292479, 6.3961008], [2.3292507, 6.3961098], [2.329253, 6.3961026], [2.3292485, 6.3961003], [2.3292548, 6.3960962], [2.3292489, 6.3960908], [2.3292584, 6.3960886], [2.3292453, 6.3960831], [2.3292521, 6.3960827], [2.3292458, 6.3960768], [2.3292549, 6.3960687], [2.3292467, 6.3960578], [2.3292399, 6.396061], [2.3292472, 6.3960686], [2.3292381, 6.3960655], [2.3292323, 6.3960537], [2.3292372, 6.3960564], [2.3292363, 6.3960505], [2.3292246, 6.3960419], [2.3292269, 6.3960388], [2.3292409, 6.396046], [2.3292336, 6.3960392], [2.3292377, 6.3960383], [2.3292472, 6.3960533], [2.3292522, 6.3960524], [2.329249, 6.396056], [2.3292585, 6.3960673], [2.3292535, 6.3960723], [2.3292603, 6.3960705], [2.329263, 6.3960836], [2.3292661, 6.39608], [2.3292612, 6.3960745], [2.3292698, 6.3960696], [2.3292747, 6.3960728], [2.3292702, 6.3960764], [2.3292709, 6.3960778], [2.329268, 6.3960782], [2.3292688, 6.3960859], [2.3292621, 6.396084], [2.3292652, 6.396089], [2.329253, 6.3960926], [2.3292607, 6.3960922], [2.329262, 6.3960985], [2.3292612, 6.3960908], [2.3292782, 6.3960935], [2.3292774, 6.3960949], [2.3292869, 6.3960972], [2.3292865, 6.396104], [2.3292765, 6.3961067], [2.3292724, 6.3960999], [2.329262, 6.3961062], [2.3292648, 6.3960999], [2.3292602, 6.3960985], [2.3292553, 6.3961066], [2.3292643, 6.396118], [2.3292738, 6.3961144], [2.3292742, 6.3961202], [2.3292674, 6.3961211], [2.3292733, 6.3961257], [2.3292765, 6.3961207], [2.329286, 6.3961347], [2.3292737, 6.3961419], [2.3292841, 6.3961442], [2.3292842, 6.396137], [2.3292927, 6.3961383], [2.3292873, 6.3961397], [2.3292891, 6.3961469], [2.3292737, 6.3961451], [2.3292773, 6.3961528], [2.3292882, 6.3961487], [2.3292859, 6.3961619], [2.3292742, 6.3961609], [2.3292701, 6.396146], [2.329262, 6.396146], [2.3292606, 6.3961383], [2.3292588, 6.3961446], [2.3292561, 6.3961397], [2.3292548, 6.3961446], [2.3292466, 6.3961419], [2.3292516, 6.3961496], [2.3292358, 6.3961442], [2.3292371, 6.3961377], [2.3292398, 6.3961442], [2.3292466, 6.3961419], [2.3292412, 6.3961401], [2.3292511, 6.3961374], [2.3292417, 6.3961329], [2.3292353, 6.3961338], [2.3292368, 6.3961372], [2.3292317, 6.3961342], [2.3292281, 6.3961351], [2.3292358, 6.3961405], [2.329229, 6.3961414], [2.3292285, 6.3961473], [2.3292236, 6.396145], [2.3292285, 6.3961378], [2.3292195, 6.396136], [2.3292236, 6.3961423], [2.3292127, 6.3961396], [2.3292195, 6.3961346], [2.3292091, 6.3961247]], [[2.3292765, 6.3960889], [2.3292905, 6.3960841], [2.329296, 6.396094], [2.3292919, 6.3961008], [2.3292801, 6.3960904], [2.3292783, 6.3960935], [2.3292765, 6.3960889]], [[2.3292774, 6.3961157], [2.3292851, 6.3961225], [2.3292787, 6.3961225], [2.3292774, 6.3961157]], [[2.3292737, 6.3961713], [2.3292782, 6.3961664], [2.3292773, 6.3961741], [2.3292737, 6.3961713]], [[2.329233, 6.3961545], [2.3292525, 6.3961582], [2.3292556, 6.396165], [2.3292606, 6.3961618], [2.3292584, 6.3961555], [2.329266, 6.3961596], [2.3292629, 6.3961663], [2.3292742, 6.3961754], [2.3292619, 6.3961745], [2.3292674, 6.3961831], [2.3292606, 6.3961862], [2.3292628, 6.3961921], [2.3292389, 6.396188], [2.3292317, 6.3961749], [2.3292402, 6.3961754], [2.3292253, 6.3961649], [2.3292434, 6.396165], [2.329233, 6.3961545]], [[2.3292565, 6.3961555], [2.3292507, 6.39615], [2.3292575, 6.3961505], [2.3292565, 6.3961555]], [[2.329225, 6.3959829], [2.3292278, 6.3959845], [2.329222, 6.395985], [2.3292174, 6.3959899], [2.3292215, 6.3959922], [2.3292124, 6.3959985], [2.3292125, 6.3959931], [2.329198, 6.3959908], [2.3292016, 6.3959867], [2.3292129, 6.3959926], [2.3292201, 6.3959868], [2.3292125, 6.3959904], [2.3292138, 6.3959836], [2.329225, 6.3959829]], [[2.3292159, 6.3964792], [2.3292258, 6.3964842], [2.3292163, 6.3964837], [2.3292159, 6.3964792]]], [[[2.3296643, 6.3965521], [2.3296643, 6.3965472], [2.3296543, 6.3965539], [2.3296507, 6.3965512], [2.3296503, 6.396558], [2.3296462, 6.3965553], [2.3296494, 6.3965476], [2.3296362, 6.3965566], [2.329643, 6.3965702], [2.3296326, 6.396577], [2.3296371, 6.3965829], [2.3296448, 6.3965765], [2.3296421, 6.3965978], [2.3296452, 6.3965878], [2.3296475, 6.3965937], [2.3296538, 6.3965906], [2.3296525, 6.3965992], [2.3296493, 6.396596], [2.3296461, 6.3966014], [2.3296547, 6.3966005], [2.3296538, 6.3965888], [2.3296583, 6.3965937], [2.3296674, 6.3965834], [2.3296611, 6.3965829], [2.3296584, 6.3965725], [2.3296584, 6.3965634], [2.3296643, 6.3965653], [2.3296643, 6.3965521]]], [[[2.3298447, 6.3968545], [2.3298397, 6.3968585], [2.3298474, 6.3968581], [2.3298447, 6.3968545]]], [[[2.3299764, 6.3967465], [2.3299714, 6.3967533], [2.3299751, 6.3967538], [2.3299674, 6.3967637], [2.3299714, 6.3967601], [2.3299741, 6.3967692], [2.32998, 6.3967683], [2.3299854, 6.3967769], [2.3299895, 6.3967741], [2.3299895, 6.3967791], [2.3299791, 6.39678], [2.3299895, 6.3967827], [2.3299976, 6.3967769], [2.32999, 6.3967728], [2.3299922, 6.3967615], [2.329985, 6.3967588], [2.329985, 6.3967502], [2.3299904, 6.3967488], [2.3299841, 6.3967457], [2.3299796, 6.3967538], [2.3299764, 6.3967465]]], [[[2.3296333, 6.3963221], [2.3296379, 6.3963188], [2.3296325, 6.396317], [2.3296333, 6.3963221]]], [[[2.3295538, 6.3962293], [2.3295571, 6.3962337], [2.329558, 6.3962287], [2.3295538, 6.3962293]]], [[[2.3295026, 6.3964963], [2.3295029, 6.3965004], [2.3295079, 6.3964959], [2.3295026, 6.3964963]]], [[[2.3300232, 6.3965879], [2.3300304, 6.3965865], [2.3300232, 6.3965865], [2.3300282, 6.3965802], [2.330021, 6.3965793], [2.3300232, 6.3965879]]], [[[2.3300131, 6.396705], [2.330014, 6.3966959], [2.3300185, 6.3967018], [2.3300154, 6.3966919], [2.3300077, 6.3967009], [2.3300131, 6.396705]]], [[[2.3300145, 6.3966874], [2.3300059, 6.3966941], [2.3300176, 6.396691], [2.3300145, 6.3966874]]], [[[2.3299909, 6.3967434], [2.3299864, 6.3967402], [2.3299846, 6.3967457], [2.3300013, 6.396743], [2.3300063, 6.3967371], [2.3299909, 6.3967434]]], [[[2.3298932, 6.3967501], [2.329891, 6.3967568], [2.3298959, 6.396755], [2.3298919, 6.3967559], [2.3298932, 6.3967501]]], [[[2.3298611, 6.3964222], [2.3298602, 6.3964262], [2.3298656, 6.3964249], [2.3298611, 6.3964222]]], [[[2.3298555, 6.3964252], [2.3298525, 6.3964167], [2.3298507, 6.3964267], [2.3298555, 6.3964252]]], [[[2.3298524, 6.3968576], [2.3298506, 6.3968513], [2.3298474, 6.3968549], [2.3298524, 6.3968576]]], [[[2.3298181, 6.3964529], [2.3298177, 6.3964569], [2.3298258, 6.3964547], [2.3298181, 6.3964529]]], [[[2.3298199, 6.3964687], [2.3298235, 6.3964615], [2.329819, 6.3964615], [2.3298199, 6.3964687]]], [[[2.3298146, 6.3969351], [2.3298166, 6.3969408], [2.3298211, 6.3969299], [2.3298165, 6.3969317], [2.3298211, 6.3969236], [2.3298008, 6.3969322], [2.3297981, 6.396929], [2.3297953, 6.3969385], [2.3298008, 6.3969331], [2.3298048, 6.3969399], [2.3298044, 6.3969317], [2.3298103, 6.3969426], [2.3298146, 6.3969351]], [[2.3298151, 6.396934], [2.3298163, 6.3969321], [2.3298198, 6.3969317], [2.3298151, 6.396934]]], [[[2.3298072, 6.3968232], [2.3298068, 6.3968313], [2.3298118, 6.3968313], [2.3298091, 6.3968241], [2.3298154, 6.3968237], [2.32981, 6.3968101], [2.3297996, 6.3968132], [2.3297982, 6.3968196], [2.3297991, 6.3968137], [2.3297883, 6.3968132], [2.3297928, 6.396815], [2.3297869, 6.3968168], [2.3297919, 6.396825], [2.3298032, 6.3968223], [2.3297968, 6.3968245], [2.3298, 6.3968322], [2.3298072, 6.3968232]]], [[[2.3297605, 6.3969529], [2.3297673, 6.3969507], [2.329765, 6.3969575], [2.3297637, 6.3969529], [2.3297564, 6.3969588], [2.3297546, 6.3969466], [2.3297551, 6.3969579], [2.3297469, 6.3969615], [2.3297442, 6.3969723], [2.329751, 6.3969705], [2.3297478, 6.3969764], [2.3297573, 6.3969773], [2.3297609, 6.3969882], [2.3297682, 6.3969855], [2.3297704, 6.3969737], [2.3297758, 6.3969765], [2.3297745, 6.396967], [2.3297808, 6.3969697], [2.3297777, 6.3969584], [2.3297908, 6.3969625], [2.329794, 6.3969539], [2.3297958, 6.3969584], [2.3298071, 6.3969512], [2.3298066, 6.3969453], [2.3297967, 6.3969512], [2.3297953, 6.3969403], [2.3297849, 6.3969407], [2.3297908, 6.3969344], [2.3297741, 6.396943], [2.3297732, 6.396933], [2.3297809, 6.3969299], [2.3297746, 6.3969258], [2.3297709, 6.3969407], [2.3297605, 6.3969529]], [[2.3297696, 6.3969425], [2.3297723, 6.3969466], [2.3297668, 6.3969484], [2.3297696, 6.3969425]]], [[[2.3297933, 6.396806], [2.3297905, 6.3968123], [2.3298064, 6.3968069], [2.3297933, 6.396806]]], [[[2.3297985, 6.3969688], [2.3298053, 6.3969629], [2.3298007, 6.3969643], [2.3298048, 6.3969539], [2.3297985, 6.3969688]]], [[[2.3297964, 6.3963951], [2.3297997, 6.3964004], [2.3297983, 6.3963909], [2.3297964, 6.3963951]]], [[[2.3297924, 6.3964022], [2.3297865, 6.3964058], [2.3297933, 6.3964108], [2.3297924, 6.3964022]]], [[[2.329768, 6.3963823], [2.329763, 6.3963908], [2.3297563, 6.396384], [2.3297603, 6.3963981], [2.3297671, 6.3964008], [2.3297621, 6.396404], [2.3297666, 6.3964148], [2.3297612, 6.3964157], [2.3297626, 6.3964211], [2.3297675, 6.3964157], [2.3297725, 6.396418], [2.3297712, 6.396408], [2.3297779, 6.3964085], [2.3297694, 6.3964008], [2.329773, 6.3963958], [2.3297888, 6.3963958], [2.3297816, 6.3964058], [2.3297924, 6.3963954], [2.3297888, 6.3963912], [2.3297924, 6.3963909], [2.3297902, 6.3963873], [2.3297883, 6.3963906], [2.3297811, 6.3963823], [2.329768, 6.3963823]]], [[[2.3297646, 6.3969145], [2.3297601, 6.396919], [2.3297673, 6.3969217], [2.329775, 6.3969163], [2.329784, 6.3969281], [2.3297881, 6.3969204], [2.3297813, 6.3969186], [2.3297899, 6.3969136], [2.3297841, 6.3969109], [2.3297836, 6.3968973], [2.3297786, 6.3969127], [2.3297764, 6.3968928], [2.3297665, 6.3968978], [2.3297728, 6.3969055], [2.3297637, 6.3969122], [2.3297583, 6.3969086], [2.3297587, 6.3969154], [2.3297646, 6.3969145]]], [[[2.3297799, 6.3966631], [2.329783, 6.3966667], [2.3297858, 6.3966595], [2.3297799, 6.3966631]]], [[[2.3297361, 6.3968773], [2.3297348, 6.396886], [2.3297484, 6.3968815], [2.3297448, 6.3968869], [2.3297493, 6.3968919], [2.3297375, 6.3968937], [2.3297348, 6.3968873], [2.3297326, 6.3968955], [2.3297375, 6.3968964], [2.3297276, 6.3969086], [2.3297353, 6.3969013], [2.3297389, 6.3969081], [2.3297434, 6.3969032], [2.3297384, 6.3968995], [2.3297429, 6.3968986], [2.3297456, 6.3969086], [2.3297556, 6.3968982], [2.3297515, 6.3968991], [2.3297529, 6.3968946], [2.3297741, 6.3968937], [2.3297791, 6.3968865], [2.329776, 6.3968806], [2.32978, 6.3968806], [2.3297751, 6.3968743], [2.3297688, 6.3968763], [2.3297697, 6.3968747], [2.3297624, 6.3968742], [2.3297547, 6.3968643], [2.3297529, 6.3968702], [2.3297629, 6.396877], [2.3297369, 6.3968769], [2.3297395, 6.3968756], [2.3297407, 6.3968661], [2.3297335, 6.3968787], [2.3297361, 6.3968773]], [[2.3297683, 6.3968773], [2.329776, 6.3968792], [2.3297705, 6.3968914], [2.3297696, 6.3968874], [2.329766, 6.3968928], [2.3297719, 6.3968792], [2.3297624, 6.3968887], [2.3297683, 6.3968773]]], [[[2.3297751, 6.3968657], [2.3297651, 6.3968697], [2.3297656, 6.3968616], [2.3297597, 6.3968598], [2.3297624, 6.3968724], [2.3297751, 6.3968657]]], [[[2.3297685, 6.3963755], [2.3297694, 6.39638], [2.3297744, 6.3963746], [2.3297685, 6.3963755]]], [[[2.329764, 6.3963845], [2.3297676, 6.3963746], [2.3297599, 6.3963768], [2.329764, 6.3963845]]], [[[2.3297639, 6.396422], [2.3297558, 6.3964243], [2.3297576, 6.3964284], [2.3297639, 6.396422]]], [[[2.3297535, 6.3964189], [2.3297585, 6.3964125], [2.3297522, 6.3964139], [2.3297535, 6.3964189]]], [[[2.329753, 6.3964392], [2.3297472, 6.3964397], [2.3297521, 6.3964437], [2.329753, 6.3964392]]], [[[2.32975, 6.3967236], [2.3297445, 6.3967282], [2.3297527, 6.3967282], [2.32975, 6.3967236]]], [[[2.3297386, 6.3964089], [2.3297458, 6.3964098], [2.3297422, 6.3964035], [2.3297386, 6.3964089]]], [[[2.3297422, 6.3964157], [2.329744, 6.3964103], [2.3297382, 6.3964139], [2.3297422, 6.3964157]]], [[[2.329738, 6.3967191], [2.3297373, 6.3967263], [2.3297409, 6.396715], [2.329738, 6.3967191]]], [[[2.3297331, 6.3968344], [2.3297236, 6.3968367], [2.3297317, 6.3968403], [2.3297331, 6.3968344]]], [[[2.3297305, 6.3964021], [2.3297332, 6.3963989], [2.3297287, 6.3963971], [2.3297305, 6.3964021]]], [[[2.3297109, 6.3968498], [2.3297136, 6.3968565], [2.3297023, 6.396852], [2.3297073, 6.3968448], [2.3297019, 6.3968425], [2.3296991, 6.3968565], [2.3297023, 6.3968525], [2.3297046, 6.3968561], [2.3297005, 6.3968624], [2.3297104, 6.3968683], [2.3297136, 6.396862], [2.3297141, 6.3968674], [2.329724, 6.3968638], [2.3297272, 6.3968511], [2.3297109, 6.3968498]]], [[[2.3297079, 6.3967335], [2.3297102, 6.3967263], [2.3296998, 6.3967295], [2.3297138, 6.3967444], [2.329712, 6.3967322], [2.3297183, 6.39672], [2.3297079, 6.3967335]]], [[[2.3297152, 6.3966512], [2.3297103, 6.3966526], [2.3297134, 6.3966576], [2.3297175, 6.3966571], [2.3297152, 6.3966512]]], [[[2.3296957, 6.3963953], [2.329702, 6.3963894], [2.3296934, 6.396393], [2.3296984, 6.3963989], [2.3297011, 6.3963944], [2.3296957, 6.3963953]]], [[[2.3296885, 6.396388], [2.3296939, 6.3963903], [2.3296871, 6.396384], [2.3296821, 6.3963953], [2.3296912, 6.3963989], [2.3296885, 6.396388]]], [[[2.329684, 6.3962994], [2.3296877, 6.3963098], [2.3296931, 6.3963026], [2.329684, 6.3962994]]], [[[2.3296858, 6.3963514], [2.3296899, 6.3963491], [2.329684, 6.3963414], [2.3296858, 6.3963514]]], [[[2.329689, 6.396658], [2.3296836, 6.3966544], [2.3296854, 6.3966625], [2.329689, 6.396658]]], [[[2.3296885, 6.3966946], [2.329684, 6.3966887], [2.3296799, 6.3966933], [2.3296885, 6.3966946]]], [[[2.3296799, 6.3966738], [2.3296849, 6.3966756], [2.3296876, 6.3966675], [2.3296799, 6.3966738]]], [[[2.3296818, 6.3966164], [2.3296768, 6.3966204], [2.3296814, 6.3966223], [2.3296818, 6.3966164]]], [[[2.3296817, 6.3963636], [2.3296813, 6.3963564], [2.3296763, 6.3963595], [2.32967, 6.3963518], [2.3296731, 6.3963649], [2.3296817, 6.3963636]]], [[[2.3296744, 6.3967869], [2.3296698, 6.3967918], [2.329673, 6.3967968], [2.3296793, 6.3967927], [2.3296735, 6.3967891], [2.3296798, 6.3967765], [2.3296681, 6.3967792], [2.3296762, 6.3967828], [2.3296721, 6.3967859], [2.3296595, 6.3967837], [2.3296744, 6.3967869]]], [[[2.3294688, 6.396683], [2.3294706, 6.3966889], [2.3294842, 6.3966821], [2.3294846, 6.396688], [2.3294941, 6.3966835], [2.3294923, 6.3966903], [2.3294964, 6.3966881], [2.3294991, 6.3966926], [2.3295086, 6.3966844], [2.3294986, 6.396684], [2.3294995, 6.3966795], [2.3294932, 6.3966826], [2.3294959, 6.3966763], [2.3294901, 6.3966731], [2.3294968, 6.3966736], [2.3294919, 6.3966672], [2.3295027, 6.3966559], [2.3295041, 6.3966695], [2.32951, 6.396665], [2.3295109, 6.3966713], [2.3295145, 6.396665], [2.3295176, 6.3966704], [2.3295226, 6.3966623], [2.3295208, 6.3966772], [2.3295249, 6.3966646], [2.3295253, 6.3966759], [2.3295303, 6.3966709], [2.3295312, 6.3966596], [2.3295366, 6.3966696], [2.329543, 6.3966592], [2.3295493, 6.3966628], [2.3295461, 6.3966578], [2.3295516, 6.3966524], [2.3295579, 6.3966605], [2.329562, 6.3966556], [2.3295626, 6.396648], [2.3295642, 6.3966538], [2.3295701, 6.3966538], [2.3295665, 6.3966642], [2.3295755, 6.3966651], [2.3295642, 6.396675], [2.3295588, 6.3966709], [2.3295633, 6.3966646], [2.3295574, 6.3966651], [2.3295484, 6.3966813], [2.3295461, 6.3966732], [2.3295538, 6.3966709], [2.3295448, 6.3966691], [2.3295458, 6.3966758], [2.3295402, 6.3966745], [2.3295411, 6.3966818], [2.3295459, 6.3966762], [2.329547, 6.3966831], [2.3295516, 6.3966839], [2.3295484, 6.3966886], [2.3295461, 6.3966831], [2.3295466, 6.3966913], [2.329557, 6.3966845], [2.3295534, 6.3966814], [2.329557, 6.3966709], [2.3295638, 6.3966755], [2.3295574, 6.39668], [2.3295601, 6.3966845], [2.3295669, 6.396675], [2.3295733, 6.396678], [2.3295705, 6.3966795], [2.3295759, 6.3966949], [2.3295805, 6.3966796], [2.3295764, 6.3966764], [2.3295736, 6.3966779], [2.3295723, 6.3966741], [2.3295791, 6.3966723], [2.3295805, 6.3966791], [2.3295855, 6.3966696], [2.3295864, 6.3966787], [2.3295909, 6.3966741], [2.3295922, 6.3966806], [2.3295936, 6.3966809], [2.3295977, 6.3966619], [2.3295877, 6.3966683], [2.3295837, 6.396661], [2.3295882, 6.3966551], [2.3295832, 6.3966565], [2.3295812, 6.3966488], [2.3295841, 6.3966484], [2.3295819, 6.3966438], [2.3295783, 6.3966465], [2.3295783, 6.3966366], [2.3295746, 6.3966497], [2.3295805, 6.3966489], [2.3295773, 6.3966556], [2.3295706, 6.3966506], [2.3295801, 6.3966303], [2.3295841, 6.3966375], [2.3295882, 6.3966353], [2.3295873, 6.3966438], [2.3295995, 6.3966448], [2.329599, 6.3966511], [2.3296054, 6.3966425], [2.3296081, 6.3966497], [2.3296122, 6.3966421], [2.3296027, 6.3966384], [2.3296022, 6.3966298], [2.3295964, 6.3966366], [2.3295923, 6.3966325], [2.3296081, 6.3966249], [2.329619, 6.3966272], [2.3296176, 6.3966312], [2.3296285, 6.3966267], [2.3296271, 6.3966457], [2.3296321, 6.3966401], [2.3296366, 6.3966421], [2.3296339, 6.3966471], [2.3296397, 6.3966475], [2.3296393, 6.3966403], [2.3296323, 6.3966399], [2.3296343, 6.3966376], [2.3296438, 6.3966426], [2.3296425, 6.3966367], [2.3296497, 6.3966353], [2.3296488, 6.396629], [2.329652, 6.3966326], [2.3296778, 6.3966005], [2.3296701, 6.3965969], [2.3296638, 6.3966096], [2.3296615, 6.3966028], [2.3296552, 6.3966078], [2.329657, 6.3966001], [2.3296375, 6.3966159], [2.3296303, 6.3966136], [2.3296353, 6.3966082], [2.329624, 6.3966113], [2.3296344, 6.3966068], [2.3296362, 6.3965955], [2.3296326, 6.3965942], [2.3296285, 6.3966055], [2.3296294, 6.3965969], [2.3296199, 6.3966023], [2.3296199, 6.3965937], [2.329614, 6.3966], [2.3296181, 6.3966104], [2.3296095, 6.3966068], [2.3296127, 6.396614], [2.3295996, 6.3966095], [2.3295815, 6.3966221], [2.3295787, 6.3966162], [2.3295774, 6.3966208], [2.3295647, 6.3966189], [2.329571, 6.3966294], [2.3295769, 6.396628], [2.3295697, 6.3966316], [2.3295683, 6.3966275], [2.3295683, 6.396637], [2.3295647, 6.3966334], [2.3295629, 6.3966379], [2.3295701, 6.3966411], [2.3295627, 6.3966472], [2.3295633, 6.3966393], [2.3295543, 6.3966461], [2.3295462, 6.3966347], [2.3295335, 6.3966411], [2.3295276, 6.3966392], [2.3295313, 6.3966343], [2.3295258, 6.3966329], [2.3295267, 6.3966261], [2.3295177, 6.3966279], [2.329518, 6.3966173], [2.3295132, 6.3966121], [2.3295096, 6.3966198], [2.3295037, 6.3966157], [2.3295037, 6.3966216], [2.3294879, 6.3966243], [2.329487, 6.3966157], [2.3294865, 6.3966211], [2.3294806, 6.3966206], [2.3294861, 6.3966247], [2.3294784, 6.3966234], [2.3294797, 6.3966356], [2.3294865, 6.3966351], [2.329486, 6.3966496], [2.3294765, 6.3966487], [2.3294752, 6.3966532], [2.3294811, 6.3966491], [2.3294887, 6.3966541], [2.3294901, 6.3966487], [2.3294996, 6.3966568], [2.3294919, 6.3966591], [2.3294901, 6.3966627], [2.3294951, 6.3966614], [2.3294842, 6.3966713], [2.3294833, 6.3966636], [2.3294779, 6.396664], [2.3294792, 6.3966699], [2.3294656, 6.3966776], [2.3294705, 6.3966811], [2.3294688, 6.396683]], [[2.3295407, 6.3966447], [2.3295462, 6.3966379], [2.3295462, 6.3966442], [2.3295407, 6.3966447]]], [[[2.3295185, 6.3966109], [2.3295277, 6.3966044], [2.3295204, 6.3966031], [2.3295222, 6.3965968], [2.3295227, 6.3965981], [2.3295281, 6.3965931], [2.3295277, 6.3965886], [2.3295232, 6.3965913], [2.32953, 6.3965787], [2.3295268, 6.3965759], [2.3295223, 6.3965795], [2.329525, 6.3965863], [2.3295191, 6.3965881], [2.3295214, 6.3965945], [2.3295137, 6.3965985], [2.3295195, 6.3965999], [2.3295141, 6.3966085], [2.3295186, 6.3966094], [2.3295185, 6.3966109]]], [[[2.3294959, 6.3966763], [2.329505, 6.3966722], [2.3295027, 6.3966691], [2.3294959, 6.3966763]]], [[[2.3296719, 6.3966218], [2.3296764, 6.3966223], [2.3296773, 6.3966146], [2.3296719, 6.3966218]]], [[[2.3296682, 6.3962814], [2.3296651, 6.3962872], [2.3296755, 6.3962917], [2.3296683, 6.3962814], [2.3296746, 6.3962799], [2.3296606, 6.3962731], [2.3296574, 6.396284], [2.3296682, 6.3962814]]], [[[2.3296624, 6.3962912], [2.3296678, 6.3962899], [2.3296637, 6.3962872], [2.3296624, 6.3962912]]], [[[2.3296631, 6.3960574], [2.3296609, 6.3960516], [2.3296581, 6.3960565], [2.3296631, 6.3960574]]], [[[2.3296509, 6.3963835], [2.3296487, 6.3963902], [2.3296532, 6.3963853], [2.3296568, 6.3963889], [2.3296591, 6.3963821], [2.3296509, 6.3963835]]], [[[2.3296292, 6.3966787], [2.3296397, 6.3966787], [2.3296429, 6.3966697], [2.3296356, 6.3966733], [2.3296334, 6.3966679], [2.3296261, 6.3966765], [2.3296311, 6.3966746], [2.3296292, 6.3966787]]], [[[2.3296425, 6.3965987], [2.3296385, 6.3965969], [2.3296421, 6.3965887], [2.3296366, 6.3965928], [2.3296357, 6.3966077], [2.3296425, 6.3965987]]], [[[2.3296389, 6.3965892], [2.3296349, 6.3965829], [2.3296299, 6.3965919], [2.3296389, 6.3965892]]], [[[2.3296327, 6.3965214], [2.3296358, 6.3965259], [2.3296381, 6.3965209], [2.3296327, 6.3965214]]], [[[2.3296077, 6.3966344], [2.3296104, 6.3966276], [2.3296031, 6.3966289], [2.3296077, 6.3966344]]], [[[2.3294616, 6.3966319], [2.3294657, 6.3966455], [2.3294716, 6.3966446], [2.3294707, 6.3966315], [2.3294616, 6.3966319]]], [[[2.3294707, 6.3966315], [2.329472, 6.3966337], [2.329477, 6.3966184], [2.3294847, 6.3966139], [2.329477, 6.3966098], [2.3294897, 6.3965786], [2.3295101, 6.3965696], [2.3295046, 6.3965813], [2.3294979, 6.39658], [2.3294924, 6.3965908], [2.329487, 6.3965899], [2.3294969, 6.3965922], [2.3294969, 6.3965981], [2.3295028, 6.3965868], [2.3294997, 6.396599], [2.3295051, 6.3966003], [2.3295024, 6.396594], [2.3295128, 6.396589], [2.3295141, 6.3965791], [2.329525, 6.3965773], [2.3295227, 6.3965696], [2.3295322, 6.396571], [2.3295291, 6.3965777], [2.3295399, 6.396571], [2.3295431, 6.3965746], [2.329549, 6.3965592], [2.3295512, 6.3965674], [2.3295517, 6.3965601], [2.3295553, 6.396566], [2.3295598, 6.3965611], [2.329553, 6.3965705], [2.3295612, 6.3965796], [2.329553, 6.3965922], [2.3295575, 6.3965864], [2.3295648, 6.3965882], [2.3295613, 6.3965959], [2.3295684, 6.3965986], [2.3295681, 6.3966062], [2.3295607, 6.3966045], [2.3295639, 6.3966004], [2.3295516, 6.3966054], [2.3295512, 6.3965972], [2.3295449, 6.3966063], [2.3295507, 6.3966004], [2.3295521, 6.3966094], [2.3295471, 6.3966121], [2.3295534, 6.3966108], [2.3295543, 6.3966239], [2.3295643, 6.3966266], [2.3295593, 6.3966117], [2.3295643, 6.3966085], [2.329567, 6.3966126], [2.329568, 6.3966108], [2.3295679, 6.3966131], [2.3295751, 6.3966131], [2.3295715, 6.3966171], [2.3295801, 6.396614], [2.3295738, 6.3966022], [2.3295905, 6.3965953], [2.329591, 6.3966036], [2.3295959, 6.3966099], [2.3296045, 6.3966], [2.3296, 6.3965995], [2.3296009, 6.396591], [2.3295973, 6.3965991], [2.3295909, 6.3965952], [2.3295969, 6.3965928], [2.3295987, 6.3965864], [2.3295928, 6.3965819], [2.3295969, 6.3965729], [2.3295869, 6.3965796], [2.3295802, 6.3965728], [2.3295765, 6.3965837], [2.3295711, 6.3965796], [2.3295752, 6.396576], [2.3295693, 6.3965697], [2.3295757, 6.3965602], [2.329573, 6.3965498], [2.3295608, 6.396547], [2.3295639, 6.3965403], [2.3295689, 6.3965412], [2.3295707, 6.3965312], [2.3295644, 6.3965362], [2.3295656, 6.3965322], [2.3295612, 6.3965335], [2.3295617, 6.3965285], [2.3295656, 6.396532], [2.3295703, 6.3965163], [2.3295653, 6.3965186], [2.3295676, 6.3965122], [2.3295622, 6.3965063], [2.3295594, 6.3965235], [2.3295562, 6.3965243], [2.3295558, 6.3965235], [2.3295561, 6.3965243], [2.3295517, 6.3965253], [2.3295527, 6.3965185], [2.3295436, 6.396533], [2.3295472, 6.3965393], [2.3295549, 6.3965339], [2.3295508, 6.3965375], [2.3295562, 6.3965371], [2.329554, 6.3965425], [2.3295336, 6.3965502], [2.3295359, 6.3965393], [2.3295264, 6.3965493], [2.3295277, 6.3965583], [2.3295359, 6.3965633], [2.3295264, 6.3965601], [2.3295214, 6.3965655], [2.329521, 6.3965606], [2.3295133, 6.3965687], [2.3295087, 6.3965619], [2.3295164, 6.3965565], [2.3295169, 6.3965488], [2.329507, 6.3965424], [2.3295042, 6.3965465], [2.3295133, 6.3965479], [2.3295047, 6.3965547], [2.3295033, 6.3965429], [2.3294988, 6.396551], [2.3294979, 6.3965456], [2.3294834, 6.3965704], [2.3294658, 6.396584], [2.329468, 6.396593], [2.3294617, 6.3965976], [2.3294576, 6.3965939], [2.3294499, 6.3966093], [2.3294657, 6.3966043], [2.3294662, 6.3966161], [2.3294576, 6.3966093], [2.3294526, 6.3966179], [2.3294594, 6.3966152], [2.3294594, 6.3966301], [2.3294625, 6.3966238], [2.3294666, 6.3966279], [2.3294662, 6.3966175], [2.3294739, 6.3966179], [2.329468, 6.396627], [2.3294707, 6.3966315]], [[2.3295589, 6.3965293], [2.3295626, 6.3965267], [2.3295599, 6.3965312], [2.3295589, 6.3965293]]], [[[2.3295972, 6.3966615], [2.329599, 6.3966556], [2.3295945, 6.3966556], [2.3295972, 6.3966615]]], [[[2.3295918, 6.3966628], [2.3295909, 6.3966552], [2.3295877, 6.3966601], [2.3295918, 6.3966628]]], [[[2.329561, 6.3960284], [2.329565, 6.3960269], [2.32957, 6.3960379], [2.3295745, 6.3960347], [2.3295736, 6.396041], [2.3295782, 6.3960325], [2.3295658, 6.3960266], [2.3295723, 6.3960243], [2.3295782, 6.3960139], [2.3295574, 6.3960161], [2.329561, 6.3960284]]], [[[2.3295642, 6.3966872], [2.3295683, 6.3966918], [2.3295683, 6.39668], [2.3295642, 6.3966872]]], [[[2.3295587, 6.3960351], [2.3295628, 6.3960333], [2.3295632, 6.3960379], [2.3295623, 6.3960279], [2.3295587, 6.3960351]]], [[[2.3295511, 6.3966972], [2.3295556, 6.3966981], [2.3295579, 6.3966908], [2.3295511, 6.3966972]]], [[[2.329556, 6.3966994], [2.3295511, 6.3966994], [2.329552, 6.3967053], [2.329556, 6.3966994]]], [[[2.3295477, 6.3964873], [2.3295527, 6.3964882], [2.329555, 6.3964815], [2.3295477, 6.3964873]]], [[[2.3295414, 6.396509], [2.3295491, 6.3965036], [2.3295454, 6.3964986], [2.3295513, 6.3964914], [2.3295459, 6.3964887], [2.3295355, 6.3965018], [2.3295364, 6.3965054], [2.3295436, 6.3965], [2.3295414, 6.396509]]], [[[2.3295471, 6.39659], [2.3295358, 6.3966053], [2.3295489, 6.396599], [2.3295471, 6.39659]]], [[[2.3295422, 6.3965277], [2.3295454, 6.396528], [2.3295423, 6.396523], [2.3295422, 6.3965277]]], [[[2.3295343, 6.3960636], [2.3295284, 6.3960523], [2.3295306, 6.39606], [2.3295248, 6.3960577], [2.3295374, 6.3960794], [2.3295383, 6.3960726], [2.3295455, 6.3960727], [2.3295343, 6.3960636]]], [[[2.3295289, 6.3966799], [2.3295393, 6.39668], [2.3295353, 6.3966745], [2.3295289, 6.3966799]]], [[[2.3295381, 6.39659], [2.3295327, 6.3965909], [2.3295372, 6.3965949], [2.3295381, 6.39659]]], [[[2.3295345, 6.3965895], [2.3295367, 6.3965836], [2.3295327, 6.3965809], [2.3295345, 6.3965895]]], [[[2.329529, 6.3965927], [2.3295268, 6.3966013], [2.3295322, 6.396599], [2.329529, 6.3965927]]], [[[2.3295204, 6.3966135], [2.3295236, 6.3966162], [2.329525, 6.3966117], [2.3295204, 6.3966135]]], [[[2.3295184, 6.3960631], [2.3295166, 6.396069], [2.3295229, 6.396069], [2.3295184, 6.3960631]]], [[[2.3295174, 6.3965361], [2.3295106, 6.3965411], [2.3295133, 6.3965447], [2.3295174, 6.3965361]]], [[[2.3295082, 6.3965985], [2.3295037, 6.396603], [2.32951, 6.396613], [2.329515, 6.3966058], [2.3295082, 6.3965985]]], [[[2.3295078, 6.3965985], [2.3295146, 6.3965972], [2.3295146, 6.3965917], [2.3295078, 6.3965985]]], [[[2.3295135, 6.3960618], [2.3295058, 6.3960581], [2.3295053, 6.3960627], [2.3295135, 6.3960618]]], [[[2.3295043, 6.396509], [2.3295111, 6.3965063], [2.3295106, 6.3964995], [2.3295052, 6.396499], [2.3295043, 6.396509]]], [[[2.3295068, 6.3966822], [2.3295104, 6.3966713], [2.3295027, 6.3966808], [2.3295068, 6.3966822]]], [[[2.3294995, 6.3960247], [2.3295063, 6.3960301], [2.3295049, 6.396022], [2.3294995, 6.3960247]]], [[[2.3294951, 6.396608], [2.3294852, 6.3966134], [2.3294906, 6.3966121], [2.3294906, 6.3966188], [2.3294974, 6.3966134], [2.329491, 6.3966125], [2.3294951, 6.396608]]], [[[2.3294969, 6.396622], [2.3294956, 6.3966152], [2.3294924, 6.3966207], [2.3294969, 6.396622]]], [[[2.3294875, 6.3965931], [2.3294825, 6.3966017], [2.3294915, 6.3965962], [2.3294875, 6.3965931]]], [[[2.3294841, 6.3960382], [2.3294791, 6.3960418], [2.3294882, 6.3960549], [2.3294859, 6.3960459], [2.3294918, 6.3960427], [2.3294841, 6.3960382]]], [[[2.3294905, 6.3966586], [2.329481, 6.396655], [2.3294856, 6.3966577], [2.3294788, 6.3966613], [2.3294905, 6.3966586]]], [[[2.3294729, 6.3966428], [2.3294774, 6.396641], [2.3294815, 6.3966482], [2.3294838, 6.3966442], [2.3294747, 6.3966374], [2.3294729, 6.3966428]]], [[[2.3294769, 6.3960491], [2.3294823, 6.3960549], [2.3294818, 6.3960477], [2.3294769, 6.3960491]]], [[[2.3294752, 6.3966654], [2.3294801, 6.3966582], [2.3294607, 6.3966667], [2.3294752, 6.3966654]]], [[[2.3294773, 6.396035], [2.3294724, 6.3960341], [2.3294755, 6.3960432], [2.3294773, 6.396035]]], [[[2.3294678, 6.3960504], [2.3294674, 6.3960459], [2.3294651, 6.3960522], [2.3294723, 6.3960536], [2.3294764, 6.396045], [2.3294678, 6.3960504]]], [[[2.3294696, 6.39665], [2.3294616, 6.396655], [2.3294684, 6.39666], [2.3294738, 6.3966568], [2.3294696, 6.39665]]], [[[2.3294742, 6.39604], [2.3294705, 6.3960359], [2.3294656, 6.3960377], [2.3294742, 6.39604]]], [[[2.3294539, 6.3966803], [2.3294485, 6.3966785], [2.3294693, 6.3966713], [2.3294607, 6.3966708], [2.3294571, 6.3966622], [2.3294471, 6.3966622], [2.3294525, 6.396674], [2.3294458, 6.3966753], [2.3294458, 6.3966703], [2.3294448, 6.3966767], [2.3294399, 6.3966753], [2.3294385, 6.3966893], [2.3294462, 6.3966871], [2.3294493, 6.396693], [2.3294539, 6.3966803]]], [[[2.3294593, 6.396683], [2.3294629, 6.3966884], [2.3294674, 6.3966835], [2.3294656, 6.3966785], [2.3294593, 6.396683]]], [[[2.3294669, 6.3960423], [2.3294597, 6.3960355], [2.3294511, 6.3960499], [2.3294588, 6.3960517], [2.3294669, 6.3960423]]], [[[2.329458, 6.3966622], [2.3294612, 6.3966468], [2.3294657, 6.3966482], [2.3294567, 6.3966401], [2.3294503, 6.3966477], [2.3294512, 6.3966581], [2.329458, 6.3966622]]], [[[2.3294596, 6.3964443], [2.3294655, 6.3964307], [2.3294565, 6.3964406], [2.3294596, 6.3964443]]], [[[2.3294407, 6.396636], [2.329439, 6.3966382], [2.3294377, 6.3966337], [2.3294322, 6.39664], [2.3294368, 6.3966405], [2.3294349, 6.3966477], [2.3294399, 6.3966437], [2.3294376, 6.3966504], [2.329425, 6.3966518], [2.3294196, 6.3966585], [2.3294241, 6.3966622], [2.3294254, 6.396654], [2.329429, 6.396659], [2.329434, 6.3966554], [2.329434, 6.396664], [2.3294345, 6.3966581], [2.3294476, 6.396655], [2.3294494, 6.3966459], [2.3294449, 6.3966455], [2.329458, 6.396636], [2.3294407, 6.396636]]], [[[2.3294555, 6.3964465], [2.3294352, 6.3964691], [2.329441, 6.3964696], [2.3294555, 6.3964465]]], [[[2.3294549, 6.3966138], [2.3294476, 6.3966111], [2.3294445, 6.3966179], [2.3294549, 6.3966138]]], [[[2.3294391, 6.3962679], [2.3294436, 6.3962652], [2.3294386, 6.3962633], [2.3294391, 6.3962679]]], [[[2.3294376, 6.396671], [2.3294317, 6.3966726], [2.3294344, 6.3966812], [2.3294376, 6.396671]]], [[[2.329438, 6.3966697], [2.3294417, 6.3966577], [2.3294358, 6.3966654], [2.329438, 6.3966697]]], [[[2.3294281, 6.3963823], [2.3294262, 6.396389], [2.3294317, 6.3963868], [2.3294281, 6.3963823]]], [[[2.3294089, 6.3964799], [2.3294125, 6.3964858], [2.3294202, 6.3964826], [2.3294184, 6.3964759], [2.3294089, 6.3964799]]], [[[2.3294098, 6.3961756], [2.3294102, 6.3961702], [2.3293999, 6.3961665], [2.3294021, 6.3961747], [2.3294075, 6.3961715], [2.3294098, 6.3961756]]], [[[2.3293829, 6.396299], [2.3293829, 6.3963076], [2.3293879, 6.3963053], [2.3293847, 6.3963153], [2.3293942, 6.3963166], [2.3293938, 6.3963103], [2.3294042, 6.3963112], [2.3294001, 6.3963072], [2.3294069, 6.3962922], [2.329401, 6.3962913], [2.3294006, 6.3963049], [2.3293829, 6.396299]], [[2.3293947, 6.3963058], [2.3293911, 6.3963121], [2.3293879, 6.396309], [2.3293947, 6.3963058]]], [[[2.3293989, 6.3961792], [2.329398, 6.3961851], [2.3293921, 6.3961796], [2.3293858, 6.3961846], [2.3294016, 6.3961869], [2.3294057, 6.3961805], [2.3293989, 6.3961792]]], [[[2.3293915, 6.3959757], [2.3293987, 6.3959766], [2.3293947, 6.3959599], [2.3293956, 6.3959653], [2.3293906, 6.3959653], [2.3293915, 6.3959757]]], [[[2.3293908, 6.3961394], [2.3293899, 6.3961471], [2.3293976, 6.3961516], [2.3293908, 6.3961394]]], [[[2.3293957, 6.3965468], [2.329389, 6.39654], [2.329389, 6.3965468], [2.3293957, 6.3965468]]], [[[2.3293743, 6.3959612], [2.3293933, 6.3959639], [2.3293902, 6.3959576], [2.3293743, 6.3959612]]], [[[2.329374, 6.3962149], [2.329374, 6.3962221], [2.3293785, 6.3962226], [2.3293808, 6.396218], [2.329374, 6.3962149]]], [[[2.3293655, 6.3965386], [2.32936, 6.39654], [2.3293605, 6.3965459], [2.3293654, 6.3965459], [2.3293655, 6.3965386]]], [[[2.3293451, 6.39654], [2.3293393, 6.396525], [2.3293334, 6.3965309], [2.3293397, 6.3965481], [2.3293451, 6.39654]]], [[[2.3290428, 6.3966313], [2.3290407, 6.3966368], [2.3290561, 6.3966404], [2.3290547, 6.3966323], [2.3290464, 6.3966303], [2.3290448, 6.3966264], [2.3290593, 6.396626], [2.3290597, 6.3966214], [2.3290683, 6.3966296], [2.3290765, 6.3966242], [2.3290724, 6.3966305], [2.3290819, 6.3966364], [2.3290733, 6.3966427], [2.3290886, 6.3966432], [2.3290886, 6.3966491], [2.3290941, 6.3966486], [2.3290907, 6.3966576], [2.3290805, 6.3966563], [2.3290886, 6.3966626], [2.3290898, 6.3966601], [2.3290868, 6.3966681], [2.32909, 6.3966712], [2.3290845, 6.3966753], [2.3290877, 6.3966816], [2.32908, 6.396683], [2.3290782, 6.3966916], [2.3290678, 6.3966902], [2.3290728, 6.396683], [2.3290592, 6.3966888], [2.329056, 6.3966807], [2.3290551, 6.3966848], [2.3290348, 6.3966743], [2.3290538, 6.3966712], [2.3290547, 6.3966667], [2.3290579, 6.3966721], [2.3290592, 6.3966644], [2.3290723, 6.3966649], [2.3290746, 6.3966549], [2.3290841, 6.3966477], [2.3290733, 6.3966527], [2.3290719, 6.3966463], [2.3290687, 6.3966531], [2.3290588, 6.3966526], [2.3290611, 6.3966441], [2.3290561, 6.3966454], [2.3290556, 6.3966409], [2.3290525, 6.396645], [2.3290461, 6.3966382], [2.3290371, 6.3966409], [2.3290461, 6.3966418], [2.3290497, 6.3966504], [2.3290384, 6.396654], [2.3290416, 6.396659], [2.3290366, 6.3966675], [2.3290298, 6.3966626], [2.3290321, 6.396673], [2.3290235, 6.3966784], [2.329028, 6.396682], [2.3290361, 6.3966752], [2.3290321, 6.3966915], [2.3290379, 6.3966883], [2.3290393, 6.3966956], [2.329047, 6.3966988], [2.3290515, 6.3966893], [2.3290515, 6.3966965], [2.3290687, 6.3966992], [2.3290759, 6.3966952], [2.3290818, 6.3967011], [2.3290899, 6.3967007], [2.3290838, 6.3967067], [2.3290809, 6.3967011], [2.3290768, 6.3967074], [2.3290687, 6.3967069], [2.3290818, 6.3967133], [2.3290849, 6.3967088], [2.3290839, 6.3967069], [2.3290953, 6.3967042], [2.32909, 6.3967007], [2.3290999, 6.3967002], [2.3290994, 6.3967061], [2.3291039, 6.3967015], [2.3291103, 6.3967074], [2.3291075, 6.3966988], [2.3291152, 6.3966988], [2.3291139, 6.3967034], [2.3291202, 6.3967002], [2.3291121, 6.3967092], [2.3291261, 6.396702], [2.3291243, 6.3967124], [2.3291396, 6.3967156], [2.3291315, 6.3967287], [2.329136, 6.3967323], [2.3291378, 6.3967283], [2.3291373, 6.3967346], [2.3291459, 6.3967278], [2.3291405, 6.3967265], [2.3291401, 6.396717], [2.3291446, 6.3967201], [2.3291478, 6.3967116], [2.3291559, 6.3967093], [2.3291491, 6.3967079], [2.32915, 6.3966989], [2.3291428, 6.3966916], [2.329155, 6.3966948], [2.3291537, 6.3967012], [2.3291573, 6.3966962], [2.3291677, 6.3967012], [2.3291735, 6.3967184], [2.3291654, 6.3967152], [2.3291699, 6.3967211], [2.3291645, 6.3967247], [2.329174, 6.3967247], [2.3291709, 6.3967319], [2.3291749, 6.3967319], [2.3291726, 6.3967374], [2.3291706, 6.3967326], [2.3291667, 6.3967419], [2.3291608, 6.3967373], [2.3291636, 6.396731], [2.3291563, 6.3967364], [2.3291701, 6.3967592], [2.3291717, 6.3967568], [2.3291748, 6.3967668], [2.3291765, 6.3967658], [2.3291753, 6.39676], [2.3291803, 6.3967627], [2.329178, 6.3967649], [2.3291834, 6.3967618], [2.3291875, 6.3967677], [2.3291866, 6.3967568], [2.329197, 6.3967564], [2.3292033, 6.3967473], [2.3291984, 6.3967437], [2.3292124, 6.3967383], [2.329216, 6.3967243], [2.3292223, 6.3967279], [2.3292201, 6.3967347], [2.3292251, 6.3967315], [2.3292106, 6.3967474], [2.3292155, 6.3967528], [2.3292092, 6.3967537], [2.3292074, 6.3967582], [2.3292121, 6.3967602], [2.3292169, 6.3967514], [2.3292178, 6.3967582], [2.3292323, 6.3967406], [2.3292259, 6.3967388], [2.3292368, 6.3967356], [2.3292133, 6.396765], [2.3292128, 6.3967722], [2.3292191, 6.3967722], [2.3292255, 6.3967628], [2.3292236, 6.3967736], [2.3292322, 6.3967718], [2.3292304, 6.3967822], [2.329239, 6.3967845], [2.3292286, 6.3967931], [2.3292272, 6.3967894], [2.3292259, 6.3968003], [2.3292191, 6.3967894], [2.3292141, 6.3967921], [2.3292155, 6.3967994], [2.3292295, 6.3968026], [2.3292277, 6.3967967], [2.3292385, 6.3967949], [2.3292281, 6.3968057], [2.3292385, 6.3968062], [2.3292394, 6.3968197], [2.3292313, 6.396813], [2.3292313, 6.3968206], [2.3292286, 6.396817], [2.3292222, 6.3968247], [2.3292227, 6.3968184], [2.3292186, 6.3968238], [2.3292159, 6.3968193], [2.3292087, 6.3968297], [2.329224, 6.3968383], [2.3292281, 6.3968288], [2.3292371, 6.3968243], [2.329248, 6.3968279], [2.3292534, 6.396822], [2.3292453, 6.3967985], [2.3292512, 6.3967881], [2.3292598, 6.3967904], [2.3292688, 6.3967813], [2.3292734, 6.3967899], [2.3292765, 6.3967814], [2.3292765, 6.3967945], [2.3292883, 6.3967809], [2.3292851, 6.3967696], [2.3292892, 6.3967665], [2.3292928, 6.3967719], [2.329296, 6.3967656], [2.3292969, 6.3967701], [2.3293069, 6.3967538], [2.3293055, 6.3967484], [2.329301, 6.3967552], [2.329291, 6.3967502], [2.3292906, 6.3967565], [2.3292879, 6.396747], [2.3292802, 6.3967511], [2.3292806, 6.3967664], [2.3292711, 6.3967719], [2.3292711, 6.3967832], [2.3292707, 6.3967764], [2.3292634, 6.396775], [2.3292684, 6.3967755], [2.3292693, 6.3967687], [2.3292607, 6.3967682], [2.3292643, 6.3967709], [2.3292512, 6.3967782], [2.3292521, 6.3967736], [2.3292408, 6.3967736], [2.3292476, 6.3967596], [2.3292544, 6.3967596], [2.3292526, 6.3967628], [2.329263, 6.3967565], [2.329258, 6.3967519], [2.3292553, 6.3967587], [2.3292499, 6.3967569], [2.3292562, 6.3967524], [2.3292535, 6.3967474], [2.3292427, 6.3967537], [2.3292594, 6.3967415], [2.3292549, 6.3967397], [2.3292608, 6.3967339], [2.3292599, 6.3967257], [2.3292544, 6.3967284], [2.3292517, 6.3967298], [2.3292463, 6.3967112], [2.3292554, 6.3967144], [2.3292526, 6.3967207], [2.3292563, 6.3967185], [2.329259, 6.3967085], [2.3292626, 6.3967099], [2.3292581, 6.3966959], [2.3292721, 6.3966991], [2.3292681, 6.396695], [2.329273, 6.3966905], [2.3292626, 6.3966859], [2.3292654, 6.3966764], [2.3292767, 6.3966796], [2.3292825, 6.3966715], [2.3292825, 6.3966769], [2.3292893, 6.3966783], [2.3292921, 6.3966634], [2.3293061, 6.3966598], [2.3293061, 6.396653], [2.3293111, 6.3966539], [2.3293351, 6.3966195], [2.3293278, 6.3966155], [2.3293301, 6.3966213], [2.3293269, 6.3966164], [2.3293219, 6.3966204], [2.329326, 6.3966091], [2.3293161, 6.396624], [2.3293188, 6.3966182], [2.3293129, 6.3966218], [2.3293066, 6.3966123], [2.3293043, 6.3966276], [2.3292971, 6.3966245], [2.3292912, 6.3966335], [2.3292831, 6.3966181], [2.3292781, 6.3966263], [2.3292632, 6.3966222], [2.329265, 6.396629], [2.3292722, 6.3966294], [2.3292659, 6.3966308], [2.3292713, 6.3966376], [2.3292645, 6.3966416], [2.3292668, 6.3966357], [2.3292614, 6.3966321], [2.3292559, 6.3966362], [2.329255, 6.3966317], [2.3292586, 6.3966253], [2.3292618, 6.396628], [2.3292605, 6.3966167], [2.3292532, 6.3966231], [2.3292487, 6.396614], [2.3292465, 6.3966172], [2.3292433, 6.3966117], [2.3292361, 6.3966181], [2.3292279, 6.3966086], [2.329227, 6.396619], [2.3292144, 6.3966171], [2.3292152, 6.3966248], [2.3292103, 6.3966262], [2.3292175, 6.3966289], [2.3292084, 6.3966424], [2.3292211, 6.3966565], [2.3292197, 6.3966646], [2.329208, 6.3966569], [2.3291989, 6.3966646], [2.3292016, 6.3966583], [2.3291863, 6.3966515], [2.3291926, 6.3966497], [2.3291876, 6.3966478], [2.3291962, 6.3966338], [2.3291917, 6.3966248], [2.329199, 6.3966284], [2.3291967, 6.3966212], [2.329203, 6.396623], [2.3291899, 6.3966139], [2.3291972, 6.3966044], [2.3291945, 6.3965968], [2.3292017, 6.3965999], [2.3291981, 6.3965918], [2.3292031, 6.3965877], [2.3291913, 6.3965886], [2.3291904, 6.3965782], [2.3291778, 6.3965746], [2.3291769, 6.3965687], [2.329181, 6.3965705], [2.3291755, 6.3965637], [2.3291728, 6.3965678], [2.3291719, 6.3965633], [2.3291566, 6.3965628], [2.329148, 6.3965723], [2.3291385, 6.3965668], [2.3291416, 6.3965709], [2.3291357, 6.3965709], [2.3291344, 6.3965655], [2.3291245, 6.3965659], [2.3291276, 6.3965582], [2.3291159, 6.3965519], [2.3291068, 6.3965587], [2.3291123, 6.3965569], [2.329119, 6.3965655], [2.3291104, 6.3965596], [2.3290933, 6.3965609], [2.3290942, 6.3965681], [2.3291041, 6.396574], [2.3290982, 6.3965785], [2.3290914, 6.3965727], [2.3290819, 6.3965839], [2.3290896, 6.3965858], [2.3290887, 6.3965934], [2.3290937, 6.396593], [2.329091, 6.396588], [2.3290977, 6.3965885], [2.3290973, 6.3965962], [2.3290987, 6.396588], [2.3291127, 6.3965894], [2.3291131, 6.3965985], [2.3291276, 6.3965976], [2.3291262, 6.3966034], [2.3291316, 6.3966021], [2.3291249, 6.3966053], [2.3291289, 6.3966093], [2.3291244, 6.3966152], [2.329137, 6.3966206], [2.329118, 6.3966211], [2.3291152, 6.3966272], [2.329109, 6.3966274], [2.3291058, 6.396641], [2.3291058, 6.396636], [2.3290941, 6.3966364], [2.3291049, 6.3966337], [2.3290968, 6.3966292], [2.3291067, 6.3966197], [2.3291018, 6.3966197], [2.3291054, 6.3966111], [2.3291009, 6.396607], [2.3291013, 6.3966165], [2.3290937, 6.3966075], [2.3290805, 6.3966061], [2.3290869, 6.3966011], [2.3290747, 6.3966016], [2.329076, 6.3966084], [2.3290701, 6.3966061], [2.3290652, 6.3966124], [2.3290584, 6.3966006], [2.3290539, 6.3966029], [2.329057, 6.3965975], [2.3290541, 6.3965942], [2.3290593, 6.3965934], [2.3290597, 6.3965958], [2.3290647, 6.3965975], [2.3290647, 6.3965925], [2.3290541, 6.3965942], [2.329053, 6.396593], [2.329034, 6.396606], [2.3290512, 6.3966006], [2.3290489, 6.3966079], [2.329043, 6.3966083], [2.3290543, 6.3966183], [2.3290457, 6.3966178], [2.329043, 6.3966269], [2.3290362, 6.3966219], [2.3290358, 6.3966305], [2.3290428, 6.3966313]], [[2.3292717, 6.396671], [2.3292722, 6.396666], [2.3292767, 6.3966683], [2.329274, 6.3966764], [2.3292676, 6.3966764], [2.3292667, 6.3966697], [2.3292717, 6.396671]], [[2.329259, 6.3966819], [2.3292622, 6.3966706], [2.3292663, 6.3966724], [2.329259, 6.3966819]], [[2.329189, 6.396665], [2.3292003, 6.3966678], [2.3292062, 6.3966605], [2.3292089, 6.3966678], [2.3291985, 6.3966709], [2.3292048, 6.39668], [2.3291903, 6.3966781], [2.329189, 6.396665]], [[2.329133, 6.3966347], [2.3291361, 6.3966387], [2.3291257, 6.3966401], [2.3291271, 6.3966464], [2.3291334, 6.396641], [2.329137, 6.3966482], [2.3291483, 6.3966501], [2.3291542, 6.3966415], [2.3291705, 6.3966483], [2.3291578, 6.3966492], [2.3291569, 6.3966541], [2.329151, 6.3966473], [2.3291506, 6.3966523], [2.3291402, 6.3966519], [2.3291438, 6.3966568], [2.3291397, 6.3966659], [2.329137, 6.3966591], [2.3291252, 6.3966622], [2.3291316, 6.3966677], [2.3291356, 6.396665], [2.3291297, 6.396674], [2.3291379, 6.396679], [2.3291302, 6.3966839], [2.3291297, 6.3966912], [2.3291198, 6.3966885], [2.3291157, 6.3966934], [2.3291171, 6.3966866], [2.3291139, 6.3966921], [2.3291157, 6.3966857], [2.329104, 6.3966803], [2.3291239, 6.3966753], [2.3291257, 6.3966695], [2.3291153, 6.3966654], [2.3291225, 6.3966505], [2.3291162, 6.3966532], [2.3291176, 6.3966491], [2.3291117, 6.3966486], [2.3291117, 6.3966577], [2.3291058, 6.3966504], [2.3291131, 6.3966387], [2.3291099, 6.3966364], [2.3291149, 6.3966337], [2.3291144, 6.3966419], [2.329133, 6.3966347]], [[2.3290923, 6.3966378], [2.3290886, 6.3966351], [2.3290954, 6.3966314], [2.3290923, 6.3966378]], [[2.329095, 6.3966138], [2.3290878, 6.3966165], [2.3290846, 6.3966111], [2.3290878, 6.3966075], [2.329095, 6.3966138]], [[2.3290873, 6.396636], [2.3290918, 6.3966432], [2.32908, 6.3966414], [2.3290873, 6.396636]], [[2.3290841, 6.3966197], [2.3290792, 6.3966183], [2.3290756, 6.3966047], [2.3290841, 6.3966197]], [[2.3290671, 6.3966208], [2.3290643, 6.3966205], [2.3290683, 6.3966133], [2.3290742, 6.3966219], [2.329071, 6.3966178], [2.3290671, 6.3966208]], [[2.3290597, 6.3966165], [2.3290629, 6.3966215], [2.3290561, 6.396621], [2.3290597, 6.3966165]], [[2.3290452, 6.3966594], [2.329043, 6.3966558], [2.3290502, 6.396654], [2.3290452, 6.3966594]]], [[[2.3292544, 6.3967284], [2.3292617, 6.396723], [2.3292549, 6.3967225], [2.3292544, 6.3967284]]], [[[2.3292119, 6.3967606], [2.3292078, 6.3967614], [2.3292078, 6.3967682], [2.3292119, 6.3967606]]], [[[2.3291697, 6.3967599], [2.329164, 6.3967631], [2.3291658, 6.3967559], [2.3291599, 6.3967541], [2.3291626, 6.3967627], [2.329154, 6.3967645], [2.3291604, 6.3967667], [2.3291486, 6.3967726], [2.32914, 6.3967717], [2.3291391, 6.3967626], [2.3291319, 6.3967649], [2.3291319, 6.3967604], [2.3291264, 6.3967676], [2.3291233, 6.3967608], [2.3291188, 6.3967631], [2.3291197, 6.396773], [2.329112, 6.3967667], [2.329117, 6.3967603], [2.3291047, 6.3967689], [2.3291088, 6.3967762], [2.3291183, 6.3967753], [2.3291156, 6.3967807], [2.3291097, 6.3967771], [2.3291138, 6.3967811], [2.3291034, 6.3967866], [2.329107, 6.3967956], [2.3290993, 6.3967988], [2.329097, 6.3967947], [2.3290966, 6.3967992], [2.3291074, 6.3967983], [2.3291061, 6.3968074], [2.3291151, 6.3968029], [2.3291155, 6.3968114], [2.32913, 6.3967979], [2.3291278, 6.3967929], [2.3291364, 6.3967916], [2.3291273, 6.3967898], [2.3291323, 6.396783], [2.3291395, 6.3967821], [2.3291382, 6.3967875], [2.3291481, 6.3967839], [2.3291373, 6.396792], [2.3291422, 6.3967929], [2.3291404, 6.3968056], [2.3291567, 6.3967907], [2.3291549, 6.3967839], [2.3291603, 6.3967857], [2.3291658, 6.3967785], [2.3291667, 6.3967835], [2.3291495, 6.3968011], [2.3291517, 6.3968106], [2.3291621, 6.3967979], [2.3291576, 6.3967948], [2.3291639, 6.3967948], [2.3291744, 6.396783], [2.3291698, 6.3967817], [2.329173, 6.3967762], [2.3291608, 6.3967735], [2.3291697, 6.3967599]]], [[[2.3293291, 6.3963256], [2.3293264, 6.3963084], [2.3293242, 6.3963179], [2.3293147, 6.3963184], [2.3293205, 6.3963202], [2.3293228, 6.3963315], [2.3293291, 6.3963256]]], [[[2.3292398, 6.3965073], [2.3292425, 6.3965041], [2.3292489, 6.3965114], [2.3292394, 6.3965086], [2.3292412, 6.396515], [2.3292321, 6.3965217], [2.3292497, 6.3965299], [2.3292461, 6.3965417], [2.3292389, 6.3965435], [2.3292416, 6.3965597], [2.3292511, 6.3965344], [2.3292579, 6.3965358], [2.3292511, 6.3965394], [2.3292506, 6.3965475], [2.3292588, 6.3965381], [2.3292687, 6.3965458], [2.3292651, 6.3965417], [2.3292759, 6.3965363], [2.3292701, 6.3965448], [2.3292732, 6.3965516], [2.3292687, 6.3965471], [2.3292592, 6.3965516], [2.3292655, 6.396558], [2.3292655, 6.3965521], [2.329275, 6.396553], [2.3292773, 6.3965629], [2.3292836, 6.3965611], [2.3292809, 6.3965688], [2.329284, 6.3965625], [2.3292895, 6.3965652], [2.3292985, 6.3965521], [2.3292958, 6.3965417], [2.329304, 6.3965354], [2.3293017, 6.3965273], [2.3292985, 6.3965372], [2.3292986, 6.3965304], [2.3292931, 6.3965363], [2.3292796, 6.3965367], [2.32928, 6.3965327], [2.3292882, 6.3965345], [2.3292868, 6.396529], [2.3292805, 6.3965322], [2.3292841, 6.3965263], [2.3292782, 6.3965281], [2.3292755, 6.3965209], [2.3292823, 6.3965137], [2.3292773, 6.3965037], [2.3292751, 6.3965073], [2.3292715, 6.3965001], [2.3292688, 6.396506], [2.3292642, 6.3964992], [2.3292656, 6.396505], [2.329257, 6.3965087], [2.3292633, 6.3964969], [2.3292498, 6.3964982], [2.3292489, 6.3964933], [2.3292398, 6.3965073]]], [[[2.3293039, 6.3966204], [2.3292989, 6.3966154], [2.3292998, 6.3966227], [2.3293039, 6.3966204]]], [[[2.3292921, 6.3966222], [2.3292975, 6.396624], [2.3292971, 6.396619], [2.3292921, 6.3966222]]], [[[2.3292943, 6.3965048], [2.3292895, 6.3965037], [2.3292886, 6.3965078], [2.3292943, 6.3965048]]], [[[2.3292945, 6.3965048], [2.3292954, 6.3965146], [2.3292977, 6.3965055], [2.3292945, 6.3965048]]], [[[2.3292794, 6.3966805], [2.3292839, 6.3966801], [2.3292821, 6.396676], [2.3292794, 6.3966805]]], [[[2.3292715, 6.3966827], [2.3292757, 6.3966887], [2.3292803, 6.3966814], [2.3292715, 6.3966827]]], [[[2.3292792, 6.396127], [2.3292747, 6.3961293], [2.3292787, 6.3961334], [2.3292792, 6.396127]]], [[[2.3292679, 6.3961284], [2.3292616, 6.3961293], [2.3292652, 6.3961351], [2.3292683, 6.3961297], [2.3292751, 6.3961356], [2.3292738, 6.3961284], [2.3292584, 6.3961184], [2.3292679, 6.3961284]]], [[[2.3292732, 6.396567], [2.3292691, 6.3965539], [2.3292637, 6.3965647], [2.3292696, 6.3965747], [2.3292732, 6.396567]]], [[[2.3292603, 6.3967388], [2.3292689, 6.3967416], [2.3292639, 6.3967289], [2.3292603, 6.3967388]]], [[[2.3292533, 6.3965534], [2.3292533, 6.3965597], [2.3292637, 6.3965634], [2.3292619, 6.3965557], [2.3292533, 6.3965534]]], [[[2.3292575, 6.396136], [2.3292625, 6.3961329], [2.3292552, 6.396127], [2.3292611, 6.396132], [2.3292516, 6.3961306], [2.3292575, 6.396136]]], [[[2.3292607, 6.3960782], [2.3292499, 6.3960741], [2.3292612, 6.3960881], [2.3292607, 6.3960782]]], [[[2.3292475, 6.3961238], [2.3292444, 6.3961274], [2.3292507, 6.3961292], [2.3292481, 6.3961248], [2.3292607, 6.396127], [2.3292494, 6.396117], [2.3292477, 6.3961241], [2.3292475, 6.3961238]]], [[[2.3292466, 6.3961668], [2.3292556, 6.3961668], [2.329243, 6.3961604], [2.3292466, 6.3961668]]], [[[2.3292213, 6.3965213], [2.3292212, 6.3965303], [2.329209, 6.3965276], [2.3292059, 6.3965353], [2.3292059, 6.3965289], [2.3291941, 6.3965253], [2.3291932, 6.3965126], [2.3291887, 6.3965226], [2.3291887, 6.3965113], [2.3291788, 6.3965036], [2.3291765, 6.3965104], [2.3291815, 6.396514], [2.3291706, 6.396509], [2.3291715, 6.3965217], [2.3291616, 6.3965194], [2.3291693, 6.3965284], [2.3291824, 6.3965266], [2.3291706, 6.3965316], [2.3291715, 6.3965361], [2.329176, 6.396533], [2.3291679, 6.3965447], [2.3291638, 6.3965434], [2.3291661, 6.3965501], [2.3291737, 6.3965511], [2.3291805, 6.3965624], [2.3291832, 6.3965569], [2.3291873, 6.3965633], [2.3291909, 6.3965597], [2.3291877, 6.3965655], [2.3291941, 6.3965701], [2.3291873, 6.3965705], [2.3291954, 6.3965796], [2.3291977, 6.3965737], [2.3292058, 6.3965782], [2.3292157, 6.3965891], [2.3292126, 6.3965692], [2.3292207, 6.3965746], [2.3292248, 6.3965665], [2.3292275, 6.3965742], [2.3292194, 6.3965769], [2.3292243, 6.3965792], [2.3292298, 6.3965769], [2.3292275, 6.396562], [2.3292316, 6.3965615], [2.3292353, 6.3965732], [2.3292384, 6.3965724], [2.3292411, 6.3965801], [2.3292465, 6.3965719], [2.3292443, 6.3965661], [2.3292397, 6.3965719], [2.3292334, 6.3965557], [2.3292389, 6.3965398], [2.3292316, 6.3965394], [2.3292366, 6.3965349], [2.3292416, 6.3965412], [2.3292452, 6.3965353], [2.3292339, 6.3965317], [2.3292398, 6.3965267], [2.3292262, 6.396524], [2.3292294, 6.3965321], [2.3292249, 6.3965348], [2.3292213, 6.3965213]], [[2.3292339, 6.3965516], [2.3292316, 6.3965584], [2.329228, 6.3965529], [2.3292339, 6.3965516]], [[2.329228, 6.3965502], [2.329219, 6.3965452], [2.329223, 6.3965443], [2.3292212, 6.3965308], [2.329228, 6.3965502]], [[2.3292149, 6.396566], [2.3292171, 6.3965611], [2.3292194, 6.3965678], [2.3292149, 6.396566]]], [[[2.3292426, 6.3964186], [2.3292368, 6.3964182], [2.3292381, 6.3964232], [2.3292426, 6.3964186]]], [[[2.3292339, 6.3965073], [2.3292425, 6.3964946], [2.329233, 6.3964987], [2.3292339, 6.3965073]]], [[[2.3292244, 6.3965195], [2.3292312, 6.3965249], [2.3292267, 6.3965159], [2.3292244, 6.3965195]]], [[[2.3291982, 6.3968333], [2.3292046, 6.396831], [2.3292127, 6.3968143], [2.329205, 6.3968229], [2.3291983, 6.3968201], [2.3291982, 6.3968333]]], [[[2.3292081, 6.3965913], [2.3292081, 6.3965864], [2.3292035, 6.3965891], [2.3292081, 6.3965913]]], [[[2.3291943, 6.3963955], [2.3291943, 6.3963901], [2.3291898, 6.3963905], [2.3291943, 6.3963955]]], [[[2.3291879, 6.3964376], [2.3291875, 6.3964444], [2.3291924, 6.3964398], [2.3291879, 6.3964376]]], [[[2.3291919, 6.3964633], [2.3291816, 6.3964511], [2.3291802, 6.3964584], [2.3291919, 6.3964633]]], [[[2.3291735, 6.3963892], [2.3291803, 6.3963928], [2.3291735, 6.3963819], [2.3291735, 6.3963892]]], [[[2.3291713, 6.3967274], [2.3291645, 6.3967269], [2.3291649, 6.3967333], [2.3291713, 6.3967274]]], [[[2.3291622, 6.3963986], [2.3291622, 6.3964077], [2.3291717, 6.3963987], [2.3291568, 6.3963851], [2.329159, 6.396395], [2.3291545, 6.3963837], [2.3291513, 6.3963968], [2.3291432, 6.3963995], [2.3291536, 6.3963977], [2.3291531, 6.396405], [2.3291622, 6.3963986]]], [[[2.3291594, 6.3964678], [2.329168, 6.3964665], [2.3291653, 6.3964543], [2.3291603, 6.3964597], [2.3291599, 6.3964529], [2.3291594, 6.3964678]]], [[[2.3291502, 6.3965497], [2.3291543, 6.3965601], [2.3291539, 6.3965555], [2.3291593, 6.3965605], [2.3291588, 6.396556], [2.3291674, 6.3965542], [2.3291615, 6.3965456], [2.3291611, 6.3965528], [2.3291502, 6.3965497]]], [[[2.329164, 6.3963783], [2.3291618, 6.3963729], [2.3291591, 6.3963765], [2.329164, 6.3963783]]], [[[2.3291572, 6.396745], [2.3291541, 6.3967423], [2.3291495, 6.39675], [2.3291513, 6.3967405], [2.3291437, 6.3967437], [2.3291482, 6.3967387], [2.329141, 6.3967323], [2.329131, 6.396745], [2.3291387, 6.3967554], [2.3291509, 6.3967518], [2.3291531, 6.3967559], [2.3291572, 6.396745]]], [[[2.3291491, 6.3964068], [2.3291531, 6.3964081], [2.3291522, 6.3964013], [2.3291491, 6.3964068]]], [[[2.3291454, 6.3968128], [2.3291499, 6.3968065], [2.329144, 6.3968079], [2.3291454, 6.3968128]]], [[[2.3291428, 6.3963887], [2.3291482, 6.3963887], [2.3291459, 6.3963846], [2.3291428, 6.3963887]]], [[[2.3291421, 6.3965664], [2.3291466, 6.396561], [2.329138, 6.3965632], [2.3291421, 6.3965664]]], [[[2.3291396, 6.3963832], [2.3291351, 6.3963959], [2.3291441, 6.3963941], [2.3291396, 6.3963832]]], [[[2.3290912, 6.3967264], [2.3290854, 6.3967309], [2.3290944, 6.3967359], [2.3290985, 6.3967314], [2.3290957, 6.3967382], [2.3291125, 6.3967409], [2.3291093, 6.3967504], [2.329122, 6.3967463], [2.3291201, 6.3967518], [2.3291138, 6.3967513], [2.3291188, 6.3967563], [2.3291143, 6.3967603], [2.329121, 6.3967545], [2.3291274, 6.3967595], [2.329131, 6.3967463], [2.3291229, 6.3967486], [2.3291247, 6.3967423], [2.3291346, 6.3967396], [2.3291319, 6.396731], [2.3291165, 6.3967454], [2.3291183, 6.3967377], [2.3291143, 6.3967414], [2.3291048, 6.3967332], [2.3291143, 6.3967305], [2.3291062, 6.3967273], [2.3291093, 6.3967133], [2.3290994, 6.3967237], [2.3290998, 6.3967097], [2.3290894, 6.3967119], [2.3290881, 6.3967079], [2.3290827, 6.3967133], [2.3290894, 6.3967151], [2.3290912, 6.3967264]]], [[[2.3291255, 6.3968097], [2.3291318, 6.396806], [2.3291296, 6.3968002], [2.3291255, 6.3968097]]], [[[2.3291157, 6.3967255], [2.3291193, 6.3967373], [2.3291265, 6.3967341], [2.3291157, 6.3967255]]], [[[2.3291123, 6.3965388], [2.3291068, 6.3965424], [2.3291077, 6.3965546], [2.3291172, 6.3965474], [2.3291123, 6.3965388]]], [[[2.3290869, 6.3965749], [2.3290942, 6.396569], [2.3290869, 6.3965641], [2.3290824, 6.3965672], [2.3290869, 6.3965749]]], [[[2.3290815, 6.3965839], [2.3290765, 6.3965857], [2.3290833, 6.3965894], [2.3290815, 6.3965839]]], [[[2.329014, 6.3967096], [2.3290035, 6.3967141], [2.3290225, 6.39672], [2.3290207, 6.3967109], [2.3290194, 6.3967155], [2.3290117, 6.3967136], [2.3290185, 6.3967105], [2.3290176, 6.396701], [2.3290018, 6.3966992], [2.3290094, 6.3967023], [2.3290063, 6.396705], [2.3290135, 6.3967005], [2.3290144, 6.3967082], [2.3290085, 6.3967055], [2.329014, 6.3967096]]], [[[2.3290086, 6.3966747], [2.3290167, 6.3966779], [2.3290068, 6.3966811], [2.3290135, 6.3966847], [2.3290203, 6.3966761], [2.3290131, 6.3966716], [2.3290086, 6.3966747]]], [[[2.3290158, 6.3966924], [2.3290022, 6.3966865], [2.3290022, 6.3966937], [2.3290095, 6.3966924], [2.3290122, 6.3966996], [2.3290158, 6.3966924]]]]}}, {"type": "Feature", "properties": {"fid": 195.0, "DN": 2, "area_m2": 92.75, "dep_m2": 0.357499999998254, "categorie": "Stress modéré", "cause_pro": "stress hydrique", "recomm": "Vérifier irrigation en priorité", "legende": "Stress modéré · stress hydrique : vérifier irrigation en priorité", "superf_ha": 0.0093}, "geometry": {"type": "MultiPolygon", "coordinates": [[[[2.3293938, 6.395973], [2.3293942, 6.395968], [2.3293852, 6.3959617], [2.329382, 6.3959761], [2.3293938, 6.395973]]], [[[2.3294191, 6.3959947], [2.3294263, 6.3959925], [2.3294236, 6.3959992], [2.3294322, 6.3959898], [2.3294313, 6.3959992], [2.3294371, 6.3960042], [2.3294417, 6.3959929], [2.3294462, 6.3960002], [2.3294557, 6.3959984], [2.329457, 6.3960052], [2.3294575, 6.3959943], [2.3294665, 6.3959997], [2.329472, 6.3959943], [2.3294769, 6.3959998], [2.3294733, 6.3959939], [2.3294837, 6.3959939], [2.3294788, 6.395983], [2.3294855, 6.3959812], [2.3294697, 6.3959771], [2.3294611, 6.3959681], [2.3294521, 6.3959712], [2.3294476, 6.3959649], [2.3294598, 6.3959676], [2.3294503, 6.3959599], [2.3294499, 6.3959527], [2.3294779, 6.3959527], [2.3294815, 6.3959451], [2.3294747, 6.3959505], [2.3294603, 6.3959414], [2.3294472, 6.3959436], [2.3294454, 6.3959373], [2.3294517, 6.3959369], [2.3294472, 6.3959328], [2.3294399, 6.3959432], [2.3294363, 6.3959364], [2.3294218, 6.39594], [2.3294087, 6.3959318], [2.3293988, 6.3959341], [2.3294011, 6.3959246], [2.3294296, 6.3959224], [2.3294246, 6.3959291], [2.32943, 6.3959319], [2.329439, 6.3959233], [2.3294585, 6.3959274], [2.3294603, 6.3959333], [2.3294648, 6.3959283], [2.3294879, 6.3959279], [2.32951, 6.3959333], [2.3295028, 6.3959238], [2.3295136, 6.3959238], [2.3295082, 6.3959229], [2.3295164, 6.395918], [2.3295155, 6.3959098], [2.329506, 6.395918], [2.3294996, 6.3959161], [2.329482, 6.3958989], [2.3294771, 6.3958858], [2.3294613, 6.3958804], [2.329464, 6.3958758], [2.3294554, 6.3958718], [2.3294581, 6.3958781], [2.329445, 6.3958826], [2.3294567, 6.3959025], [2.3294495, 6.3959106], [2.3294499, 6.3959229], [2.3293907, 6.3959196], [2.3293847, 6.3959589], [2.3293974, 6.3959621], [2.3293951, 6.395973], [2.3293992, 6.3959757], [2.3293865, 6.3959757], [2.3294191, 6.3959947]]], [[[2.3294955, 6.3959623], [2.3295027, 6.3959785], [2.3294883, 6.3959785], [2.3295009, 6.3959889], [2.3295104, 6.3959754], [2.3295073, 6.3959645], [2.3295145, 6.3959627], [2.3295145, 6.3959487], [2.3295037, 6.3959564], [2.3294946, 6.3959541], [2.3294942, 6.3959487], [2.329491, 6.395955], [2.3294824, 6.3959514], [2.329486, 6.3959577], [2.3295009, 6.3959559], [2.3294955, 6.3959623]]], [[[2.3295077, 6.3960088], [2.3295117, 6.3960021], [2.3295158, 6.3960093], [2.3295307, 6.3959998], [2.329519, 6.3959962], [2.3295163, 6.3960003], [2.3295154, 6.3959903], [2.3295072, 6.3959858], [2.3295036, 6.3959889], [2.3295086, 6.3959948], [2.3295032, 6.3959953], [2.3295077, 6.3960088]]]]}}, {"type": "Feature", "properties": {"fid": 197.0, "DN": 3, "area_m2": 89.12, "dep_m2": null, "categorie": "Vigueur moyenne", "cause_pro": "aucun stress", "recomm": "Appliquer dose normale d'entretien", "legende": "Vigueur moyenne : appliquer la dose normale d'entretien", "superf_ha": 0.0089}, "geometry": {"type": "Polygon", "coordinates": [[[2.3290091, 6.395949], [2.3290077, 6.3959408], [2.3290271, 6.3959508], [2.3290344, 6.395939], [2.3290163, 6.3959214], [2.3290145, 6.3959345], [2.3290086, 6.3959367], [2.3290064, 6.3959263], [2.3289973, 6.3959232], [2.329001, 6.395911], [2.3290087, 6.3959187], [2.329015, 6.3959146], [2.3290276, 6.3959232], [2.3290222, 6.3959128], [2.3290281, 6.3958893], [2.3290336, 6.3958907], [2.3290372, 6.3959029], [2.3290534, 6.395911], [2.3290629, 6.3959083], [2.329067, 6.3959147], [2.3290724, 6.395907], [2.329086, 6.395907], [2.329086, 6.3958998], [2.3290937, 6.3959016], [2.3290946, 6.3958654], [2.3290797, 6.3958609], [2.3290743, 6.3958554], [2.3290811, 6.3958554], [2.3290594, 6.3958405], [2.32902, 6.3958576], [2.3290065, 6.3958558], [2.3289798, 6.3958666], [2.3289838, 6.3958748], [2.3290001, 6.3958707], [2.3290087, 6.3958748], [2.3290073, 6.3958893], [2.3289924, 6.3958974], [2.3289766, 6.3958874], [2.3289712, 6.395891], [2.3289702, 6.3959317], [2.3290005, 6.3959521], [2.3290091, 6.395949]]]}}, {"type": "Feature", "properties": {"fid": 199.0, "DN": 2, "area_m2": 241.96, "dep_m2": 1.784999999843421, "categorie": "Stress modéré", "cause_pro": "excès d'eau probable", "recomm": "Surveiller drainage, limiter les apports", "legende": "Stress modéré · excès d'eau probable : surveiller drainage, limiter les apports", "superf_ha": 0.0242}, "geometry": {"type": "MultiPolygon", "coordinates": [[[[2.3290063, 6.3959725], [2.3290136, 6.3959625], [2.3290339, 6.3959639], [2.3290516, 6.3959581], [2.3290475, 6.3959454], [2.3290416, 6.3959472], [2.3290376, 6.3959413], [2.329043, 6.3959359], [2.3290367, 6.3959137], [2.3290493, 6.395925], [2.3290552, 6.3959128], [2.3290579, 6.3959228], [2.3290602, 6.3959192], [2.3290756, 6.3959246], [2.3290814, 6.3959197], [2.3290873, 6.3959242], [2.329086, 6.3959188], [2.3290909, 6.3959197], [2.3290923, 6.3959142], [2.3291216, 6.395941], [2.3291221, 6.3959487], [2.3291307, 6.3959487], [2.3291334, 6.3959618], [2.3291384, 6.3959609], [2.3291451, 6.3959704], [2.3291487, 6.3959636], [2.3291483, 6.3959727], [2.3291618, 6.3959804], [2.32917, 6.3959808], [2.3291709, 6.3959754], [2.3291777, 6.3959795], [2.329179, 6.3959718], [2.3291849, 6.3959713], [2.3291975, 6.3959836], [2.3291908, 6.3959732], [2.3292034, 6.3959772], [2.3292107, 6.395965], [2.329208, 6.3959546], [2.3292179, 6.3959646], [2.3292193, 6.3959424], [2.3292247, 6.3959488], [2.3292197, 6.395961], [2.3292288, 6.3959655], [2.3292184, 6.39597], [2.3292215, 6.3959782], [2.3292292, 6.395975], [2.3292301, 6.3959809], [2.329217, 6.3959777], [2.3292111, 6.3959822], [2.3292315, 6.3959809], [2.3292364, 6.3959909], [2.3292319, 6.3959777], [2.3292432, 6.3959836], [2.3292423, 6.3959741], [2.3292487, 6.3959714], [2.3292617, 6.3959827], [2.3292491, 6.3959818], [2.3292405, 6.3960004], [2.3292337, 6.3959958], [2.3292274, 6.3960021], [2.3292219, 6.3959994], [2.329216, 6.396013], [2.3292386, 6.3960239], [2.3292463, 6.3960148], [2.3292617, 6.3960185], [2.3292563, 6.396013], [2.329259, 6.3960026], [2.3292739, 6.3960081], [2.329264, 6.3960085], [2.3292676, 6.3960144], [2.3292757, 6.3960122], [2.3292707, 6.3960162], [2.3292721, 6.3960334], [2.3292852, 6.3960334], [2.3292892, 6.3960438], [2.3292811, 6.3960407], [2.3292856, 6.3960479], [2.3292784, 6.3960506], [2.3292942, 6.3960606], [2.3292906, 6.3960524], [2.3293033, 6.3960294], [2.3293118, 6.3960466], [2.3293091, 6.3960344], [2.3293218, 6.3960285], [2.3293209, 6.3960231], [2.3293281, 6.3960262], [2.3293205, 6.3959896], [2.3293296, 6.3959878], [2.3293318, 6.3959923], [2.3293268, 6.3959932], [2.3293381, 6.396005], [2.3293399, 6.395996], [2.3293463, 6.3959969], [2.3293405, 6.3959881], [2.3293454, 6.3959851], [2.3293427, 6.3959774], [2.3293467, 6.3959801], [2.3293544, 6.3959698], [2.3293363, 6.3959779], [2.329321, 6.3959548], [2.329297, 6.3959606], [2.3292758, 6.3959516], [2.3292437, 6.3959533], [2.3292202, 6.3959397], [2.3292035, 6.3959433], [2.3291971, 6.3959533], [2.3291827, 6.3959311], [2.3291827, 6.3959121], [2.3291439, 6.3958903], [2.3291272, 6.3958623], [2.3291258, 6.3958505], [2.3291435, 6.3958533], [2.3291494, 6.3958356], [2.3291408, 6.3958275], [2.3291394, 6.3958162], [2.3291241, 6.3958085], [2.3291245, 6.3958243], [2.3290712, 6.3958301], [2.3290992, 6.3958451], [2.3291127, 6.3958437], [2.3291245, 6.395865], [2.3291217, 6.3958682], [2.32911, 6.3958577], [2.3290991, 6.3958627], [2.3290747, 6.3958545], [2.3290951, 6.3958663], [2.3290937, 6.3959016], [2.3290878, 6.3958989], [2.329086, 6.395907], [2.3290724, 6.395907], [2.329067, 6.3959147], [2.3290629, 6.3959083], [2.3290534, 6.395911], [2.3290372, 6.3959029], [2.3290336, 6.3958907], [2.3290281, 6.3958893], [2.3290222, 6.3959128], [2.3290276, 6.3959232], [2.329015, 6.3959146], [2.3290087, 6.3959187], [2.3290019, 6.3959105], [2.3290019, 6.3959186], [2.3289964, 6.3959155], [2.3290086, 6.3959367], [2.329015, 6.3959336], [2.3290163, 6.3959214], [2.3290344, 6.395939], [2.3290271, 6.3959508], [2.3290077, 6.3959408], [2.3290054, 6.3959517], [2.3289951, 6.3959485], [2.3289855, 6.3959534], [2.3289851, 6.3959575], [2.3290005, 6.395958], [2.3289955, 6.3959743], [2.3290023, 6.3959711], [2.3289991, 6.3959657], [2.3290063, 6.3959725]]], [[[2.3292088, 6.3959944], [2.3292125, 6.3959931], [2.3292115, 6.3959985], [2.3292278, 6.3959845], [2.329225, 6.3959829], [2.3292138, 6.3959836], [2.3292125, 6.3959904], [2.3292201, 6.3959868], [2.3292088, 6.3959944]]], [[[2.329212, 6.3959908], [2.3291994, 6.3959872], [2.329203, 6.3959949], [2.3292003, 6.3959881], [2.329212, 6.3959908]]]]}}, {"type": "Feature", "properties": {"fid": 200.0, "DN": 3, "area_m2": 391.41, "dep_m2": 2.897500000075524, "categorie": "Vigueur moyenne", "cause_pro": "aucun stress", "recomm": "Appliquer dose normale d'entretien", "legende": "Vigueur moyenne : appliquer la dose normale d'entretien", "superf_ha": 0.0391}, "geometry": {"type": "MultiPolygon", "coordinates": [[[[2.330133, 6.3959694], [2.330128, 6.3959712], [2.3301266, 6.3959907], [2.3301343, 6.3959852], [2.3301311, 6.3959925], [2.3301388, 6.3959871], [2.3301384, 6.3959794], [2.3301538, 6.3959767], [2.3301456, 6.395983], [2.3301442, 6.3959948], [2.3301388, 6.3959911], [2.330134, 6.396012], [2.3301478, 6.3960201], [2.3301342, 6.3960314], [2.3301437, 6.3960278], [2.3301437, 6.3960341], [2.3301528, 6.3960327], [2.3301446, 6.3960386], [2.3301478, 6.396045], [2.3301383, 6.3960458], [2.3301437, 6.396049], [2.3301365, 6.3960698], [2.330141, 6.3960852], [2.3301328, 6.3960847], [2.3301301, 6.3960766], [2.3301229, 6.3960815], [2.3301279, 6.3960743], [2.3301143, 6.3960829], [2.3301238, 6.3960947], [2.3301151, 6.3961109], [2.3301269, 6.3961119], [2.3301088, 6.3961204], [2.330116, 6.3961376], [2.3301359, 6.3961381], [2.3301327, 6.396144], [2.3301431, 6.3961485], [2.3301911, 6.3960975], [2.3301852, 6.3961006], [2.3301871, 6.3960916], [2.3301762, 6.396097], [2.3301762, 6.3961042], [2.3301726, 6.3960997], [2.330173, 6.3961042], [2.3301676, 6.3960906], [2.3301626, 6.3960934], [2.3301622, 6.3960821], [2.3301527, 6.3960829], [2.3301568, 6.3960802], [2.3301523, 6.3960793], [2.3301539, 6.3960739], [2.3301595, 6.3960735], [2.3301599, 6.396082], [2.330169, 6.3960798], [2.3301726, 6.3960712], [2.3301645, 6.3960631], [2.3301753, 6.3960635], [2.3301758, 6.396069], [2.3301835, 6.396059], [2.330179, 6.3960617], [2.3301722, 6.3960563], [2.3301595, 6.3960622], [2.3301568, 6.396054], [2.3301543, 6.3960675], [2.3301514, 6.3960649], [2.3301623, 6.39604], [2.3301591, 6.3960359], [2.3301663, 6.3960332], [2.3301564, 6.3960291], [2.3301736, 6.3960224], [2.330175, 6.3959844], [2.330189, 6.3959627], [2.3301904, 6.3959329], [2.3301949, 6.3959338], [2.3301981, 6.3959202], [2.3302072, 6.3959247], [2.3302131, 6.3959089], [2.3302121, 6.395922], [2.330218, 6.3959288], [2.3302225, 6.395923], [2.3302343, 6.395932], [2.3302424, 6.3959289], [2.3302555, 6.3959334], [2.3302587, 6.3959452], [2.3302646, 6.395947], [2.3302609, 6.3959547], [2.3302664, 6.3959515], [2.3302636, 6.3959669], [2.3302718, 6.39597], [2.3302749, 6.3959642], [2.3302745, 6.3959823], [2.330279, 6.3959791], [2.3302808, 6.3959841], [2.3302758, 6.395985], [2.3302808, 6.3959918], [2.3302767, 6.3959985], [2.3302826, 6.3959981], [2.3302853, 6.39599], [2.3302794, 6.3959782], [2.3302844, 6.3959674], [2.3302795, 6.3959592], [2.3302713, 6.3959592], [2.3302682, 6.3959506], [2.3302795, 6.3959497], [2.3302772, 6.3959325], [2.3302931, 6.3959235], [2.3302995, 6.3958661], [2.3303054, 6.3958543], [2.3303393, 6.3958471], [2.3303411, 6.3958309], [2.3303542, 6.395844], [2.3303601, 6.395825], [2.3303488, 6.3957951], [2.330329, 6.3957838], [2.3303131, 6.3957874], [2.3303204, 6.3958023], [2.3303117, 6.3958127], [2.330314, 6.3958249], [2.3303194, 6.3958268], [2.3303253, 6.3958186], [2.3303303, 6.3958299], [2.3303135, 6.3958313], [2.3303022, 6.3958403], [2.3302905, 6.3958312], [2.3302977, 6.3958181], [2.3302906, 6.3957747], [2.3302793, 6.3957702], [2.3302806, 6.3957616], [2.3302734, 6.3957688], [2.3302747, 6.3957598], [2.3302702, 6.3957611], [2.3302725, 6.3957688], [2.3302594, 6.3957661], [2.330254, 6.3957548], [2.3302634, 6.395753], [2.3302562, 6.3957426], [2.330249, 6.3957426], [2.3302467, 6.3957484], [2.3302422, 6.3957439], [2.3302399, 6.3957525], [2.3302336, 6.3957529], [2.3302408, 6.3957557], [2.3302341, 6.395762], [2.3302417, 6.3957652], [2.3302345, 6.395781], [2.3302381, 6.3957855], [2.3302326, 6.3958176], [2.3302191, 6.3958212], [2.3301947, 6.3958166], [2.3301942, 6.3958094], [2.3301847, 6.3958144], [2.3301946, 6.3958207], [2.3301852, 6.3958194], [2.3301951, 6.3958225], [2.3301937, 6.3958298], [2.3302064, 6.3958271], [2.3302245, 6.3958343], [2.3302231, 6.3958407], [2.3302014, 6.3958411], [2.3302231, 6.3958443], [2.3302222, 6.3958596], [2.3302154, 6.3958614], [2.3302145, 6.3958565], [2.3302032, 6.3958619], [2.3302045, 6.3958533], [2.3302104, 6.3958515], [2.3302055, 6.3958474], [2.3301743, 6.3958487], [2.3301743, 6.3958397], [2.3301639, 6.3958388], [2.3301621, 6.3958333], [2.3301562, 6.3958342], [2.3301566, 6.3958415], [2.3301526, 6.395841], [2.3301539, 6.395832], [2.3301512, 6.3958374], [2.330144, 6.395836], [2.3301471, 6.3958464], [2.330153, 6.3958478], [2.330148, 6.3958614], [2.3301431, 6.3958623], [2.3301449, 6.3958546], [2.3301349, 6.3958609], [2.3301367, 6.3958663], [2.3301435, 6.3958659], [2.3301394, 6.3958767], [2.3301458, 6.3958681], [2.3301426, 6.3958812], [2.3301367, 6.395884], [2.3301412, 6.3958935], [2.3301376, 6.3958903], [2.3301349, 6.3958953], [2.3301435, 6.3959025], [2.3301412, 6.3959066], [2.3301498, 6.3959057], [2.3301452, 6.3959179], [2.3301489, 6.3959116], [2.3301547, 6.3959152], [2.3301493, 6.3959165], [2.3301493, 6.3959251], [2.330147, 6.3959179], [2.3301407, 6.3959183], [2.3301362, 6.3959251], [2.330147, 6.395922], [2.3301457, 6.395926], [2.3301303, 6.3959396], [2.3301402, 6.3959382], [2.3301402, 6.3959536], [2.3301343, 6.3959558], [2.3301307, 6.3959509], [2.330133, 6.3959694]]], [[[2.3302227, 6.3958099], [2.3302249, 6.3958158], [2.3302186, 6.3958167], [2.3302186, 6.3958113], [2.3302141, 6.3958162], [2.3302272, 6.395818], [2.3302295, 6.395809], [2.3302227, 6.3958099]]], [[[2.3302213, 6.3958488], [2.3302154, 6.3958492], [2.3302195, 6.3958533], [2.3302213, 6.3958488]]], [[[2.3302155, 6.395804], [2.3302087, 6.3958013], [2.3302042, 6.3958058], [2.3302073, 6.3958126], [2.3302155, 6.395804]]], [[[2.3301881, 6.3959736], [2.3301949, 6.3959767], [2.3302058, 6.395937], [2.3301972, 6.3959424], [2.3301936, 6.3959663], [2.3301881, 6.3959736]]], [[[2.3301428, 6.3960341], [2.3301388, 6.3960363], [2.3301419, 6.3960409], [2.3301428, 6.3960341]]], [[[2.3301247, 6.3960684], [2.3301374, 6.3960648], [2.330131, 6.3960653], [2.330136, 6.3960617], [2.3301357, 6.3960607], [2.3301401, 6.3960581], [2.3301342, 6.3960567], [2.3301347, 6.396058], [2.330132, 6.3960508], [2.3301247, 6.3960684]]], [[[2.3301322, 6.3958849], [2.3301348, 6.3958783], [2.3301331, 6.3958781], [2.3301322, 6.3958849]]], [[[2.3301399, 6.3958731], [2.3301354, 6.3958659], [2.3301326, 6.3958722], [2.3301399, 6.3958731]]], [[[2.3301347, 6.3960513], [2.3301383, 6.3960477], [2.3301333, 6.3960409], [2.3301302, 6.3960463], [2.3301347, 6.3960513]]], [[[2.3301271, 6.3959531], [2.330128, 6.3959622], [2.3301276, 6.3959513], [2.3301113, 6.3959572], [2.3301149, 6.3959603], [2.3301104, 6.3959662], [2.3301271, 6.3959531]]], [[[2.330098, 6.3960557], [2.3300931, 6.3960621], [2.3300989, 6.3960603], [2.3300989, 6.3960652], [2.3300917, 6.3960666], [2.3300944, 6.3960788], [2.3301003, 6.396077], [2.3300967, 6.3960698], [2.3301003, 6.3960756], [2.3301016, 6.3960693], [2.3301062, 6.3960707], [2.3301025, 6.3960892], [2.3301211, 6.3960743], [2.3301157, 6.3960671], [2.3301161, 6.3960734], [2.330098, 6.3960557]]], [[[2.3301194, 6.395954], [2.3301158, 6.3959513], [2.3301108, 6.3959567], [2.3301194, 6.395954]]], [[[2.3300956, 6.3959316], [2.3300896, 6.3959359], [2.3301032, 6.3959472], [2.3300973, 6.3959477], [2.3301, 6.395954], [2.3301095, 6.3959454], [2.3301045, 6.3959418], [2.330109, 6.3959409], [2.3301059, 6.3959341], [2.3301118, 6.3959309], [2.3301114, 6.3959282], [2.3301186, 6.3959282], [2.3301136, 6.3959192], [2.3301112, 6.395927], [2.3301104, 6.395921], [2.3301032, 6.3959201], [2.3300996, 6.3959309], [2.3300956, 6.3959316]]], [[[2.3301136, 6.3959495], [2.3301077, 6.3959499], [2.3301108, 6.3959554], [2.3301136, 6.3959495]]], [[[2.3300895, 6.396053], [2.3300962, 6.396049], [2.3300949, 6.3960589], [2.3300976, 6.3960435], [2.3300895, 6.396053]]]]}}, {"type": "Feature", "properties": {"fid": 201.0, "DN": 4, "area_m2": 4604.5, "dep_m2": 20.430000000384094, "categorie": "Vigueur forte", "cause_pro": "aucun stress", "recomm": "Réduire la dose (vigueur suffisante)", "legende": "Vigueur forte : réduire la dose (vigueur suffisante)", "superf_ha": 0.4605}, "geometry": {"type": "MultiPolygon", "coordinates": [[[[2.3293509, 6.3962433], [2.3293554, 6.3962506], [2.3293509, 6.3962537], [2.3293654, 6.3962678], [2.3293577, 6.3962519], [2.3293699, 6.396252], [2.3293654, 6.3962492], [2.3293686, 6.3962452], [2.3293767, 6.3962506], [2.3293758, 6.3962425], [2.329383, 6.3962497], [2.329393, 6.3962502], [2.3293812, 6.3962529], [2.3293893, 6.396261], [2.3293952, 6.396252], [2.3294065, 6.3962488], [2.3294016, 6.3962443], [2.3294061, 6.3962439], [2.3294056, 6.3962366], [2.3294169, 6.3962366], [2.3294251, 6.3962272], [2.3294309, 6.3962361], [2.3294305, 6.3962362], [2.3294391, 6.3962425], [2.32943, 6.3962466], [2.3294318, 6.3962516], [2.3294373, 6.3962453], [2.3294427, 6.3962516], [2.3294436, 6.3962462], [2.3294377, 6.3962335], [2.3294323, 6.3962355], [2.3294409, 6.3962312], [2.3294531, 6.3962371], [2.3294495, 6.3962507], [2.3294567, 6.3962561], [2.3294635, 6.3962534], [2.3294653, 6.3962611], [2.3294694, 6.3962539], [2.3294599, 6.3962444], [2.3294721, 6.3962399], [2.3294694, 6.3962358], [2.3294988, 6.3962327], [2.3294947, 6.3962408], [2.3295069, 6.3962503], [2.3294924, 6.3962453], [2.3294911, 6.3962372], [2.329487, 6.396239], [2.3294902, 6.3962485], [2.3294852, 6.3962462], [2.3294816, 6.3962548], [2.3294775, 6.3962507], [2.3294816, 6.3962566], [2.3294779, 6.3962593], [2.3294743, 6.3962562], [2.3294779, 6.3962638], [2.3294693, 6.396262], [2.3294644, 6.3962729], [2.3294585, 6.3962688], [2.3294657, 6.3962769], [2.3294689, 6.3962733], [2.3294725, 6.396281], [2.329468, 6.3962788], [2.3294671, 6.3962842], [2.3294734, 6.3962865], [2.3294712, 6.3962888], [2.3294747, 6.3962941], [2.3294892, 6.3962892], [2.3294842, 6.3962878], [2.3294928, 6.3962829], [2.3294883, 6.3962801], [2.3294996, 6.3962725], [2.3294978, 6.3962575], [2.3295082, 6.396263], [2.3295173, 6.3962567], [2.329515, 6.3962494], [2.3295223, 6.3962526], [2.329525, 6.3962476], [2.3295317, 6.3962544], [2.3295417, 6.3962513], [2.3295426, 6.3962454], [2.3295376, 6.3962445], [2.3295462, 6.3962427], [2.3295399, 6.3962354], [2.3295467, 6.3962323], [2.3295444, 6.396225], [2.3295485, 6.39623], [2.3295522, 6.3962295], [2.3295485, 6.396235], [2.3295544, 6.3962337], [2.3295571, 6.3962391], [2.3295625, 6.396235], [2.3295652, 6.3962418], [2.3295575, 6.3962418], [2.329558, 6.3962431], [2.3295485, 6.3962422], [2.329553, 6.3962463], [2.3295581, 6.3962433], [2.329562, 6.3962536], [2.3295521, 6.3962531], [2.3295566, 6.396259], [2.3295507, 6.3962608], [2.329558, 6.3962658], [2.3295498, 6.3962653], [2.3295548, 6.396268], [2.329553, 6.3962798], [2.3295552, 6.3962757], [2.3295602, 6.3962807], [2.3295493, 6.3962856], [2.3295529, 6.3962933], [2.3295606, 6.396292], [2.3295525, 6.3963024], [2.3295511, 6.3962979], [2.3295444, 6.3962992], [2.3295367, 6.3963082], [2.3295403, 6.3963137], [2.3295348, 6.396311], [2.3295294, 6.3963159], [2.329533, 6.3963236], [2.329528, 6.3963213], [2.3295312, 6.3963299], [2.3295253, 6.3963308], [2.3295231, 6.3963385], [2.329533, 6.396334], [2.3295325, 6.3963435], [2.3295339, 6.3963345], [2.3295434, 6.3963322], [2.3295394, 6.3963278], [2.3295416, 6.3963268], [2.3295398, 6.3963223], [2.3295439, 6.3963259], [2.3295484, 6.3963196], [2.3295619, 6.3963268], [2.329562, 6.3963196], [2.3295678, 6.3963196], [2.3295678, 6.3963119], [2.3295764, 6.3963124], [2.3295773, 6.3963065], [2.3295787, 6.3963164], [2.3295977, 6.3963151], [2.3295995, 6.3963106], [2.329595, 6.3963106], [2.3295999, 6.3963079], [2.3295882, 6.3963074], [2.3295932, 6.3962975], [2.3295977, 6.3962988], [2.3295968, 6.396292], [2.3296044, 6.3962917], [2.3296036, 6.396292], [2.3296076, 6.3962975], [2.3296031, 6.3962952], [2.3296063, 6.3962993], [2.3296004, 6.3963047], [2.3296108, 6.3962988], [2.3296081, 6.3962898], [2.3296048, 6.3962914], [2.3295973, 6.3962893], [2.3295968, 6.3962834], [2.3296022, 6.3962816], [2.3296049, 6.3962708], [2.3296, 6.3962726], [2.3295932, 6.3962703], [2.3295968, 6.3962798], [2.3295891, 6.3962739], [2.3295846, 6.3962812], [2.3295882, 6.396278], [2.3295896, 6.3962852], [2.3295819, 6.3962898], [2.3295715, 6.396278], [2.329576, 6.3962807], [2.3295738, 6.3962762], [2.3295796, 6.3962757], [2.3295733, 6.3962576], [2.3295747, 6.3962481], [2.3295792, 6.3962491], [2.3295761, 6.3962423], [2.3295792, 6.3962412], [2.329577, 6.3962405], [2.3295783, 6.3962319], [2.3295725, 6.3962296], [2.3295756, 6.3962219], [2.3295815, 6.3962242], [2.3295838, 6.3962151], [2.3295833, 6.396231], [2.3295914, 6.3962418], [2.3295842, 6.3962527], [2.3295937, 6.3962486], [2.3295982, 6.3962572], [2.3295932, 6.3962613], [2.3295982, 6.3962672], [2.3296036, 6.3962618], [2.3296059, 6.3962658], [2.3296023, 6.3962636], [2.3296049, 6.3962706], [2.3296054, 6.3962685], [2.3296104, 6.396274], [2.329605, 6.3962762], [2.3296126, 6.3962758], [2.3296131, 6.3962826], [2.3296194, 6.3962771], [2.3296167, 6.3962731], [2.329623, 6.396274], [2.3296181, 6.3962704], [2.3296213, 6.3962636], [2.3296294, 6.396269], [2.3296294, 6.3962772], [2.329638, 6.3962713], [2.3296439, 6.3962555], [2.3296502, 6.3962546], [2.3296407, 6.3962491], [2.3296385, 6.396241], [2.3296461, 6.3962415], [2.3296534, 6.3962514], [2.3296516, 6.3962586], [2.3296719, 6.3962361], [2.329671, 6.3962433], [2.3296755, 6.3962397], [2.329676, 6.3962442], [2.329671, 6.3962483], [2.329676, 6.3962456], [2.3296796, 6.3962537], [2.3296746, 6.3962551], [2.3296692, 6.3962478], [2.3296624, 6.3962564], [2.3296674, 6.3962605], [2.3296633, 6.3962695], [2.3296475, 6.3962754], [2.329656, 6.3962781], [2.329652, 6.3962822], [2.3296615, 6.3962903], [2.329661, 6.3963039], [2.329656, 6.3962944], [2.3296515, 6.3963012], [2.3296556, 6.3963052], [2.3296488, 6.396303], [2.3296474, 6.3963111], [2.3296325, 6.3962989], [2.3296266, 6.3963052], [2.3296325, 6.3963093], [2.3296244, 6.3963065], [2.3296221, 6.3963111], [2.3296298, 6.3963206], [2.3296252, 6.396331], [2.329632, 6.3963269], [2.3296325, 6.396317], [2.329637, 6.3963237], [2.3296424, 6.3963197], [2.3296469, 6.3963247], [2.3296455, 6.3963275], [2.3296551, 6.3963296], [2.3296515, 6.3963224], [2.3296578, 6.3963183], [2.329665, 6.396322], [2.3296619, 6.3963098], [2.3296641, 6.3963134], [2.3296687, 6.396308], [2.3296605, 6.3963084], [2.3296642, 6.3962985], [2.3296646, 6.3963075], [2.3296691, 6.3963016], [2.3296768, 6.3963057], [2.3296845, 6.3963021], [2.3296858, 6.3963211], [2.3296922, 6.3963148], [2.3296908, 6.396308], [2.3296981, 6.3963057], [2.3296967, 6.3962994], [2.329703, 6.396299], [2.3297026, 6.3963107], [2.329708, 6.3963062], [2.3296994, 6.3963143], [2.3296998, 6.3963189], [2.3297044, 6.3963171], [2.3297021, 6.3963243], [2.3297152, 6.3963275], [2.3297034, 6.3963365], [2.3297044, 6.3963311], [2.3296976, 6.3963347], [2.3296949, 6.396327], [2.3296836, 6.3963329], [2.3296826, 6.3963383], [2.3296872, 6.3963383], [2.329679, 6.3963401], [2.3296804, 6.3963464], [2.3296777, 6.3963432], [2.3296713, 6.3963496], [2.3296673, 6.3963455], [2.3296537, 6.3963559], [2.3296586, 6.3963636], [2.3296514, 6.3963712], [2.3296591, 6.3963839], [2.3296568, 6.3963889], [2.3296473, 6.3963866], [2.3296469, 6.3963939], [2.329641, 6.3963907], [2.3296428, 6.3963984], [2.3296369, 6.3964015], [2.3296396, 6.3964088], [2.3296319, 6.3964223], [2.3296396, 6.3964196], [2.3296378, 6.3964137], [2.3296459, 6.3964137], [2.3296523, 6.3964151], [2.3296586, 6.3964305], [2.3296681, 6.3964341], [2.3296667, 6.3964255], [2.3296726, 6.3964273], [2.329673, 6.3964414], [2.3296649, 6.3964531], [2.329659, 6.3964522], [2.3296658, 6.3964613], [2.3296626, 6.3964694], [2.3296743, 6.3964649], [2.3296703, 6.3964581], [2.329678, 6.3964572], [2.3296821, 6.3964459], [2.3296906, 6.3964409], [2.3296857, 6.3964364], [2.3296893, 6.3964323], [2.3296825, 6.3964328], [2.3296866, 6.396431], [2.3296839, 6.3964228], [2.3296929, 6.3964138], [2.3296916, 6.396407], [2.3296957, 6.396412], [2.3296934, 6.3964048], [2.3297025, 6.3963994], [2.3296965, 6.3963952], [2.3297043, 6.3963944], [2.3297025, 6.3963867], [2.3297088, 6.3963899], [2.3297111, 6.3963813], [2.3297038, 6.396374], [2.329717, 6.3963713], [2.329721, 6.3963759], [2.3297147, 6.3963799], [2.3297201, 6.3963826], [2.3297246, 6.3963754], [2.329717, 6.3963686], [2.3297246, 6.3963722], [2.3297219, 6.3963646], [2.3297296, 6.3963646], [2.3297201, 6.3963582], [2.3297283, 6.3963551], [2.3297378, 6.3963628], [2.3297418, 6.3963771], [2.32975, 6.396365], [2.3297531, 6.3963736], [2.329745, 6.3963754], [2.329749, 6.3963795], [2.329742, 6.3963778], [2.3297436, 6.3963836], [2.3297332, 6.3963949], [2.3297391, 6.3963967], [2.3297326, 6.3964029], [2.3297291, 6.3963912], [2.3297346, 6.3963899], [2.3297332, 6.3963849], [2.3297282, 6.3963845], [2.3297251, 6.3963971], [2.3297282, 6.396394], [2.3297269, 6.3964025], [2.3297321, 6.3964034], [2.3297278, 6.3964075], [2.3297282, 6.3964148], [2.3297241, 6.3964089], [2.3297268, 6.396417], [2.3297314, 6.3964157], [2.3297255, 6.3964261], [2.3297354, 6.3964288], [2.3297391, 6.3964175], [2.3297467, 6.3964283], [2.3297395, 6.396432], [2.3297426, 6.3964419], [2.3297449, 6.3964311], [2.3297463, 6.3964401], [2.3297539, 6.3964406], [2.3297435, 6.3964544], [2.3297444, 6.3964505], [2.3297395, 6.3964546], [2.3297423, 6.396456], [2.329739, 6.3964604], [2.3297526, 6.3964528], [2.3297571, 6.3964379], [2.3297551, 6.3964466], [2.3297607, 6.3964419], [2.3297648, 6.3964523], [2.3297648, 6.3964437], [2.3297752, 6.3964424], [2.3297766, 6.3964334], [2.3297806, 6.3964356], [2.3297861, 6.3964257], [2.3297834, 6.3964085], [2.3297825, 6.396413], [2.3297712, 6.396408], [2.3297707, 6.3964234], [2.3297689, 6.3964157], [2.3297626, 6.3964211], [2.3297612, 6.3964157], [2.3297666, 6.3964148], [2.329759, 6.3964049], [2.3297671, 6.3964008], [2.3297549, 6.3963877], [2.3297581, 6.3963836], [2.3297617, 6.3963908], [2.3297671, 6.3963881], [2.3297613, 6.3963755], [2.3297744, 6.3963746], [2.3297714, 6.3963788], [2.3297703, 6.3963773], [2.3297689, 6.3963823], [2.3297744, 6.3963832], [2.3297717, 6.3963793], [2.3297879, 6.3963868], [2.3297875, 6.3963913], [2.3297916, 6.3963851], [2.3297942, 6.3963913], [2.3297884, 6.3963918], [2.3297906, 6.3963986], [2.3297971, 6.3963921], [2.3297997, 6.3964004], [2.329796, 6.3963945], [2.3297969, 6.3963999], [2.3297911, 6.3964022], [2.3297965, 6.3964072], [2.329792, 6.3964108], [2.329787, 6.3964053], [2.3297856, 6.3964148], [2.3297938, 6.3964171], [2.3297948, 6.3964133], [2.3298037, 6.3964031], [2.3298019, 6.3963873], [2.3297982, 6.3963906], [2.3297956, 6.3963823], [2.3297917, 6.3963849], [2.3297961, 6.3963782], [2.3298033, 6.3963873], [2.3298074, 6.3963828], [2.3298087, 6.3964004], [2.3298177, 6.3964004], [2.3298182, 6.3964058], [2.3298227, 6.3963982], [2.3298385, 6.396404], [2.3298408, 6.3964181], [2.329834, 6.3964262], [2.3298277, 6.3964257], [2.3298227, 6.3964339], [2.3298173, 6.3964298], [2.3298073, 6.396447], [2.3297946, 6.3964465], [2.3298014, 6.396451], [2.3298109, 6.3964483], [2.3298118, 6.3964583], [2.3298253, 6.3964619], [2.3298262, 6.3964573], [2.3298177, 6.3964569], [2.3298217, 6.3964529], [2.3298264, 6.3964565], [2.3298285, 6.3964456], [2.3298317, 6.3964547], [2.3298326, 6.3964452], [2.3298416, 6.3964452], [2.3298425, 6.3964506], [2.3298421, 6.3964407], [2.3298475, 6.3964448], [2.3298457, 6.3964298], [2.3298539, 6.396428], [2.3298511, 6.3964389], [2.3298602, 6.3964308], [2.3298611, 6.3964375], [2.3298602, 6.3964294], [2.3298656, 6.3964312], [2.3298611, 6.3964222], [2.3298667, 6.3964235], [2.3298634, 6.3964244], [2.3298665, 6.3964299], [2.3298697, 6.3964249], [2.3298683, 6.3964344], [2.3298699, 6.3964243], [2.329876, 6.3964258], [2.3298792, 6.3964199], [2.3298742, 6.3964326], [2.3298796, 6.396443], [2.3298724, 6.3964466], [2.3298787, 6.3964484], [2.3298746, 6.396462], [2.3298832, 6.3964597], [2.3298841, 6.3964801], [2.32989, 6.3964823], [2.3298963, 6.3964751], [2.3298922, 6.3964873], [2.3298705, 6.3965072], [2.3298755, 6.3965086], [2.3298705, 6.3965153], [2.3298773, 6.3965162], [2.329875, 6.3965235], [2.3298818, 6.3965217], [2.3298831, 6.3965375], [2.3298863, 6.396528], [2.3298913, 6.3965265], [2.3298913, 6.3965197], [2.3298904, 6.3965244], [2.329884, 6.396523], [2.3298859, 6.3965108], [2.3299017, 6.3965086], [2.3299062, 6.3965014], [2.3299071, 6.3965104], [2.3299175, 6.3965041], [2.3299198, 6.3965082], [2.3299202, 6.3965005], [2.3299288, 6.3964991], [2.3299243, 6.3964783], [2.3299329, 6.3964774], [2.3299334, 6.3964706], [2.3299388, 6.3964738], [2.329942, 6.3964607], [2.3299348, 6.3964584], [2.329937, 6.3964512], [2.3299284, 6.3964507], [2.3299321, 6.3964449], [2.3299266, 6.3964485], [2.3299257, 6.3964426], [2.3299452, 6.3964336], [2.3299398, 6.3964327], [2.3299402, 6.3964268], [2.3299506, 6.3964268], [2.3299479, 6.3964209], [2.329957, 6.3964105], [2.3299592, 6.3964151], [2.3299719, 6.3964115], [2.3299629, 6.3964001], [2.3299787, 6.3963898], [2.3299828, 6.3963956], [2.3299819, 6.3963884], [2.3299868, 6.3963961], [2.3299818, 6.3964069], [2.3300008, 6.3964156], [2.3299999, 6.3964251], [2.3299949, 6.3964264], [2.329999, 6.3964318], [2.330004, 6.3964187], [2.3300094, 6.3964255], [2.3300071, 6.3964187], [2.330013, 6.3964147], [2.3300156, 6.396418], [2.330008, 6.3964287], [2.3300139, 6.3964328], [2.3300157, 6.3964181], [2.3300243, 6.3964292], [2.3300243, 6.3964219], [2.3300302, 6.3964251], [2.3300261, 6.3964206], [2.3300325, 6.3964237], [2.3300352, 6.3964093], [2.3300474, 6.3964129], [2.3300397, 6.3964242], [2.3300446, 6.396425], [2.330042, 6.3964233], [2.3300469, 6.3964206], [2.3300457, 6.3964251], [2.3300514, 6.396426], [2.3300419, 6.3964455], [2.3300483, 6.3964486], [2.3300369, 6.3964559], [2.3300383, 6.3964672], [2.3300364, 6.3964688], [2.3300423, 6.3964726], [2.3300442, 6.3964658], [2.3300527, 6.3964694], [2.3300527, 6.3964749], [2.3300595, 6.3964676], [2.3300586, 6.39646], [2.330069, 6.3964659], [2.3300708, 6.3964582], [2.3300587, 6.3964464], [2.3300582, 6.396441], [2.3300704, 6.3964383], [2.3300636, 6.3964292], [2.3300704, 6.3964256], [2.3300745, 6.3964342], [2.3300855, 6.3964287], [2.330084, 6.3964274], [2.3300858, 6.3964166], [2.3300935, 6.3964139], [2.330089, 6.3964112], [2.330094, 6.3964057], [2.3300872, 6.3964066], [2.3300915, 6.396403], [2.3300818, 6.3964007], [2.3300858, 6.3963935], [2.330089, 6.3963967], [2.3300845, 6.3963998], [2.330094, 6.3963962], [2.3300881, 6.3963935], [2.3300976, 6.3963791], [2.3300954, 6.3963745], [2.3301071, 6.3963727], [2.3301062, 6.3963655], [2.3301003, 6.3963669], [2.3301076, 6.3963619], [2.3301103, 6.3963696], [2.3301144, 6.3963605], [2.330108, 6.3963614], [2.3301117, 6.3963547], [2.3301013, 6.3963519], [2.3301049, 6.3963565], [2.3301004, 6.3963574], [2.3300977, 6.3963497], [2.33009, 6.3963483], [2.3301004, 6.3963384], [2.3301031, 6.3963438], [2.330109, 6.3963302], [2.3301108, 6.3963361], [2.3301171, 6.3963257], [2.3301226, 6.3963289], [2.3301244, 6.3963217], [2.330123, 6.396328], [2.3301348, 6.3963244], [2.3301384, 6.3963185], [2.3301339, 6.3963149], [2.3301434, 6.3963181], [2.3301438, 6.3963258], [2.3301547, 6.3963217], [2.3301538, 6.3963118], [2.3301619, 6.3963154], [2.3301624, 6.3963109], [2.3301709, 6.3963109], [2.3301728, 6.3963018], [2.3301606, 6.3963045], [2.3301637, 6.3962987], [2.3301583, 6.3962977], [2.3301538, 6.3962982], [2.3301565, 6.3963054], [2.3301452, 6.3963041], [2.3301483, 6.396309], [2.3301443, 6.3963041], [2.3301339, 6.3963086], [2.3301267, 6.3962986], [2.3301326, 6.3962778], [2.330128, 6.3962869], [2.3301204, 6.3962819], [2.330128, 6.3962778], [2.3301244, 6.3962692], [2.3301158, 6.3962882], [2.3301072, 6.3962873], [2.3301145, 6.3962959], [2.3301045, 6.3962945], [2.3301054, 6.3962886], [2.3300977, 6.396295], [2.3300982, 6.3962832], [2.3300919, 6.3962868], [2.3300968, 6.3962832], [2.3300978, 6.3962656], [2.3301077, 6.3962656], [2.3301077, 6.3962601], [2.3301032, 6.396261], [2.3301059, 6.3962538], [2.3301095, 6.3962525], [2.3301118, 6.3962629], [2.3301118, 6.3962543], [2.3301199, 6.3962516], [2.3301204, 6.3962579], [2.330129, 6.3962434], [2.3301335, 6.3962502], [2.3301376, 6.3962394], [2.3301335, 6.3962403], [2.3301317, 6.3962263], [2.3301363, 6.3962168], [2.3301444, 6.3962272], [2.3301385, 6.3962308], [2.3301394, 6.3962403], [2.3301426, 6.3962313], [2.3301475, 6.3962385], [2.3301466, 6.3962299], [2.3301543, 6.3962371], [2.3301502, 6.3962453], [2.3301688, 6.3962399], [2.3301688, 6.3962358], [2.3301747, 6.3962412], [2.3301724, 6.3962503], [2.330183, 6.3962472], [2.3301832, 6.3962503], [2.3301882, 6.396239], [2.3301927, 6.3962408], [2.3301918, 6.3962349], [2.3301923, 6.3962395], [2.3301869, 6.3962376], [2.3301881, 6.3962297], [2.3301964, 6.3962313], [2.3301991, 6.3962453], [2.3302059, 6.396234], [2.3302032, 6.3962291], [2.3301995, 6.3962345], [2.3302018, 6.3962155], [2.3301968, 6.3962209], [2.3301923, 6.396215], [2.3301904, 6.3962204], [2.3301837, 6.3962173], [2.3301873, 6.396225], [2.3301824, 6.3962286], [2.3301874, 6.3962296], [2.3301747, 6.3962376], [2.3301742, 6.3962313], [2.3301796, 6.3962322], [2.3301806, 6.3962272], [2.3301724, 6.3962222], [2.3301724, 6.3962299], [2.3301765, 6.3962281], [2.3301688, 6.3962358], [2.3301688, 6.3962286], [2.3301652, 6.3962313], [2.3301656, 6.3962213], [2.3301602, 6.39622], [2.3301629, 6.3962105], [2.3301543, 6.3962159], [2.3301584, 6.3962073], [2.3301521, 6.3962082], [2.3301512, 6.3962159], [2.3301494, 6.3962091], [2.3301421, 6.3962141], [2.3301431, 6.3962086], [2.3301503, 6.3962082], [2.3301544, 6.3961978], [2.3301571, 6.3962014], [2.3301553, 6.3961951], [2.330163, 6.396191], [2.3301589, 6.3961811], [2.3301661, 6.3961811], [2.3301653, 6.3961662], [2.3301739, 6.396158], [2.3301766, 6.3961644], [2.3301711, 6.3961666], [2.3301879, 6.3961657], [2.3301874, 6.3961793], [2.3301942, 6.3961716], [2.3302046, 6.3961725], [2.3302001, 6.3961676], [2.3302041, 6.3961698], [2.3302105, 6.3961468], [2.3302141, 6.396149], [2.3302137, 6.39614], [2.3302037, 6.3961386], [2.3302028, 6.3961309], [2.3302268, 6.3961274], [2.330234, 6.396121], [2.3302218, 6.3961255], [2.3302246, 6.396116], [2.3302318, 6.3961138], [2.3302291, 6.3961201], [2.3302368, 6.3961129], [2.3302327, 6.3961183], [2.3302422, 6.3961201], [2.3302363, 6.3961238], [2.3302413, 6.3961256], [2.3302381, 6.3961355], [2.3302426, 6.3961328], [2.3302458, 6.3961396], [2.3302385, 6.3961418], [2.3302403, 6.39615], [2.330248, 6.3961405], [2.3302571, 6.3961486], [2.3302525, 6.3961636], [2.3302584, 6.3961604], [2.3302579, 6.3961658], [2.3302471, 6.3961721], [2.3302543, 6.3961789], [2.330252, 6.3961839], [2.3302561, 6.3961853], [2.3302643, 6.3961722], [2.3302832, 6.3961826], [2.3302814, 6.3961708], [2.3302869, 6.3961763], [2.3302855, 6.3961849], [2.330276, 6.3961848], [2.33028, 6.3962038], [2.3302728, 6.3962084], [2.3302633, 6.3962029], [2.330262, 6.396212], [2.3302746, 6.3962102], [2.3302737, 6.396221], [2.3302796, 6.3962292], [2.330285, 6.3962242], [2.3302863, 6.396231], [2.3302945, 6.3962287], [2.3302922, 6.3962337], [2.3302972, 6.396236], [2.3302872, 6.3962495], [2.3302746, 6.3962436], [2.3302782, 6.3962391], [2.3302827, 6.3962432], [2.3302832, 6.3962328], [2.3302759, 6.3962341], [2.3302805, 6.3962382], [2.3302755, 6.3962396], [2.3302755, 6.3962319], [2.3302669, 6.396231], [2.3302723, 6.3962373], [2.3302687, 6.3962445], [2.3302692, 6.3962382], [2.3302637, 6.3962364], [2.3302637, 6.3962432], [2.3302606, 6.396235], [2.3302606, 6.3962395], [2.3302542, 6.3962368], [2.3302551, 6.3962273], [2.3302465, 6.3962377], [2.3302472, 6.396242], [2.3302398, 6.3962354], [2.3302402, 6.3962418], [2.3302289, 6.3962431], [2.3302257, 6.3962522], [2.3302189, 6.3962526], [2.3302221, 6.3962499], [2.3302167, 6.3962458], [2.3302102, 6.3962568], [2.3302131, 6.3962553], [2.3302085, 6.3962639], [2.3302153, 6.3962635], [2.3302149, 6.3962589], [2.3302198, 6.3962657], [2.3302099, 6.3962738], [2.3302108, 6.3962806], [2.3302008, 6.3962847], [2.330208, 6.3962924], [2.3302049, 6.3963001], [2.3302144, 6.396296], [2.3302121, 6.3962861], [2.3302198, 6.3962856], [2.3302099, 6.3962824], [2.3302158, 6.396273], [2.3302167, 6.3962779], [2.3302194, 6.3962725], [2.3302225, 6.3962766], [2.3302225, 6.3962707], [2.3302234, 6.3962856], [2.3302302, 6.3962825], [2.3302279, 6.396287], [2.330232, 6.3962834], [2.3302329, 6.3962897], [2.3302388, 6.396282], [2.3302374, 6.396296], [2.3302415, 6.3962879], [2.3302501, 6.3962866], [2.3302456, 6.396278], [2.3302551, 6.3962771], [2.3302533, 6.396287], [2.3302546, 6.3962807], [2.3302677, 6.3962843], [2.3302637, 6.396278], [2.3302709, 6.3962717], [2.3302664, 6.3962699], [2.3302745, 6.3962685], [2.3302772, 6.3962744], [2.3302772, 6.3962694], [2.3302849, 6.3962703], [2.330284, 6.396264], [2.3302908, 6.3962645], [2.330298, 6.3962839], [2.3303051, 6.3962678], [2.3303121, 6.3962722], [2.3303111, 6.3962817], [2.3303157, 6.3962794], [2.330326, 6.3962912], [2.3303252, 6.3962821], [2.3303315, 6.3962745], [2.330327, 6.3962672], [2.330336, 6.396265], [2.3303342, 6.39626], [2.3303433, 6.3962541], [2.3303446, 6.3962681], [2.3303369, 6.3962718], [2.3303446, 6.3962731], [2.3303365, 6.3962822], [2.330345, 6.3962849], [2.3303559, 6.3962609], [2.3303542, 6.3962162], [2.3303452, 6.3962206], [2.3303438, 6.3962161], [2.3303569, 6.3962125], [2.3303578, 6.3962008], [2.3303425, 6.3961732], [2.330338, 6.3961438], [2.3303321, 6.3961383], [2.3303376, 6.396128], [2.3303511, 6.3961352], [2.3303421, 6.3961424], [2.330352, 6.3961678], [2.3303579, 6.3961682], [2.3303611, 6.3961262], [2.3303557, 6.3961221], [2.3303376, 6.3961243], [2.3303403, 6.3961162], [2.330352, 6.3961203], [2.3303557, 6.3960868], [2.3303503, 6.3960859], [2.3303462, 6.396095], [2.3303272, 6.3960949], [2.3303136, 6.3961085], [2.3302639, 6.3960967], [2.3302531, 6.3960871], [2.3302613, 6.3960478], [2.3302825, 6.3960438], [2.3303191, 6.396052], [2.330325, 6.396047], [2.3303196, 6.3960397], [2.3302721, 6.3960211], [2.3302821, 6.3959981], [2.3302767, 6.3959985], [2.3302808, 6.3959918], [2.330274, 6.3959832], [2.3302763, 6.3959678], [2.3302636, 6.3959669], [2.3302637, 6.3959474], [2.3302555, 6.3959334], [2.3302515, 6.3959393], [2.330251, 6.3959325], [2.3302316, 6.3959311], [2.3302316, 6.3959261], [2.3302225, 6.395923], [2.330218, 6.3959288], [2.3302121, 6.395922], [2.3302131, 6.3959089], [2.3302072, 6.3959247], [2.3301981, 6.3959202], [2.3301949, 6.3959338], [2.3301904, 6.3959329], [2.330189, 6.3959627], [2.330175, 6.3959844], [2.3301736, 6.3960224], [2.3301559, 6.39603], [2.3301663, 6.3960323], [2.3301591, 6.3960359], [2.3301582, 6.3960481], [2.3301672, 6.3960364], [2.3301541, 6.396059], [2.3301582, 6.396054], [2.3301595, 6.3960622], [2.3301722, 6.3960563], [2.3301835, 6.3960599], [2.3301758, 6.396069], [2.3301753, 6.3960635], [2.3301649, 6.3960626], [2.3301726, 6.3960712], [2.3301667, 6.3960766], [2.3301699, 6.3960793], [2.3301599, 6.396082], [2.3301595, 6.3960735], [2.3301527, 6.3960734], [2.3301536, 6.3960829], [2.3301676, 6.3960861], [2.3301626, 6.3960934], [2.3301676, 6.3960906], [2.330173, 6.3961042], [2.3301726, 6.3960997], [2.3301771, 6.3961024], [2.3301762, 6.396097], [2.3301871, 6.3960916], [2.3301852, 6.3961006], [2.3301911, 6.3960975], [2.3301431, 6.3961485], [2.3301327, 6.396144], [2.3301359, 6.3961381], [2.330116, 6.3961376], [2.3301088, 6.3961204], [2.3301242, 6.3961123], [2.3301142, 6.3961087], [2.3301224, 6.3960974], [2.3301143, 6.3960829], [2.3301229, 6.3960743], [2.3301333, 6.3960775], [2.3301346, 6.3960856], [2.3301428, 6.3960811], [2.3301378, 6.3960807], [2.3301387, 6.396063], [2.3301247, 6.3960684], [2.3301333, 6.3960599], [2.3301288, 6.3960594], [2.3301302, 6.3960463], [2.3301333, 6.3960409], [2.330136, 6.3960481], [2.3301478, 6.396045], [2.3301446, 6.3960386], [2.3301528, 6.3960327], [2.3301446, 6.396035], [2.3301437, 6.3960278], [2.3301342, 6.3960314], [2.3301478, 6.3960201], [2.3301248, 6.3960124], [2.3301338, 6.3960128], [2.3301388, 6.3959911], [2.3301442, 6.3959948], [2.3301483, 6.3959853], [2.3301406, 6.3959785], [2.3301343, 6.3959929], [2.330132, 6.3959843], [2.3301266, 6.3959907], [2.330128, 6.3959712], [2.3301352, 6.3959617], [2.3301285, 6.3959617], [2.3301339, 6.3959572], [2.3301312, 6.395945], [2.330138, 6.3959468], [2.3301402, 6.3959382], [2.3301303, 6.3959396], [2.3301457, 6.395926], [2.330147, 6.395922], [2.3301362, 6.395926], [2.3301398, 6.395917], [2.3301453, 6.3959176], [2.3301498, 6.3959057], [2.3301412, 6.3959066], [2.3301349, 6.3958953], [2.3301458, 6.395869], [2.3301376, 6.3958767], [2.3301381, 6.3958704], [2.3301326, 6.3958722], [2.3301349, 6.3958609], [2.3301413, 6.3958541], [2.330148, 6.3958614], [2.330153, 6.3958478], [2.3301471, 6.3958464], [2.330144, 6.395836], [2.3301512, 6.3958374], [2.3301539, 6.395832], [2.3301526, 6.395841], [2.3301566, 6.3958415], [2.3301562, 6.3958342], [2.3301621, 6.3958333], [2.3301639, 6.3958388], [2.3301743, 6.3958397], [2.3301743, 6.3958487], [2.3302046, 6.395847], [2.3302154, 6.3958519], [2.3302154, 6.3958614], [2.3302222, 6.3958596], [2.3302231, 6.3958443], [2.3302014, 6.3958411], [2.3302231, 6.3958407], [2.3302245, 6.3958343], [2.3302064, 6.3958271], [2.3301937, 6.3958298], [2.3301951, 6.3958225], [2.3301852, 6.3958194], [2.3301946, 6.3958207], [2.3301847, 6.3958144], [2.3301942, 6.3958094], [2.3301947, 6.3958166], [2.3302191, 6.3958212], [2.3302326, 6.3958176], [2.3302381, 6.3957855], [2.3302345, 6.395781], [2.3302408, 6.3957747], [2.3302395, 6.3957643], [2.3302341, 6.395762], [2.3302408, 6.3957557], [2.3302336, 6.3957529], [2.3302399, 6.3957525], [2.3302445, 6.3957426], [2.3302458, 6.3957484], [2.3302562, 6.3957426], [2.3302634, 6.395753], [2.330254, 6.3957548], [2.3302594, 6.3957661], [2.3302648, 6.3957652], [2.3302616, 6.3957674], [2.3302725, 6.3957688], [2.3302702, 6.3957611], [2.3302743, 6.3957598], [2.3302734, 6.3957688], [2.3302815, 6.395763], [2.3302861, 6.3957476], [2.3302698, 6.3957091], [2.3302708, 6.3956729], [2.3302894, 6.3956458], [2.3302889, 6.3956359], [2.3302763, 6.3956395], [2.3302717, 6.3956531], [2.3302025, 6.3957023], [2.3301911, 6.3957343], [2.3301808, 6.3957221], [2.3301604, 6.395723], [2.3301427, 6.3957501], [2.3301219, 6.3957591], [2.3300744, 6.3957984], [2.3300459, 6.3958038], [2.3300296, 6.395816], [2.3300106, 6.3958209], [2.3300038, 6.3958435], [2.3299812, 6.3958489], [2.3299831, 6.3958268], [2.3299392, 6.3958349], [2.3299482, 6.3958502], [2.3299541, 6.3958503], [2.3299609, 6.3958394], [2.3299767, 6.3958503], [2.3299531, 6.3958783], [2.3299066, 6.3958543], [2.3298957, 6.3958674], [2.3298908, 6.3958434], [2.3298646, 6.3958379], [2.3298501, 6.3958433], [2.3298551, 6.395856], [2.3298505, 6.395865], [2.3298293, 6.395851], [2.3298148, 6.39586], [2.3298017, 6.395855], [2.3297963, 6.3958686], [2.3297714, 6.3958663], [2.3297841, 6.3958487], [2.3297701, 6.3958441], [2.3297312, 6.3958766], [2.3297163, 6.3958698], [2.3296873, 6.3958843], [2.3296855, 6.3959024], [2.329704, 6.3959015], [2.3297072, 6.3959178], [2.3297307, 6.3959173], [2.329746, 6.39593], [2.3297962, 6.3959224], [2.3298012, 6.3959012], [2.3298197, 6.3959107], [2.3298147, 6.395922], [2.3298179, 6.3959346], [2.3298061, 6.3959477], [2.3298111, 6.3959581], [2.3298057, 6.3959627], [2.3298047, 6.3959794], [2.329783, 6.3959775], [2.3297523, 6.3959866], [2.329741, 6.3959811], [2.3297319, 6.3959847], [2.3297401, 6.3959933], [2.3297346, 6.396001], [2.3297089, 6.3959937], [2.3297053, 6.3959847], [2.3296971, 6.3959865], [2.3296903, 6.3960037], [2.3296975, 6.396001], [2.3297115, 6.3960123], [2.329698, 6.3960249], [2.3297255, 6.3960263], [2.3297233, 6.3960304], [2.3297292, 6.3960308], [2.3297359, 6.3960467], [2.3297319, 6.3960403], [2.3297224, 6.3960503], [2.3297228, 6.3960453], [2.3297169, 6.3960453], [2.3297192, 6.3960381], [2.3297133, 6.396043], [2.3297115, 6.396057], [2.3297151, 6.3960444], [2.3297214, 6.3960503], [2.3297192, 6.3960634], [2.3297074, 6.3960729], [2.3297065, 6.3960806], [2.329702, 6.3960783], [2.3297015, 6.396086], [2.3296911, 6.3960724], [2.3297056, 6.3960625], [2.3296957, 6.396043], [2.3296839, 6.396057], [2.3296826, 6.3960475], [2.3296663, 6.3960624], [2.3296581, 6.3960565], [2.3296609, 6.3960516], [2.3296618, 6.3960556], [2.3296672, 6.3960534], [2.3296667, 6.3960588], [2.3296735, 6.3960547], [2.3296658, 6.3960497], [2.3296708, 6.3960407], [2.3296649, 6.3960393], [2.3296641, 6.3960267], [2.3296618, 6.3960353], [2.3296509, 6.3960321], [2.3296514, 6.3960262], [2.3296491, 6.3960344], [2.3296383, 6.3960334], [2.3296324, 6.3960438], [2.3296288, 6.3960352], [2.3296234, 6.3960375], [2.3296207, 6.3960262], [2.3296161, 6.396032], [2.3296166, 6.3960216], [2.3296098, 6.3960244], [2.3296157, 6.3960293], [2.3296107, 6.3960384], [2.3296107, 6.3960311], [2.3296071, 6.3960352], [2.3296026, 6.3960262], [2.329599, 6.3960298], [2.3295976, 6.3960239], [2.3295877, 6.3960184], [2.3295868, 6.396023], [2.3295791, 6.3960211], [2.3295768, 6.3960157], [2.32957, 6.3960248], [2.3295732, 6.3960329], [2.3295782, 6.3960325], [2.3295754, 6.396041], [2.3295651, 6.3960257], [2.3295646, 6.3960365], [2.3295587, 6.3960374], [2.3295605, 6.3960216], [2.3295551, 6.396017], [2.3295732, 6.3960162], [2.3295728, 6.3960071], [2.3295809, 6.3960094], [2.3295741, 6.3960049], [2.3295746, 6.3959922], [2.3295651, 6.3960008], [2.3295714, 6.3960017], [2.32957, 6.396008], [2.3295601, 6.3959994], [2.3295615, 6.3960062], [2.3295533, 6.3960071], [2.3295506, 6.3960198], [2.3295402, 6.3960197], [2.3295366, 6.3960125], [2.3295312, 6.3960152], [2.3295307, 6.3960062], [2.3295199, 6.3960093], [2.3295248, 6.3960175], [2.3295262, 6.396012], [2.3295325, 6.396017], [2.3295235, 6.3960202], [2.3295266, 6.3960261], [2.329518, 6.3960197], [2.3295216, 6.396031], [2.3295167, 6.3960256], [2.329514, 6.3960355], [2.3295076, 6.3960319], [2.3295112, 6.3960287], [2.3295063, 6.3960174], [2.3295063, 6.3960301], [2.3294936, 6.3960156], [2.3294914, 6.3960247], [2.3294864, 6.3960215], [2.329485, 6.3960274], [2.329485, 6.3960219], [2.329481, 6.3960228], [2.3294828, 6.396031], [2.3294764, 6.3960269], [2.3294782, 6.396035], [2.3294737, 6.3960292], [2.3294778, 6.3960237], [2.3294706, 6.3960192], [2.3294647, 6.3960332], [2.3294583, 6.3960305], [2.329457, 6.3960359], [2.3294742, 6.3960386], [2.3294665, 6.3960481], [2.329476, 6.3960441], [2.3294723, 6.3960536], [2.3294651, 6.3960522], [2.3294651, 6.3960445], [2.3294588, 6.3960477], [2.3294633, 6.3960558], [2.3294511, 6.3960499], [2.3294511, 6.396044], [2.3294411, 6.3960513], [2.3294421, 6.3960382], [2.3294402, 6.3960431], [2.329429, 6.396039], [2.3294285, 6.3960458], [2.3294384, 6.3960436], [2.3294393, 6.3960599], [2.3294456, 6.3960617], [2.3294457, 6.3960531], [2.3294565, 6.3960689], [2.3294597, 6.3960653], [2.3294524, 6.3960603], [2.3294669, 6.3960653], [2.3294692, 6.3960581], [2.3294726, 6.3960737], [2.3294673, 6.3960721], [2.3294669, 6.3960771], [2.3294727, 6.3960742], [2.3294732, 6.3960766], [2.3294814, 6.3960726], [2.32948, 6.3960644], [2.3294872, 6.396073], [2.3294845, 6.3960662], [2.3294949, 6.3960595], [2.3294999, 6.396069], [2.3295004, 6.3960599], [2.3295053, 6.3960685], [2.3295117, 6.3960645], [2.3295135, 6.3960722], [2.3295157, 6.39606], [2.3295234, 6.3960658], [2.3295234, 6.3960767], [2.329527, 6.3960726], [2.329523, 6.3960627], [2.3295279, 6.396064], [2.3295243, 6.3960582], [2.3295306, 6.39606], [2.3295252, 6.3960545], [2.3295298, 6.3960527], [2.3295343, 6.3960636], [2.3295456, 6.3960604], [2.3295455, 6.3960727], [2.3295284, 6.396079], [2.3295442, 6.3960858], [2.3295333, 6.3960907], [2.3295428, 6.3961039], [2.3295383, 6.3961057], [2.3295338, 6.3960993], [2.3295342, 6.3961066], [2.3295302, 6.3960939], [2.3295216, 6.3960957], [2.3295238, 6.3961056], [2.3295148, 6.3961065], [2.3295247, 6.3961197], [2.3295162, 6.3961211], [2.3295184, 6.3961151], [2.329512, 6.3961183], [2.3295157, 6.3961211], [2.3295111, 6.3961219], [2.3295161, 6.3961287], [2.3295093, 6.3961319], [2.3295147, 6.3961382], [2.3295075, 6.3961391], [2.3295087, 6.3961322], [2.3295057, 6.3961337], [2.3295016, 6.3961291], [2.329508, 6.3961192], [2.329498, 6.3961128], [2.3294912, 6.3961232], [2.3294912, 6.3961101], [2.3294971, 6.3961124], [2.3294876, 6.3961029], [2.329489, 6.3961088], [2.329484, 6.3961092], [2.3294885, 6.3961169], [2.329479, 6.3961142], [2.3294818, 6.3961092], [2.3294768, 6.3961078], [2.3294786, 6.3961151], [2.3294718, 6.396116], [2.329475, 6.3961237], [2.3294695, 6.3961182], [2.3294623, 6.3961255], [2.3294668, 6.396135], [2.3294501, 6.3961313], [2.329446, 6.3961263], [2.3294542, 6.3961263], [2.3294483, 6.3961205], [2.3294424, 6.3961318], [2.3294343, 6.3961272], [2.3294324, 6.3961331], [2.3294248, 6.3961326], [2.3294216, 6.3961435], [2.3294329, 6.3961566], [2.3294297, 6.3961625], [2.3294265, 6.396158], [2.3294206, 6.3961661], [2.3294062, 6.3961625], [2.3294116, 6.3961711], [2.3293958, 6.3961606], [2.3294007, 6.3961715], [2.3293935, 6.3961679], [2.3293885, 6.3961814], [2.3293827, 6.3961742], [2.3293781, 6.3961783], [2.329384, 6.3961801], [2.3293795, 6.396185], [2.3293831, 6.39619], [2.329393, 6.3961941], [2.329384, 6.3961973], [2.3293867, 6.3962045], [2.3293681, 6.396209], [2.3293794, 6.3962162], [2.3293785, 6.3962226], [2.3293686, 6.3962207], [2.3293677, 6.3962266], [2.3293595, 6.3962225], [2.3293609, 6.3962298], [2.3293423, 6.3962329], [2.329345, 6.3962501], [2.3293509, 6.3962433]], [[2.3303061, 6.3962654], [2.3303012, 6.3962654], [2.3302981, 6.3962559], [2.3303053, 6.3962636], [2.3303103, 6.3962577], [2.3302949, 6.3962468], [2.3302899, 6.3962486], [2.3302954, 6.3962391], [2.3302994, 6.3962468], [2.3303107, 6.396245], [2.3303121, 6.3962505], [2.3303053, 6.3962505], [2.330308, 6.3962545], [2.3303184, 6.3962478], [2.3303256, 6.3962505], [2.3303144, 6.3962419], [2.3303175, 6.3962337], [2.3303257, 6.3962396], [2.3303257, 6.3962184], [2.3303307, 6.3962234], [2.3303302, 6.3962365], [2.3303388, 6.3962247], [2.3303483, 6.3962302], [2.3303452, 6.3962207], [2.3303542, 6.3962238], [2.3303406, 6.3962392], [2.3303501, 6.3962419], [2.3303419, 6.3962428], [2.3303378, 6.3962546], [2.3303261, 6.3962618], [2.3303139, 6.3962609], [2.3303225, 6.3962713], [2.330308, 6.3962622], [2.3303061, 6.3962654]], [[2.329696, 6.3963948], [2.3296934, 6.396393], [2.3297007, 6.396388], [2.329696, 6.3963948]], [[2.3295538, 6.3962293], [2.329558, 6.3962287], [2.3295571, 6.3962337], [2.3295538, 6.3962293]], [[2.3302472, 6.3962424], [2.3302483, 6.3962499], [2.3302402, 6.3962486], [2.3302472, 6.3962424]], [[2.3302204, 6.3958117], [2.3302209, 6.3958072], [2.3302295, 6.395809], [2.3302299, 6.3958158], [2.3302209, 6.3958198], [2.3302141, 6.3958162], [2.3302186, 6.3958113], [2.3302186, 6.3958167], [2.3302249, 6.3958158], [2.3302259, 6.3958113], [2.3302204, 6.3958117]], [[2.3302195, 6.3958533], [2.3302154, 6.3958492], [2.3302213, 6.3958488], [2.3302195, 6.3958533]], [[2.3302032, 6.3958126], [2.3302082, 6.3958108], [2.3302042, 6.3958058], [2.3302087, 6.3958013], [2.3302155, 6.3958031], [2.3302114, 6.3958135], [2.3302032, 6.3958126]], [[2.3302094, 6.3962874], [2.330213, 6.396291], [2.330208, 6.3962951], [2.3302094, 6.3962874]], [[2.3301881, 6.3959736], [2.3301936, 6.3959663], [2.3302008, 6.3959374], [2.3302076, 6.395941], [2.330199, 6.3959473], [2.3302026, 6.395951], [2.3301949, 6.3959767], [2.3301881, 6.3959736]], [[2.3301322, 6.3958849], [2.3301331, 6.3958781], [2.3301399, 6.395879], [2.3301322, 6.3958849]], [[2.3301104, 6.3959662], [2.3301133, 6.3959581], [2.3301135, 6.395959], [2.3301298, 6.3959518], [2.3301275, 6.3959622], [2.3301289, 6.3959536], [2.3301104, 6.3959662]], [[2.3301145, 6.3959548], [2.3301158, 6.3959513], [2.3301194, 6.3959545], [2.3301145, 6.3959548]], [[2.3301207, 6.3963248], [2.3301122, 6.3963158], [2.3301162, 6.3963117], [2.3301212, 6.3963171], [2.3301185, 6.3963221], [2.3301226, 6.396318], [2.3301207, 6.3963248]], [[2.3300949, 6.396048], [2.3300954, 6.396049], [2.3300895, 6.3960494], [2.3300999, 6.3960426], [2.3300949, 6.396048]], [[2.330096, 6.39605], [2.3301062, 6.3960684], [2.3301161, 6.3960734], [2.3301157, 6.3960671], [2.3301215, 6.3960748], [2.3301075, 6.3960888], [2.3301021, 6.3960874], [2.330108, 6.3960784], [2.3301012, 6.3960802], [2.3301062, 6.3960707], [2.3301003, 6.3960756], [2.3300967, 6.3960698], [2.3301003, 6.396077], [2.3300939, 6.3960783], [2.3300917, 6.3960666], [2.3300989, 6.3960652], [2.3300989, 6.3960603], [2.3300931, 6.3960625], [2.330096, 6.39605]], [[2.3300958, 6.3959315], [2.3300987, 6.3959309], [2.3301032, 6.3959201], [2.3301104, 6.395921], [2.3301109, 6.3959282], [2.3301145, 6.3959192], [2.3301186, 6.3959287], [2.3301059, 6.3959341], [2.330109, 6.3959409], [2.3301045, 6.3959427], [2.3301095, 6.3959454], [2.3301, 6.395954], [2.330095, 6.3959359], [2.3300896, 6.3959359], [2.3300958, 6.3959315]], [[2.3301072, 6.3959481], [2.3301136, 6.3959495], [2.3301104, 6.3959554], [2.3301072, 6.3959481]], [[2.3300995, 6.3963361], [2.3300968, 6.396332], [2.3301076, 6.396332], [2.3300995, 6.3963361]], [[2.3299977, 6.3964106], [2.3299909, 6.3964092], [2.3299959, 6.3964038], [2.3299977, 6.3964106]], [[2.3299565, 6.3963938], [2.3299615, 6.3963965], [2.3299615, 6.3964074], [2.3299565, 6.3963938]], [[2.3298525, 6.3964167], [2.3298588, 6.3964267], [2.3298507, 6.3964267], [2.3298525, 6.3964167]], [[2.3297743, 6.3964279], [2.3297657, 6.396432], [2.3297662, 6.3964275], [2.3297743, 6.3964279]], [[2.3297662, 6.3964343], [2.3297607, 6.396441], [2.329758, 6.3964383], [2.3297662, 6.3964343]], [[2.3297644, 6.3964225], [2.3297576, 6.3964284], [2.3297558, 6.3964243], [2.3297644, 6.3964225]], [[2.3297576, 6.3964121], [2.3297608, 6.3964166], [2.3297558, 6.3964229], [2.329754, 6.3964161], [2.329749, 6.3964166], [2.3297576, 6.3964121]], [[2.3297485, 6.3964378], [2.3297472, 6.3964306], [2.329753, 6.3964351], [2.3297485, 6.3964378]], [[2.3297458, 6.3964098], [2.3297386, 6.3964089], [2.3297422, 6.3964035], [2.3297458, 6.3964098]], [[2.3296884, 6.3963993], [2.3296821, 6.3963953], [2.3296871, 6.396384], [2.3296939, 6.3963903], [2.3296871, 6.3963907], [2.3296884, 6.3963993]], [[2.329684, 6.3962994], [2.3296931, 6.3963026], [2.3296877, 6.3963098], [2.329684, 6.3962994]], [[2.3296899, 6.3963509], [2.329684, 6.3963491], [2.329684, 6.3963414], [2.3296899, 6.3963509]], [[2.3296776, 6.3963577], [2.3296813, 6.3963564], [2.3296817, 6.3963636], [2.3296731, 6.3963649], [2.3296695, 6.3963514], [2.3296786, 6.3963532], [2.3296776, 6.3963577]], [[2.3296678, 6.3962831], [2.3296755, 6.3962917], [2.3296633, 6.3962935], [2.3296678, 6.3962831]], [[2.3296574, 6.396284], [2.3296606, 6.3962731], [2.3296746, 6.3962799], [2.3296574, 6.396284]], [[2.3295076, 6.3960572], [2.3295135, 6.3960618], [2.3295049, 6.3960622], [2.3295076, 6.3960572]], [[2.3294882, 6.3960549], [2.3294791, 6.3960418], [2.3294882, 6.3960378], [2.3294882, 6.3960549]], [[2.3294809, 6.3960459], [2.3294823, 6.3960563], [2.3294755, 6.3960477], [2.3294809, 6.3960459]], [[2.3294129, 6.3961751], [2.3294066, 6.3961715], [2.3294044, 6.396176], [2.3293999, 6.3961665], [2.3294129, 6.3961751]], [[2.3293989, 6.3961792], [2.3294057, 6.3961805], [2.3294016, 6.3961869], [2.3293858, 6.3961846], [2.3293921, 6.3961796], [2.329398, 6.3961851], [2.3293989, 6.3961792]]], [[[2.3298913, 6.3965194], [2.3298967, 6.3965181], [2.3298922, 6.3965149], [2.3298913, 6.3965194]]], [[[2.3295802, 6.3962416], [2.329581, 6.3962473], [2.329586, 6.3962436], [2.3295802, 6.3962416]]], [[[2.3294712, 6.3962889], [2.329468, 6.3962923], [2.3294689, 6.3962878], [2.3294621, 6.396286], [2.3294503, 6.3962964], [2.3294639, 6.3963005], [2.3294611, 6.3963113], [2.3294553, 6.3963018], [2.3294485, 6.3963022], [2.3294557, 6.3963163], [2.3294657, 6.3963208], [2.3294634, 6.396314], [2.3294774, 6.3963073], [2.3294688, 6.3963045], [2.3294711, 6.3963082], [2.3294661, 6.3963086], [2.3294675, 6.3963032], [2.3294738, 6.3963032], [2.3294712, 6.3962889]]], [[[2.3296445, 6.3963296], [2.3296442, 6.3963301], [2.3296388, 6.3963265], [2.3296388, 6.3963373], [2.3296406, 6.3963423], [2.329646, 6.39634], [2.3296496, 6.3963315], [2.3296438, 6.3963319], [2.3296445, 6.3963296]]], [[[2.329755, 6.3964472], [2.3297535, 6.3964541], [2.3297589, 6.3964532], [2.329755, 6.3964472]]], [[[2.3300358, 6.3964693], [2.3300274, 6.3964766], [2.3300324, 6.3964825], [2.330026, 6.3964875], [2.3300319, 6.3964848], [2.3300346, 6.3964902], [2.3300346, 6.3964825], [2.3300392, 6.3964862], [2.3300378, 6.3964798], [2.3300432, 6.3964812], [2.3300414, 6.3964758], [2.3300328, 6.3964812], [2.3300358, 6.3964693]]], [[[2.3302089, 6.3962575], [2.330204, 6.396253], [2.3302018, 6.3962664], [2.3302022, 6.3962702], [2.330209, 6.3962662], [2.3302036, 6.3962603], [2.3302089, 6.3962575]]], [[[2.3301454, 6.3959176], [2.330148, 6.3959179], [2.3301488, 6.3959233], [2.330152, 6.3959161], [2.3301489, 6.3959116], [2.3301454, 6.3959176]]], [[[2.3303039, 6.3962884], [2.3303052, 6.396293], [2.330308, 6.3962906], [2.3303086, 6.3962929], [2.3303175, 6.3962848], [2.3303075, 6.3962889], [2.3303077, 6.3962894], [2.3303025, 6.3962839], [2.3302976, 6.3962911], [2.3303039, 6.3962884]]], [[[2.3302728, 6.3962151], [2.3302669, 6.3962301], [2.3302737, 6.3962278], [2.3302728, 6.3962151]]], [[[2.3302502, 6.3962296], [2.3302583, 6.3962196], [2.3302563, 6.3962192], [2.3302592, 6.3962192], [2.3302556, 6.3962083], [2.3302543, 6.3962187], [2.3302502, 6.3962178], [2.3302488, 6.3962264], [2.3302461, 6.3962223], [2.3302443, 6.3962282], [2.3302502, 6.3962296]]], [[[2.3302448, 6.3961545], [2.3302498, 6.3961577], [2.330248, 6.39615], [2.3302448, 6.3961545]]], [[[2.3302331, 6.3961608], [2.3302372, 6.3961441], [2.3302335, 6.3961522], [2.3302313, 6.3961482], [2.3302204, 6.3961545], [2.3302281, 6.3961513], [2.3302331, 6.3961608]]], [[[2.3302236, 6.3961509], [2.3302286, 6.3961495], [2.3302308, 6.3961414], [2.3302268, 6.3961445], [2.3302214, 6.3961396], [2.3302236, 6.3961509]]], [[[2.3302086, 6.3961834], [2.3302109, 6.3961884], [2.330215, 6.3961839], [2.3302086, 6.3961834]]], [[[2.3302136, 6.3962318], [2.3302117, 6.3962372], [2.3302059, 6.3962336], [2.3302126, 6.3962395], [2.3302136, 6.3962318]]], [[[2.3302045, 6.3958533], [2.3302032, 6.3958619], [2.3302136, 6.3958601], [2.3302136, 6.3958542], [2.3302045, 6.3958533]]], [[[2.3302122, 6.3962476], [2.3302022, 6.3962476], [2.3302018, 6.3962526], [2.3302122, 6.3962476]]], [[[2.3302113, 6.3962277], [2.3302036, 6.3962232], [2.3302045, 6.39623], [2.3302113, 6.3962277]]], [[[2.3301955, 6.3961816], [2.330191, 6.396178], [2.3301919, 6.3961829], [2.330201, 6.3961798], [2.3302059, 6.3961843], [2.3302028, 6.396173], [2.3301955, 6.3961816]]], [[[2.3302004, 6.3962472], [2.3302049, 6.3962472], [2.3302031, 6.3962431], [2.3302004, 6.3962472]]], [[[2.3301933, 6.3961974], [2.3301837, 6.3962105], [2.3301896, 6.396215], [2.3302023, 6.3962119], [2.3301932, 6.396206], [2.3301896, 6.3962123], [2.3301933, 6.3961974]]], [[[2.3301936, 6.3962612], [2.3302004, 6.3962557], [2.3302004, 6.3962476], [2.3301945, 6.3962444], [2.3301936, 6.3962612]]], [[[2.3301969, 6.3961956], [2.3301937, 6.3962024], [2.3302005, 6.3962024], [2.3301969, 6.3961956]]], [[[2.3301806, 6.3962182], [2.3301747, 6.3962223], [2.3301828, 6.3962227], [2.3301806, 6.3962182]]], [[[2.3301775, 6.396196], [2.3301797, 6.3962046], [2.330181, 6.3961933], [2.3301779, 6.3961937], [2.3301792, 6.3961861], [2.3301729, 6.3961838], [2.330172, 6.3961929], [2.3301679, 6.3961897], [2.3301716, 6.3961951], [2.3301666, 6.3962001], [2.3301706, 6.3962051], [2.3301675, 6.3962141], [2.3301747, 6.3962123], [2.3301775, 6.396196]]], [[[2.3301718, 6.3963159], [2.3301642, 6.3963136], [2.3301587, 6.3963185], [2.3301718, 6.3963159]]], [[[2.3301715, 6.3962516], [2.3301656, 6.3962439], [2.3301642, 6.3962503], [2.3301715, 6.3962516]]], [[[2.3301665, 6.3962562], [2.3301638, 6.3962503], [2.3301552, 6.3962516], [2.3301665, 6.3962562]]], [[[2.3301471, 6.3962439], [2.3301421, 6.3962394], [2.330134, 6.396252], [2.3301471, 6.3962439]]], [[[2.330131, 6.3960544], [2.3301401, 6.3960581], [2.330136, 6.396058], [2.3301392, 6.396063], [2.3301437, 6.396049], [2.330131, 6.3960544]]], [[[2.3301041, 6.3962692], [2.3301045, 6.3962769], [2.3301059, 6.3962719], [2.3301122, 6.3962773], [2.3301095, 6.3962828], [2.3301167, 6.3962801], [2.3301113, 6.396271], [2.3301317, 6.3962656], [2.3301294, 6.3962584], [2.3301262, 6.3962661], [2.3301267, 6.3962588], [2.3301041, 6.3962692]]], [[[2.3301089, 6.3963764], [2.3301003, 6.3963741], [2.3300976, 6.3963822], [2.3301089, 6.3963764]]], [[[2.3300917, 6.3963949], [2.3301021, 6.3963854], [2.3300963, 6.3963813], [2.3300917, 6.3963949]]], [[[2.3300912, 6.3964225], [2.330093, 6.396417], [2.3300872, 6.3964184], [2.3300912, 6.3964225]]], [[[2.3299751, 6.3964078], [2.3299859, 6.3964174], [2.3299945, 6.3964156], [2.3299751, 6.3964078]]], [[[2.3299338, 6.3965141], [2.3299397, 6.396515], [2.329939, 6.3965111], [2.3299401, 6.3965127], [2.329946, 6.3965091], [2.3299424, 6.3965032], [2.3299356, 6.3965064], [2.3299384, 6.3965103], [2.3299338, 6.3965141]]], [[[2.3299446, 6.3965127], [2.3299397, 6.3965159], [2.3299442, 6.3965177], [2.3299446, 6.3965127]]], [[[2.3299329, 6.3964955], [2.3299284, 6.3965], [2.3299342, 6.3965086], [2.3299333, 6.3965014], [2.3299424, 6.3964951], [2.3299297, 6.3964901], [2.3299329, 6.3964955]]], [[[2.3299202, 6.39651], [2.3299234, 6.396514], [2.3299275, 6.3965032], [2.3299202, 6.39651]]], [[[2.3298778, 6.3964878], [2.3298805, 6.3964837], [2.3298764, 6.3964828], [2.3298778, 6.3964878]]], [[[2.3298796, 6.3964774], [2.3298755, 6.3964765], [2.3298764, 6.3964819], [2.3298796, 6.3964774]]], [[[2.3298732, 6.3964918], [2.3298769, 6.3964859], [2.3298646, 6.3964873], [2.3298732, 6.3964918]]], [[[2.3298665, 6.3964461], [2.3298742, 6.3964443], [2.3298688, 6.3964443], [2.3298688, 6.3964357], [2.3298665, 6.3964461]]], [[[2.3298215, 6.3964677], [2.3298213, 6.39647], [2.3298258, 6.3964664], [2.3298215, 6.3964677]]], [[[2.3298063, 6.3964904], [2.3298158, 6.3964737], [2.329824, 6.3964777], [2.3298149, 6.396461], [2.3298077, 6.3964718], [2.3298149, 6.3964737], [2.3298063, 6.3964904]]], [[[2.3298213, 6.3964235], [2.3298186, 6.3964067], [2.329811, 6.3964027], [2.3298073, 6.3964117], [2.3298159, 6.3964108], [2.3298118, 6.3964162], [2.3298213, 6.3964235]]], [[[2.329787, 6.3964003], [2.3297866, 6.396394], [2.3297789, 6.396394], [2.3297694, 6.3964008], [2.3297779, 6.396408], [2.3297863, 6.3964009], [2.3297911, 6.3964031], [2.3297902, 6.3963986], [2.329787, 6.3964003]]], [[[2.3297824, 6.3964347], [2.3297752, 6.3964442], [2.3297829, 6.3964406], [2.3297824, 6.3964347]]], [[[2.3297332, 6.3963836], [2.3297368, 6.3963899], [2.3297377, 6.396384], [2.3297332, 6.3963836]]], [[[2.3296899, 6.3963179], [2.3297012, 6.3963238], [2.3296962, 6.3963139], [2.3296899, 6.3963179]]], [[[2.3296763, 6.3960394], [2.3296708, 6.3960466], [2.3296794, 6.3960448], [2.3296763, 6.3960394]]], [[[2.329639, 6.3962952], [2.3296506, 6.3962885], [2.3296497, 6.3962767], [2.3296393, 6.3962767], [2.3296348, 6.3962876], [2.3296307, 6.3962867], [2.329639, 6.3962952]]], [[[2.3296392, 6.3962954], [2.329647, 6.3963034], [2.3296515, 6.3962899], [2.3296429, 6.396293], [2.3296438, 6.3962975], [2.3296392, 6.3962954]]], [[[2.3296054, 6.3962835], [2.3296135, 6.3962943], [2.3296194, 6.3962871], [2.3296054, 6.3962835]]], [[[2.329576, 6.396316], [2.3295764, 6.3963305], [2.3295832, 6.3963178], [2.329576, 6.396316]]], [[[2.329533, 6.3963503], [2.3295393, 6.3963462], [2.3295371, 6.3963408], [2.329533, 6.3963503]]], [[[2.3295329, 6.3960622], [2.329532, 6.3960677], [2.3295379, 6.396069], [2.3295329, 6.3960622]]], [[[2.3295288, 6.3960672], [2.3295293, 6.396074], [2.3295356, 6.3960726], [2.3295288, 6.3960672]]], [[[2.3295134, 6.3961043], [2.3295093, 6.3961088], [2.3295143, 6.3961106], [2.3295134, 6.3961043]]], [[[2.3294953, 6.3960866], [2.3294913, 6.3960712], [2.3294972, 6.3960663], [2.3294913, 6.3960631], [2.3294863, 6.3960798], [2.3294899, 6.3960771], [2.3294953, 6.3960866]]], [[[2.3294827, 6.3960699], [2.3294845, 6.3960843], [2.3294872, 6.3960735], [2.3294827, 6.3960699]]], [[[2.3294395, 6.3962624], [2.3294395, 6.396257], [2.3294246, 6.3962547], [2.3294101, 6.396257], [2.3294155, 6.3962629], [2.3294088, 6.3962633], [2.3294191, 6.3962796], [2.3294268, 6.3962742], [2.3294246, 6.3962846], [2.3294282, 6.3962778], [2.3294341, 6.3962787], [2.3294318, 6.3962719], [2.3294417, 6.3962787], [2.329444, 6.396271], [2.3294481, 6.3962778], [2.3294576, 6.3962774], [2.329449, 6.3962738], [2.3294517, 6.3962688], [2.3294594, 6.3962702], [2.3294476, 6.3962643], [2.3294508, 6.3962548], [2.3294395, 6.3962624]]], [[[2.3294574, 6.39604], [2.3294493, 6.3960386], [2.3294543, 6.3960459], [2.3294574, 6.39604]]], [[[2.329438, 6.3960329], [2.3294375, 6.3960332], [2.3294299, 6.39603], [2.329438, 6.3960395], [2.329438, 6.3960329]]], [[[2.3294382, 6.3960328], [2.3294449, 6.396037], [2.3294525, 6.3960332], [2.329448, 6.3960287], [2.3294457, 6.3960341], [2.3294452, 6.3960287], [2.3294382, 6.3960328]]], [[[2.3294344, 6.3960255], [2.3294376, 6.3960178], [2.3294312, 6.3960164], [2.3294344, 6.3960255]]], [[[2.329433, 6.3960657], [2.3294335, 6.3960504], [2.3294262, 6.3960607], [2.329433, 6.3960657]]], [[[2.3294281, 6.3960336], [2.3294222, 6.3960286], [2.3294244, 6.3960354], [2.3294281, 6.3960336]]], [[[2.3294118, 6.3960295], [2.3294222, 6.3960368], [2.329419, 6.3960187], [2.3294245, 6.3960187], [2.3294254, 6.3960105], [2.3294195, 6.3960114], [2.3294154, 6.3960042], [2.3294082, 6.3960101], [2.3293983, 6.3960046], [2.3293933, 6.3960064], [2.3293951, 6.3960114], [2.3293874, 6.396006], [2.3293928, 6.3960254], [2.3293856, 6.3960367], [2.3293892, 6.3960485], [2.3294027, 6.3960476], [2.3294023, 6.3960363], [2.329405, 6.3960444], [2.3294122, 6.3960467], [2.3294131, 6.3960404], [2.3294222, 6.3960472], [2.3294208, 6.3960562], [2.329424, 6.3960476], [2.3294276, 6.3960494], [2.3294118, 6.3960295]]], [[[2.3294207, 6.3961439], [2.3294198, 6.3961494], [2.3294243, 6.3961489], [2.3294207, 6.3961439]]], [[[2.32939, 6.3961303], [2.329385, 6.396143], [2.3293972, 6.3961416], [2.3293895, 6.3961376], [2.3293949, 6.3961335], [2.3294062, 6.3961376], [2.32939, 6.3961303]]], [[[2.3293931, 6.3961588], [2.3293994, 6.3961588], [2.3293981, 6.3961507], [2.3293863, 6.3961462], [2.3293931, 6.3961588]]], [[[2.3293877, 6.3961159], [2.329399, 6.396119], [2.329394, 6.3961118], [2.3293877, 6.3961159]]], [[[2.3293872, 6.396157], [2.3293881, 6.3961638], [2.3293958, 6.3961656], [2.3293872, 6.396157]]], [[[2.329394, 6.3961254], [2.3293873, 6.3961204], [2.3293872, 6.3961276], [2.329394, 6.3961254]]], [[[2.3293891, 6.3961113], [2.3293941, 6.3961068], [2.3293864, 6.3961041], [2.3293891, 6.3961113]]], [[[2.3293777, 6.3961936], [2.3293763, 6.3961995], [2.3293826, 6.3962009], [2.3293777, 6.3961936]]]]}}, {"type": "Feature", "properties": {"fid": 204.0, "DN": 3, "area_m2": 208.88, "dep_m2": 1.762499999729698, "categorie": "Vigueur moyenne", "cause_pro": "aucun stress", "recomm": "Appliquer dose normale d'entretien", "legende": "Vigueur moyenne : appliquer la dose normale d'entretien", "superf_ha": 0.0209}, "geometry": {"type": "Polygon", "coordinates": [[[2.3294613, 6.3958804], [2.3294735, 6.3958745], [2.3294699, 6.395865], [2.3294776, 6.3958551], [2.3294744, 6.3958465], [2.3294631, 6.3958419], [2.3294631, 6.3958166], [2.3294903, 6.3958193], [2.3295074, 6.3958316], [2.3295133, 6.3958298], [2.3295156, 6.3958171], [2.3295066, 6.3958004], [2.3294776, 6.3958098], [2.3294659, 6.3957899], [2.3294709, 6.3957727], [2.3294632, 6.395765], [2.3294633, 6.3957121], [2.3294755, 6.3957036], [2.3294715, 6.3956904], [2.329495, 6.3956706], [2.3294842, 6.395652], [2.3294833, 6.3956312], [2.3294715, 6.3956176], [2.3294489, 6.3956208], [2.3294453, 6.3956389], [2.3294503, 6.3956511], [2.3294412, 6.3956719], [2.3294371, 6.3956569], [2.329443, 6.3956411], [2.3294263, 6.3956171], [2.3294422, 6.3955991], [2.3294702, 6.3955887], [2.3294653, 6.3955837], [2.3293748, 6.3955836], [2.3293717, 6.3955895], [2.3293866, 6.3956053], [2.3293978, 6.3956316], [2.3293938, 6.3956347], [2.3293843, 6.3956275], [2.3293703, 6.3955999], [2.3293531, 6.3955845], [2.3293504, 6.3955894], [2.3293766, 6.3956302], [2.3293725, 6.3956428], [2.329396, 6.3956623], [2.3293969, 6.3956763], [2.3293919, 6.3956786], [2.3293955, 6.3956926], [2.3294312, 6.3957071], [2.3294244, 6.3957184], [2.3294452, 6.3957424], [2.3294379, 6.3957451], [2.3294384, 6.3957591], [2.3294474, 6.3957781], [2.3294293, 6.3957835], [2.3294306, 6.395798], [2.329422, 6.3958012], [2.3294279, 6.3958089], [2.3294247, 6.3958224], [2.329394, 6.3958242], [2.3293908, 6.3958378], [2.329398, 6.3958446], [2.3294401, 6.3958437], [2.3294418, 6.3958613], [2.3294613, 6.3958804]]]}}]}